# Blender v3.3.4 OBJ File: '17.blend'
# www.blender.org
mtllib 17.mtl
o Cube.015_Cube.016
v 0.329864 -1.627779 3.597560
v 0.138511 -1.783186 3.467440
v -0.182241 -1.607601 3.527814
v 0.074627 -1.403616 3.678854
v 0.293849 -1.821754 3.943853
v 0.082961 -2.023497 3.848533
v -0.140128 -1.830429 3.933478
v 0.070760 -1.628687 4.028798
v 0.288186 -1.997001 4.327287
v 0.077297 -2.198743 4.231967
v -0.145792 -2.005676 4.316912
v 0.065096 -1.803933 4.412232
v 0.282522 -2.172247 4.710721
v 0.071633 -2.373990 4.615401
v -0.151456 -2.180922 4.700346
v 0.059432 -1.979180 4.795667
v 0.276858 -2.347494 5.094156
v 0.065969 -2.549236 4.998836
v -0.157120 -2.356168 5.083781
v 0.053768 -2.154426 5.179101
v 0.271194 -2.522740 5.477591
v 0.060306 -2.724482 5.382270
v -0.162784 -2.531415 5.467215
v 0.048104 -2.329672 5.562535
v 0.291424 -2.656330 5.834351
v 0.057895 -2.865057 5.820091
v -0.200574 -2.667926 5.839746
v 0.040906 -2.446971 5.961687
v -0.148003 -2.529915 6.564143
v -0.283702 -2.774505 6.402301
v -0.384861 -2.614836 6.135100
v -0.133736 -2.396660 6.241586
v -0.466471 -2.310231 6.659844
v -0.677360 -2.511973 6.564524
v -0.673235 -2.384362 6.285314
v -0.462347 -2.182620 6.380634
v -0.772837 -2.045094 6.776498
v -0.983725 -2.246836 6.681178
v -0.979601 -2.119225 6.401968
v -0.768712 -1.917483 6.497288
v -1.079202 -1.779957 6.893151
v -1.290090 -1.981699 6.797832
v -1.285966 -1.854088 6.518621
v -1.075078 -1.652346 6.613942
v -1.385567 -1.514820 7.009805
v -1.596455 -1.716562 6.914485
v -1.592331 -1.588951 6.635275
v -1.381443 -1.387209 6.730596
v -1.691932 -1.249683 7.126459
v -1.902820 -1.451426 7.031139
v -1.898696 -1.323814 6.751929
v -1.687808 -1.122072 6.847249
v -1.949013 -0.971272 7.249907
v -2.230016 -1.090111 7.143393
v -2.185870 -1.056193 6.820866
v -1.957727 -0.818128 6.936101
v -2.363466 -0.796100 6.663303
v -2.126029 -0.571646 6.786784
v -2.382587 -0.342166 6.852526
v -2.565998 -0.594268 6.819182
v -2.390616 -0.603387 6.315500
v -2.179728 -0.401645 6.410820
v -2.402818 -0.208577 6.495766
v -2.613706 -0.410319 6.400445
v -2.384953 -0.428141 5.932066
v -2.174064 -0.226398 6.027386
v -2.397154 -0.033330 6.112331
v -2.608042 -0.235073 6.017011
v -2.379288 -0.252894 5.548632
v -2.168400 -0.051152 5.643952
v -2.391490 0.141916 5.728897
v -2.602378 -0.059827 5.633576
v -2.373624 -0.077648 5.165197
v -2.162736 0.124095 5.260518
v -2.385826 0.317162 5.345462
v -2.596714 0.115420 5.250142
v -2.367960 0.097598 4.781763
v -2.157072 0.299341 4.877083
v -2.380162 0.492409 4.962029
v -2.591050 0.290666 4.866708
v -2.330170 0.234110 4.409233
v -2.092309 0.471710 4.503951
v -2.344147 0.686384 4.615735
v -2.519991 0.500586 4.418278
v -1.917666 0.421398 4.224052
v -2.145884 0.181020 4.113877
v -2.156867 0.378507 3.855166
v -1.893070 0.542907 3.896279
v -1.646621 0.152288 4.058984
v -1.857509 -0.049454 3.963664
v -1.853385 0.078157 3.684454
v -1.642497 0.279899 3.779774
v -1.340256 -0.112849 3.942330
v -1.551144 -0.314591 3.847010
v -1.547020 -0.186980 3.567800
v -1.336131 0.014762 3.663121
v -1.033891 -0.377986 3.825677
v -1.244779 -0.579728 3.730356
v -1.240654 -0.452117 3.451147
v -1.029766 -0.250375 3.546467
v -0.727525 -0.643123 3.709023
v -0.938414 -0.844865 3.613703
v -0.934289 -0.717254 3.334493
v -0.723401 -0.515511 3.429813
v -0.421160 -0.908260 3.592369
v -0.632048 -1.110002 3.497049
v -0.627924 -0.982391 3.217839
v -0.417036 -0.780648 3.313159
v -0.093675 -1.157134 3.529536
v -0.356640 -1.364105 3.425531
v -0.272997 -1.264296 3.140315
v -0.098567 -1.000333 3.217458
v 2.206762 0.268023 4.217937
v 2.245046 0.491630 3.982019
v 1.955927 0.635376 3.995397
v 1.964124 0.498989 4.316854
v 1.935328 0.026359 4.054340
v 1.939452 0.153970 3.775130
v 1.716362 0.347038 3.860075
v 1.712238 0.219426 4.139285
v 1.645718 -0.250691 3.923438
v 1.649843 -0.123080 3.644228
v 1.426753 0.069988 3.729173
v 1.422629 -0.057623 4.008383
v 1.356109 -0.527740 3.792536
v 1.360233 -0.400129 3.513326
v 1.137143 -0.207061 3.598272
v 1.133019 -0.334673 3.877481
v 1.066499 -0.804790 3.661634
v 1.070624 -0.677179 3.382425
v 0.847534 -0.484111 3.467370
v 0.843410 -0.611722 3.746580
v 0.776890 -1.081839 3.530733
v 0.781014 -0.954228 3.251523
v 0.557925 -0.761160 3.336468
v 0.553801 -0.888772 3.615678
v 0.504254 -1.360651 3.448413
v 0.407910 -1.272440 3.152832
v 0.253419 -0.993298 3.225873
v 0.239892 -1.150466 3.537511
v -1.943934 0.830694 4.017764
v -1.927044 0.724860 4.362609
v -2.169757 0.953513 4.466588
v -2.197362 1.030416 4.200088
v -1.669908 1.166867 4.184753
v -1.674032 1.039256 4.463963
v -1.897121 1.232324 4.548908
v -1.892997 1.359935 4.269698
v -1.380298 1.443917 4.315655
v -1.384423 1.316306 4.594865
v -1.607512 1.509373 4.679810
v -1.603388 1.636985 4.400600
v -1.090689 1.720966 4.446557
v -1.094813 1.593355 4.725766
v -1.317903 1.786423 4.810711
v -1.313778 1.914034 4.531502
v -0.801079 1.998016 4.577458
v -0.805204 1.870405 4.856668
v -1.028293 2.063473 4.941613
v -1.024169 2.191084 4.662404
v -0.511470 2.275065 4.708360
v -0.515595 2.147454 4.987570
v -0.738684 2.340522 5.072515
v -0.734560 2.468133 4.793305
v -0.223859 2.501378 4.816044
v -0.202812 2.374315 5.141953
v -0.467249 2.582186 5.236112
v -0.390921 2.727499 4.954845
v 0.381880 2.599159 5.256412
v 0.130755 2.380982 5.149927
v 0.088470 2.549517 4.833364
v 0.344727 2.741713 5.019776
v 0.670254 2.368684 5.106199
v 0.459366 2.166942 5.010879
v 0.463490 2.294553 4.731669
v 0.674379 2.496295 4.826989
v 0.976619 2.103548 4.989545
v 0.765731 1.901805 4.894225
v 0.769856 2.029416 4.615015
v 0.980744 2.231159 4.710335
v 1.282985 1.838411 4.872891
v 1.072096 1.636668 4.777571
v 1.076221 1.764279 4.498362
v 1.287109 1.966022 4.593681
v 1.589350 1.573274 4.756238
v 1.378462 1.371531 4.660917
v 1.382586 1.499142 4.381708
v 1.593474 1.700885 4.477028
v 1.895715 1.308137 4.639584
v 1.684827 1.106394 4.544264
v 1.688951 1.234005 4.265054
v 1.899840 1.435748 4.360374
v 2.235695 0.999498 4.567857
v 1.954746 0.802451 4.455412
v 1.946031 0.955595 4.141605
v 2.171320 1.101225 4.217338
v 2.527798 -0.492451 6.940960
v 2.341166 -0.702061 6.775778
v 2.089327 -0.487387 6.887562
v 2.333082 -0.247907 6.965264
v 2.588069 -0.306344 6.524805
v 2.377181 -0.508086 6.429484
v 2.154091 -0.315018 6.514430
v 2.364979 -0.113276 6.609750
v 2.593733 -0.131097 6.141371
v 2.382844 -0.332840 6.046051
v 2.159755 -0.139772 6.130996
v 2.370643 0.061970 6.226315
v 2.599397 0.044149 5.757936
v 2.388509 -0.157593 5.662616
v 2.165419 0.035474 5.747561
v 2.376307 0.237217 5.842881
v 2.605061 0.219395 5.374502
v 2.394173 0.017653 5.279181
v 2.171083 0.210721 5.364127
v 2.381971 0.412463 5.459447
v 2.610725 0.394642 4.991067
v 2.399837 0.192899 4.895747
v 2.176747 0.385967 4.980692
v 2.387635 0.587710 5.076013
v 2.562722 0.588127 4.576685
v 2.374462 0.328148 4.521707
v 2.123048 0.555968 4.604729
v 2.365939 0.768722 4.740906
v 0.197593 2.652249 5.551767
v -0.043888 2.431294 5.429826
v -0.299549 2.642312 5.539882
v -0.052106 2.856376 5.531432
v 0.159803 2.515737 5.924298
v -0.051086 2.313994 5.828978
v -0.274175 2.507062 5.913922
v -0.063287 2.708805 6.009243
v 0.154139 2.340491 6.307732
v -0.056749 2.138748 6.212412
v -0.279839 2.331816 6.297357
v -0.068951 2.533559 6.392677
v 0.148475 2.165244 6.691166
v -0.062413 1.963502 6.595846
v -0.285503 2.156570 6.680791
v -0.074615 2.358312 6.776112
v 0.142811 1.989998 7.074601
v -0.068077 1.788256 6.979280
v -0.291167 1.981323 7.064226
v -0.080279 2.183066 7.159546
v 0.137147 1.814752 7.458035
v -0.073741 1.613009 7.362715
v -0.296831 1.806077 7.447660
v -0.085943 2.007819 7.542980
v 0.164297 1.622039 7.805838
v -0.077609 1.387939 7.712659
v -0.332845 1.612102 7.793953
v -0.093498 1.742942 7.967230
v 0.264822 1.240663 8.255640
v 0.112819 0.979513 8.171959
v 0.090694 1.141456 7.861976
v 0.341893 1.361946 7.963400
v 0.624943 0.966713 8.173674
v 0.414054 0.764971 8.078354
v 0.418179 0.892582 7.799143
v 0.629067 1.094324 7.894464
v 0.931308 0.701576 8.057020
v 0.720420 0.499834 7.961699
v 0.724544 0.627445 7.682490
v 0.935432 0.829187 7.777810
v 1.237673 0.436439 7.940366
v 1.026785 0.234697 7.845046
v 1.030909 0.362308 7.565836
v 1.241798 0.564051 7.661157
v 1.544038 0.171302 7.823712
v 1.333150 -0.030440 7.728393
v 1.337275 0.097171 7.449183
v 1.548163 0.298914 7.544503
v 1.850404 -0.093834 7.707059
v 1.639515 -0.295577 7.611738
v 1.643640 -0.167966 7.332529
v 1.854528 0.033777 7.427849
v 2.122027 -0.423939 7.554354
v 1.896595 -0.573988 7.488290
v 1.914685 -0.437075 7.167461
v 2.196079 -0.226241 7.249742
v 0.425992 -2.640112 6.120349
v 0.367973 -2.726571 6.476039
v 0.203984 -2.522880 6.572557
v 0.199831 -2.389992 6.249560
v 0.735703 -2.356199 6.318997
v 0.731578 -2.483810 6.598207
v 0.508489 -2.290743 6.683153
v 0.512613 -2.163131 6.403943
v 1.025312 -2.079150 6.449900
v 1.021188 -2.206761 6.729109
v 0.798098 -2.013693 6.814054
v 0.802223 -1.886082 6.534844
v 1.314922 -1.802100 6.580801
v 1.310797 -1.929712 6.860011
v 1.087708 -1.736644 6.944956
v 1.091832 -1.609033 6.665747
v 1.604531 -1.525051 6.711703
v 1.600407 -1.652662 6.990913
v 1.377317 -1.459594 7.075858
v 1.381442 -1.331983 6.796648
v 1.894140 -1.248001 6.842605
v 1.890016 -1.375612 7.121815
v 1.666926 -1.182545 7.206760
v 1.671051 -1.054934 6.927550
v 2.166776 -0.969190 6.924925
v 2.196784 -1.001627 7.249225
v 1.906492 -0.894207 7.342082
v 1.924063 -0.740537 7.028904
v -0.201881 1.008097 8.189670
v -0.242873 1.134789 7.854002
v -0.507236 1.344973 7.943100
v -0.471905 1.261385 8.206659
v -0.560906 0.745483 8.055045
v -0.556782 0.873094 7.775835
v -0.779871 1.066162 7.860780
v -0.783995 0.938551 8.139990
v -0.850515 0.468433 7.924143
v -0.846391 0.596045 7.644933
v -1.069480 0.789112 7.729878
v -1.073605 0.661501 8.009089
v -1.140125 0.191384 7.793242
v -1.136000 0.318995 7.514031
v -1.359090 0.512063 7.598977
v -1.363214 0.384452 7.878186
v -1.429734 -0.085666 7.662339
v -1.425610 0.041946 7.383130
v -1.648699 0.235013 7.468075
v -1.652824 0.107402 7.747285
v -1.719343 -0.362715 7.531438
v -1.715219 -0.235104 7.252228
v -1.938309 -0.042036 7.337173
v -1.942433 -0.169647 7.616383
v -1.958909 -0.651053 7.396116
v -1.967105 -0.514666 7.074658
v -2.260305 -0.315317 7.143202
v -2.193051 -0.510191 7.451192
v 0.282930 -2.421775 6.190335
v 0.353081 -2.476543 6.152329
v 0.407564 -2.547602 6.128124
v 0.374145 -2.652373 6.035769
v 0.341662 -2.659150 5.971086
v 0.313635 -2.662204 5.905831
v -0.706081 -2.511431 6.487861
v -0.714839 -2.485994 6.407046
v -0.703826 -2.441644 6.335168
v 0.268356 -2.586557 5.868535
v 0.214991 -2.522880 5.900691
v 0.139689 -2.472734 5.930683
v 0.094125 -2.437548 6.039142
v 0.132047 -2.426951 6.100852
v 0.163747 -2.412587 6.165254
v 0.278047 -2.725247 5.800620
v 0.233826 -2.786808 5.778047
v 0.164894 -2.835089 5.778894
v -0.061200 -2.845600 5.807389
v -0.140046 -2.799465 5.809550
v -0.187334 -2.737895 5.820822
v -0.599826 -2.578151 6.534841
v -0.516640 -2.643694 6.502042
v -0.420404 -2.708099 6.462213
v -0.178563 -2.596234 5.865088
v -0.127632 -2.529949 5.894645
v -0.055267 -2.476659 5.926291
v -0.231888 -2.675488 5.925028
v -0.273923 -2.668905 6.004097
v -0.325356 -2.648561 6.074829
v -0.341347 -2.549339 6.125982
v -0.281908 -2.485505 6.141902
v -0.212991 -2.431221 6.179073
v -0.514831 -2.373883 6.677512
v -0.572689 -2.435029 6.664536
v -0.630160 -2.484211 6.625383
v -0.092793 -2.417714 6.159120
v -0.057505 -2.430740 6.096321
v -0.016285 -2.439755 6.036502
v -0.040189 -2.398855 6.254406
v 0.032805 -2.398361 6.259908
v 0.105940 -2.395934 6.257900
v -0.120068 -2.397906 6.347393
v -0.118363 -2.426868 6.438147
v -0.127384 -2.472626 6.513553
v -0.060487 -2.553597 6.554612
v 0.029038 -2.560284 6.552878
v 0.118038 -2.550028 6.558880
v -0.231591 -2.489908 6.581193
v -0.311776 -2.437118 6.604136
v -0.389691 -2.375805 6.631008
v 0.183533 -2.466411 6.520986
v 0.176304 -2.420979 6.445191
v 0.181184 -2.391884 6.354595
v 0.237767 -2.585038 6.592031
v 0.280244 -2.645211 6.580342
v 0.325588 -2.695141 6.540631
v 0.402244 -2.733481 6.391177
v 0.425939 -2.718803 6.296545
v 0.436675 -2.687473 6.203788
v -2.019632 -0.523030 6.996612
v -2.056880 -0.532593 6.934323
v -2.089254 -0.547992 6.870500
v 0.043333 -2.438074 5.852763
v 0.045122 -2.410548 5.754884
v 0.046669 -2.372641 5.658473
v 0.154599 -2.845752 5.919517
v 0.249223 -2.800808 5.995457
v 0.341785 -2.735056 6.059807
v -0.021355 -2.865604 5.970288
v -0.101396 -2.850842 6.114833
v -0.187582 -2.823719 6.257488
v -0.367118 -2.760449 6.308171
v -0.401597 -2.724983 6.231575
v -0.406130 -2.674973 6.171840
v -0.180585 -2.646508 5.750191
v -0.169632 -2.614196 5.657569
v -0.164702 -2.574621 5.562903
v -0.255619 -2.720473 6.510140
v -0.218129 -2.659204 6.563907
v -0.179984 -2.593892 6.581478
v -2.171602 -0.315520 7.110186
v -2.093879 -0.358876 7.084051
v -2.024618 -0.424760 7.068973
v -0.100750 -2.792093 6.415852
v 0.068631 -2.785932 6.431432
v 0.227693 -2.763436 6.451651
v 0.055722 -2.842254 5.684351
v 0.057249 -2.808146 5.577840
v 0.058861 -2.767799 5.478610
v -2.167572 -0.475968 6.809212
v -2.229675 -0.407199 6.831539
v -2.303786 -0.360555 6.847921
v -2.360458 -0.347970 6.924037
v -2.332999 -0.344426 6.989508
v -2.302616 -0.335831 7.054991
v -2.162008 -0.653428 6.728467
v -2.219381 -0.719692 6.691113
v -2.288990 -0.769812 6.668669
v -2.435761 -0.792045 6.676949
v -2.499209 -0.757781 6.707841
v -2.546655 -0.694619 6.753768
v 0.270182 -2.565901 5.573032
v 0.271599 -2.605156 5.665973
v 0.277870 -2.636601 5.753913
v -2.561166 -0.475881 6.816888
v -2.521245 -0.402494 6.827086
v -2.458384 -0.357065 6.842562
v 0.128304 -2.345044 5.556695
v 0.199191 -2.388380 5.537935
v 0.250306 -2.450628 5.510240
v -2.235407 -0.450785 7.395507
v -2.261370 -0.393132 7.319783
v -2.270636 -0.344491 7.234643
v -2.366701 -0.391058 7.091109
v -2.447483 -0.467005 7.022273
v -2.513792 -0.536453 6.935552
v -2.135983 -0.564830 7.477916
v -2.071846 -0.609648 7.475940
v -2.009776 -0.639952 7.447821
v -1.926894 -0.639990 7.324567
v -1.915445 -0.610722 7.241660
v -1.925557 -0.568653 7.156773
v -0.219690 -1.160030 3.108526
v -0.171423 -1.083137 3.118902
v -0.129923 -1.028590 3.157064
v -1.963925 -0.604616 7.046036
v -1.961240 -0.672659 7.019175
v -1.959816 -0.737557 6.985336
v -2.012420 -0.756417 6.890051
v -2.051550 -0.705038 6.855587
v -2.086150 -0.648437 6.824638
v -2.010010 -0.876031 6.863319
v -2.070706 -0.937430 6.823017
v -2.132116 -0.999558 6.807847
v -2.244257 -0.987891 6.805483
v -2.294170 -0.920528 6.773340
v -2.334332 -0.855974 6.725569
v 0.049520 -2.285861 5.466677
v 0.050936 -2.242049 5.370818
v 0.052352 -2.198237 5.274960
v -2.224864 -1.100989 6.864354
v -2.246803 -1.128091 6.934168
v -2.250348 -1.130650 7.025243
v -0.146377 -2.458557 5.500756
v -0.099169 -2.394343 5.530802
v -0.031047 -2.348229 5.552885
v -2.338601 -0.962168 7.076525
v -2.425575 -0.839434 6.999804
v -2.501667 -0.719073 6.914709
v -2.250885 -0.931307 7.234552
v -2.248475 -0.780645 7.313709
v -2.228693 -0.637612 7.386961
v -1.984407 -0.730515 7.359421
v -1.991209 -0.811907 7.322121
v -1.979387 -0.892927 7.285266
v -1.918153 -0.922845 7.195418
v -1.907160 -0.878794 7.119262
v -1.917087 -0.842716 7.031639
v -0.161368 -2.487603 5.371356
v -0.159952 -2.443791 5.275498
v -0.158536 -2.399980 5.179639
v -2.138848 -1.090674 7.227212
v -2.063335 -1.062312 7.266500
v -1.998719 -1.019909 7.273993
v -0.019894 -2.709111 5.388111
v -0.090781 -2.665775 5.406870
v -0.141897 -2.603527 5.434565
v 0.229537 -1.289546 3.129982
v 0.060813 -1.291409 3.123435
v -0.104831 -1.282692 3.125415
v -0.011050 -1.024014 3.207927
v 0.078474 -1.030702 3.206193
v 0.167474 -1.020446 3.212195
v 0.288264 -1.020465 3.166998
v 0.330437 -1.074973 3.130390
v 0.373132 -1.154991 3.121014
v -0.079831 -1.001315 3.294364
v -0.073167 -1.028476 3.378502
v -0.077412 -1.078111 3.459719
v 0.000176 -1.149923 3.521778
v 0.073273 -1.146255 3.520335
v 0.146306 -1.147002 3.525271
v 0.061722 -2.680671 5.286411
v 0.063138 -2.636859 5.190553
v 0.064553 -2.593048 5.094694
v 0.223839 -1.072090 3.466921
v 0.221500 -1.022586 3.385546
v 0.231086 -0.995100 3.301797
v 0.322246 -1.216208 3.554227
v 0.394696 -1.276235 3.539205
v 0.457675 -1.326945 3.502826
v 0.527755 -1.371204 3.379473
v 0.524731 -1.359522 3.302767
v 0.491210 -1.327920 3.225774
v 2.504929 0.711116 4.542868
v 2.433151 0.818602 4.536933
v 2.347010 0.916093 4.547286
v 0.447974 -1.431244 3.461054
v 0.399313 -1.500577 3.490840
v 0.359525 -1.566730 3.536700
v 0.321321 -1.688334 3.557010
v 0.282129 -1.738474 3.518129
v 0.218967 -1.772118 3.486434
v 0.254786 -2.595598 5.444049
v 0.207579 -2.659811 5.414003
v 0.139457 -2.705925 5.391921
v 0.186077 -1.679480 3.374624
v 0.248645 -1.557997 3.287774
v 0.322465 -1.424579 3.212138
v 0.275442 -2.391305 5.190015
v 0.274026 -2.435117 5.285873
v 0.272610 -2.478929 5.381732
v -0.359686 -1.311613 3.205815
v -0.390271 -1.343801 3.277312
v -0.386614 -1.364170 3.353644
v -0.307294 -1.336433 3.483568
v -0.244707 -1.287297 3.523632
v -0.174226 -1.225917 3.542322
v -1.883163 0.750512 4.268590
v -1.872342 0.782635 4.177947
v -1.887583 0.813688 4.091883
v -0.054526 -1.233715 3.568562
v -0.020640 -1.290110 3.600655
v 0.019204 -1.341694 3.633975
v 0.129614 -1.339487 3.636614
v 0.168913 -1.286321 3.605186
v 0.202013 -1.228587 3.574695
v 0.172992 -1.444833 3.681876
v 0.248705 -1.499863 3.664064
v 0.303632 -1.562906 3.634571
v 0.133968 -2.169797 5.173260
v 0.204855 -2.213133 5.154501
v 0.255970 -2.275382 5.126806
v -0.228478 -1.529496 3.485935
v -0.267236 -1.474128 3.459154
v -0.308336 -1.420330 3.437482
v -0.236578 -1.381128 3.208389
v -0.215863 -1.473903 3.296161
v -0.201372 -1.550752 3.400642
v 0.048065 -1.767764 3.465073
v -0.042559 -1.730623 3.476906
v -0.122864 -1.677992 3.498854
v -0.022422 -1.448331 3.676565
v -0.097579 -1.503520 3.650669
v -0.154908 -1.560593 3.605282
v -2.114467 0.899057 4.482213
v -2.049970 0.839446 4.470053
v -1.985015 0.780559 4.432755
v 0.055184 -2.110614 5.083242
v 0.056600 -2.066803 4.987384
v 0.058016 -2.022991 4.891525
v -2.011620 0.898106 4.031673
v -2.082093 0.954262 4.071433
v -2.147375 1.000488 4.129169
v -2.223924 1.038672 4.278718
v -2.226929 1.026595 4.355992
v -2.208250 0.997204 4.421938
v -1.940374 0.737287 3.982341
v -1.932192 0.670956 3.953734
v -1.918790 0.607229 3.925236
v -1.935760 0.516919 3.836543
v -1.993160 0.474659 3.802276
v -2.063378 0.428261 3.801983
v -2.139839 0.514501 3.883904
v -2.094136 0.631089 3.916441
v -2.028715 0.736589 3.956713
v -0.140713 -2.283311 5.117322
v -0.093505 -2.219097 5.147368
v -0.025383 -2.172983 5.169451
v -2.263994 0.418787 3.980631
v -2.357554 0.453348 4.113182
v -2.444073 0.480959 4.255542
v -2.449315 0.647429 4.332217
v -2.368532 0.783344 4.269194
v -2.282744 0.913152 4.224404
v -2.514607 0.587862 4.505978
v -2.474809 0.645750 4.561793
v -2.415343 0.679837 4.598280
v -2.314487 0.747433 4.554875
v -2.274699 0.813586 4.509015
v -2.226038 0.882919 4.479229
v -0.155704 -2.312356 4.987922
v -0.154288 -2.268545 4.892064
v -0.152872 -2.224733 4.796205
v -2.268510 0.663097 4.613958
v -2.195961 0.615818 4.594913
v -2.134269 0.551934 4.560405
v -2.053765 0.550069 4.467973
v -2.020015 0.608036 4.438658
v -1.981366 0.660969 4.406053
v -0.014230 -2.533864 5.004677
v -0.085117 -2.490529 5.023436
v -0.136233 -2.428280 5.051131
v -1.923559 0.644316 4.313407
v -1.920772 0.579446 4.279602
v -1.919451 0.511375 4.252708
v -1.874330 0.476838 4.143856
v -1.861151 0.517673 4.058749
v -1.867855 0.541967 3.973300
v 0.067386 -2.505424 4.902977
v 0.068802 -2.461613 4.807118
v 0.070217 -2.417801 4.711260
v -2.205388 0.214745 4.174149
v -2.256821 0.235089 4.244881
v -2.298857 0.241671 4.323950
v -2.401998 0.248018 4.401116
v -2.463982 0.295423 4.401838
v -2.508027 0.374957 4.408768
v 0.260450 -2.420351 5.060615
v 0.213243 -2.484565 5.030569
v 0.145121 -2.530679 5.008486
v -2.195157 0.279624 3.914154
v -2.200505 0.218120 3.981522
v -2.182961 0.184742 4.050312
v -1.971061 0.329062 4.226607
v -2.032034 0.259088 4.205069
v -2.093100 0.207644 4.166522
v 2.265528 -0.678774 6.777555
v 2.192980 -0.631496 6.796601
v 2.131288 -0.567611 6.831108
v -2.255883 0.254540 4.427415
v -2.186310 0.303533 4.452327
v -2.128785 0.374499 4.479391
v 2.515625 -0.593432 6.874793
v 2.472987 -0.658395 6.826712
v 2.412507 -0.695136 6.792857
v -2.050661 0.449624 4.422111
v -2.014685 0.435591 4.359921
v -1.974153 0.427583 4.299492
v 0.281106 -2.216059 4.806581
v 0.279690 -2.259871 4.902439
v 0.278274 -2.303682 4.998298
v 2.125896 -0.390148 6.911856
v 2.184066 -0.318975 6.937059
v 2.255388 -0.269424 6.956918
v 2.409802 -0.259757 6.958947
v 2.475095 -0.302626 6.946535
v 2.518357 -0.374349 6.938325
v 2.047679 -0.465301 6.969402
v 2.011704 -0.451268 7.031591
v 1.971172 -0.443260 7.092021
v 1.968766 -0.344938 7.164444
v 2.034542 -0.276356 7.182750
v 2.109134 -0.229955 7.212525
v 0.139632 -1.994551 4.789826
v 0.210519 -2.037887 4.771067
v 0.261634 -2.100135 4.743371
v 2.243341 -0.244964 7.163672
v 2.277136 -0.252276 7.099723
v 2.307811 -0.254659 7.035642
v 2.203187 -0.255067 7.341599
v 2.191816 -0.304120 7.426247
v 2.164588 -0.362836 7.500699
v 0.060848 -1.935368 4.699808
v 0.062264 -1.891556 4.603950
v 0.063680 -1.847744 4.508091
v 2.467826 -0.436878 7.054648
v 2.394729 -0.370217 7.138037
v 2.307783 -0.297622 7.202863
v 2.165757 -0.549774 7.492020
v 2.194712 -0.691833 7.419933
v 2.206916 -0.842202 7.341125
v 2.303243 -0.869384 7.187498
v 2.388811 -0.743202 7.114902
v 2.464013 -0.619817 7.033424
v 2.224339 -1.041208 7.132220
v 2.225050 -1.038705 7.041078
v 2.205406 -1.012435 6.970269
v 2.223056 -0.898597 6.912284
v 2.271718 -0.829263 6.882498
v 2.311506 -0.763111 6.836638
v -0.135049 -2.108064 4.733888
v -0.087841 -2.043850 4.763934
v -0.019719 -1.997736 4.786016
v 2.111486 -0.914735 6.909300
v 2.046989 -0.855123 6.921460
v 1.982033 -0.796237 6.958757
v -0.150040 -2.137110 4.604488
v -0.148624 -2.093298 4.508629
v -0.147208 -2.049487 4.412771
v 1.978384 -0.676647 6.985459
v 2.017033 -0.623714 6.952856
v 2.050784 -0.565746 6.923540
v 1.920578 -0.659994 7.078106
v 1.917791 -0.595124 7.111911
v 1.916469 -0.527053 7.138805
v 1.871450 -0.492756 7.247548
v 1.858984 -0.535277 7.331896
v 1.867619 -0.564143 7.415283
v 1.944451 -0.560914 7.542356
v 2.003847 -0.528181 7.573378
v 2.065975 -0.480839 7.578373
v -0.175973 1.429156 7.709637
v -0.251686 1.484186 7.727448
v -0.306614 1.547228 7.756942
v 1.926970 -0.652333 7.452931
v 1.938792 -0.733353 7.416077
v 1.931990 -0.814745 7.378776
v 1.956894 -0.940843 7.368560
v 2.023436 -0.980623 7.364203
v 2.101812 -1.005910 7.328594
v -0.008566 -2.358618 4.621243
v -0.079453 -2.315282 4.640001
v -0.130569 -2.253034 4.667697
v 1.876360 -0.846999 7.286135
v 1.867268 -0.803349 7.209498
v 1.879920 -0.766819 7.122415
v 0.142475 1.556205 7.767678
v 0.091580 1.491047 7.735655
v 0.019063 1.433054 7.714299
v 0.073049 -2.330178 4.519543
v 0.074465 -2.286366 4.423684
v 0.075881 -2.242555 4.327826
v -0.323831 1.672462 7.835084
v -0.281338 1.721238 7.878034
v -0.208220 1.750290 7.921163
v 0.025806 1.754968 7.926758
v 0.103744 1.728935 7.887240
v 0.150828 1.681949 7.846432
v -0.362506 1.551052 7.854813
v -0.402294 1.484900 7.900672
v -0.450955 1.415567 7.930459
v -0.531366 1.355478 8.011595
v -0.532757 1.343455 8.085183
v -0.512554 1.311294 8.153620
v 0.266114 -2.245105 4.677180
v 0.218907 -2.309319 4.647134
v 0.150785 -2.355433 4.625052
v -0.379297 1.372395 8.179591
v -0.283481 1.493524 8.130983
v -0.189135 1.617701 8.062795
v 0.286770 -2.040812 4.423146
v 0.285354 -2.084624 4.519005
v 0.283938 -2.128436 4.614863
v 0.171564 1.373802 8.206474
v 0.081443 1.498204 8.143864
v -0.005876 1.621037 8.067696
v 0.329327 1.316859 8.186670
v 0.358148 1.358050 8.110365
v 0.361974 1.372933 8.033438
v 0.283506 1.430247 7.948018
v 0.233593 1.497611 7.915875
v 0.193431 1.562164 7.868104
v 0.145296 -1.819305 4.406392
v 0.216183 -1.862640 4.387632
v 0.267298 -1.924889 4.359937
v 0.299349 1.326459 7.906856
v 0.240255 1.273309 7.867559
v 0.171061 1.210451 7.849151
v 0.051545 1.218037 7.822951
v 0.017659 1.274433 7.790858
v -0.022185 1.326017 7.757539
v 0.066512 -1.760121 4.316374
v 0.067928 -1.716310 4.220515
v 0.069344 -1.672498 4.124657
v -0.132595 1.323810 7.754899
v -0.171894 1.270644 7.786326
v -0.204995 1.212910 7.816818
v -0.325227 1.200531 7.837286
v -0.397677 1.260558 7.852307
v -0.460656 1.311268 7.888687
v -0.129385 -1.932818 4.350453
v -0.082177 -1.868604 4.380499
v -0.014055 -1.822490 4.402582
v -0.226056 1.056606 7.924909
v -0.218360 1.008458 8.008501
v -0.212987 0.985945 8.098323
v 2.442610 0.755334 4.737954
v 2.508054 0.717166 4.715260
v 2.551901 0.663534 4.667463
v -0.272871 1.060698 8.228562
v -0.344124 1.127196 8.242768
v -0.413241 1.197281 8.236206
v -0.102076 1.012047 8.185734
v -0.029496 1.008485 8.183590
v 0.040953 0.999645 8.180161
v 0.158198 1.003174 8.230672
v 0.207383 1.052544 8.268066
v 0.245971 1.126315 8.280403
v 0.129938 1.206666 8.271778
v 0.012865 1.151842 8.266416
v -0.096080 1.084009 8.242717
v 0.084120 0.983468 8.096265
v 0.072340 1.012156 8.012749
v 0.074700 1.062353 7.931761
v 2.281046 0.921648 4.611156
v 2.313348 0.868140 4.648284
v 2.342473 0.817792 4.689149
v -0.003157 1.134245 7.869736
v -0.076254 1.130578 7.871178
v -0.149287 1.131324 7.866241
v -0.144376 -1.961864 4.221054
v -0.142960 -1.918052 4.125195
v -0.141544 -1.874241 4.029336
v -0.002902 -2.183371 4.237808
v -0.073789 -2.140036 4.256567
v -0.124905 -2.077787 4.284263
v 2.211873 1.100176 4.299667
v 2.236615 1.082015 4.393423
v 2.245367 1.049998 4.486154
v 2.502642 0.575385 4.418355
v 2.430836 0.557069 4.269944
v 2.348481 0.530325 4.124973
v 2.255639 0.665333 4.042679
v 2.243686 0.823461 4.104511
v 2.214916 0.971256 4.164048
v 2.152096 0.549890 3.924545
v 2.074335 0.594237 3.918453
v 2.007479 0.624308 3.944052
v 1.981425 0.714837 4.032092
v 1.988228 0.796230 4.069392
v 1.976406 0.877249 4.106247
v 0.078713 -2.154932 4.136108
v 0.080129 -2.111120 4.040250
v 0.081545 -2.067308 3.944391
v 1.995045 1.004490 4.117294
v 2.054811 1.048703 4.123199
v 2.116510 1.082769 4.157239
v 1.915171 0.907168 4.196094
v 1.904179 0.863116 4.272251
v 1.914106 0.827038 4.359874
v 2.007705 0.859867 4.528362
v 2.073138 0.917858 4.569844
v 2.147914 0.969903 4.587269
v -0.385562 -2.248122 6.351209
v -0.307614 -2.308931 6.320213
v -0.226848 -2.360239 6.285780
v 2.009439 0.740739 4.501462
v 2.048569 0.689361 4.535926
v 2.083169 0.632760 4.566875
v 2.159112 0.637567 4.663244
v 2.217081 0.702552 4.701986
v 2.288310 0.749199 4.728199
v 0.271778 -2.069858 4.293746
v 0.224571 -2.134072 4.263700
v 0.156449 -2.180186 4.241618
v 2.164510 0.460316 4.582031
v 2.226051 0.391729 4.557814
v 2.298635 0.345577 4.536302
v 0.116305 2.382555 5.044041
v 0.109132 2.413805 4.952733
v 0.102822 2.466634 4.876753
v 2.446117 0.344796 4.517514
v 2.506993 0.393761 4.524623
v 2.550064 0.472151 4.543326
v 2.346982 0.334534 4.435019
v 2.309067 0.326354 4.354039
v 2.261925 0.304039 4.280950
v 2.246970 0.273569 4.156528
v 2.268630 0.309688 4.090830
v 2.270175 0.376961 4.029304
v 0.292434 -1.865566 4.039712
v 0.291018 -1.909378 4.135570
v 0.289602 -1.953189 4.231429
v 2.150502 0.292467 4.267975
v 2.085660 0.341395 4.303512
v 2.020982 0.408857 4.322046
v 1.922575 0.552975 4.234740
v 1.912464 0.595044 4.149853
v 1.923913 0.624312 4.066946
v 0.338366 2.533661 5.265531
v 0.278927 2.469827 5.249610
v 0.210010 2.415544 5.212440
v 1.960943 0.588938 4.345477
v 1.958259 0.656982 4.372338
v 1.956835 0.721879 4.406176
v 0.150960 -1.644058 4.022957
v 0.221846 -1.687394 4.004198
v 0.272962 -1.749643 3.976503
v 2.016651 0.507353 4.394901
v 2.053898 0.516916 4.457190
v 2.086273 0.532314 4.521013
v 0.072150 -1.584263 3.933525
v 0.073382 -1.536169 3.841765
v 0.074292 -1.480166 3.756888
v 0.155752 2.616896 4.849252
v 0.223163 2.674731 4.891815
v 0.288742 2.719122 4.950645
v 0.383999 2.736368 5.093163
v 0.404123 2.706750 5.162761
v 0.403837 2.658975 5.220026
v -0.011288 2.544028 4.836596
v -0.083520 2.536371 4.833619
v -0.153327 2.524403 4.827548
v -0.271746 2.558856 4.794378
v -0.324248 2.616849 4.806004
v -0.366834 2.672414 4.852720
v -0.254889 2.724355 4.921748
v -0.135074 2.690453 4.886600
v -0.022282 2.633786 4.853453
v -0.123721 -1.757571 3.967019
v -0.076513 -1.693357 3.997065
v -0.008391 -1.647244 4.019147
v -0.303467 2.782173 5.089763
v -0.218385 2.820824 5.226821
v -0.135704 2.848068 5.371513
v 0.047550 2.851552 5.376481
v 0.146503 2.826688 5.240243
v 0.247224 2.789107 5.119170
v 0.063134 2.832259 5.569843
v 0.138628 2.784441 5.577873
v 0.184548 2.722300 5.570180
v 0.228906 2.659810 5.466485
v 0.270942 2.653228 5.387416
v 0.322375 2.632883 5.316684
v -0.139309 -1.786004 3.837461
v -0.142070 -1.737899 3.740499
v -0.152634 -1.682050 3.641012
v 0.175582 2.580556 5.526424
v 0.124651 2.514271 5.496868
v 0.052286 2.460981 5.465223
v 0.013304 2.424078 5.355011
v 0.054524 2.415062 5.295192
v 0.089812 2.402037 5.232392
v 0.002762 -2.008125 3.854374
v -0.068125 -1.964790 3.873133
v -0.119241 -1.902541 3.900828
v 0.037208 2.383177 5.137107
v -0.035786 2.382683 5.131605
v -0.108921 2.380256 5.133613
v -0.184429 2.376116 5.036872
v -0.181397 2.404573 4.945958
v -0.193642 2.448277 4.869298
v 0.085157 -1.978668 3.752711
v 0.092029 -1.927741 3.657108
v 0.108255 -1.864613 3.561945
v -0.286279 2.405624 5.200575
v -0.359006 2.457076 5.234360
v -0.421640 2.518470 5.247362
v -0.624876 -2.320709 6.267646
v -0.567018 -2.259563 6.280622
v -0.509546 -2.210381 6.319775
v -0.489494 2.641223 5.198047
v -0.486709 2.689774 5.136492
v -0.457609 2.721935 5.056064
v -0.412086 2.618203 5.299125
v -0.364945 2.640517 5.372214
v -0.327030 2.648698 5.453195
v -0.290110 2.712812 5.558832
v -0.246454 2.776744 5.568667
v -0.170892 2.827581 5.564248
v 0.277442 -1.894612 3.910312
v 0.230235 -1.958826 3.880266
v 0.162113 -2.004940 3.858183
v -0.273507 2.571580 5.515688
v -0.218615 2.507410 5.488662
v -0.142751 2.457083 5.460560
v -0.596925 -2.450104 6.255626
v -0.522302 -2.512598 6.222792
v -0.451051 -2.568591 6.183666
v -0.097106 2.421871 5.352372
v -0.135029 2.411273 5.290660
v -0.166728 2.396909 5.226260
v 0.310902 -1.682418 3.671946
v 0.300475 -1.731790 3.756779
v 0.295740 -1.777650 3.848575
v -0.433625 -2.183161 6.457297
v -0.424868 -2.208598 6.538112
v -0.435881 -2.252949 6.609990
v -0.543063 -2.243946 6.689008
v -0.619654 -2.177662 6.718171
v -0.696245 -2.111378 6.747334
v -0.821196 -2.108746 6.794166
v -0.879054 -2.169892 6.781189
v -0.936525 -2.219074 6.742037
v -0.907134 -2.313120 6.652014
v -0.830542 -2.379405 6.622850
v -0.753951 -2.445689 6.593687
v -1.012447 -2.246294 6.604515
v -1.021204 -2.220857 6.523700
v -1.010191 -2.176507 6.451822
v -0.903009 -2.185509 6.372804
v -0.826418 -2.251793 6.343641
v -0.749826 -2.318077 6.314477
v -0.931241 -2.055572 6.384300
v -0.873383 -1.994426 6.397276
v -0.815912 -1.945244 6.436428
v -0.692121 -1.983767 6.468124
v -0.615530 -2.050051 6.438961
v -0.538938 -2.116335 6.409798
v -0.739991 -1.918024 6.573951
v -0.731233 -1.943461 6.654766
v -0.742246 -1.987812 6.726644
v -0.849428 -1.978809 6.805661
v -0.926019 -1.912525 6.834825
v -1.002611 -1.846241 6.863988
v -1.127561 -1.843609 6.910820
v -1.185419 -1.904755 6.897843
v -1.242891 -1.953937 6.858691
v -1.213499 -2.047983 6.768668
v -1.136907 -2.114268 6.739504
v -1.060316 -2.180552 6.710341
v -1.318812 -1.981157 6.721169
v -1.327569 -1.955720 6.640354
v -1.316556 -1.911370 6.568475
v -1.209374 -1.920372 6.489458
v -1.132783 -1.986656 6.460295
v -1.056192 -2.052941 6.431131
v -1.237606 -1.790435 6.500953
v -1.179748 -1.729290 6.513930
v -1.122277 -1.680107 6.553082
v -0.998486 -1.718630 6.584778
v -0.921895 -1.784914 6.555615
v -0.845303 -1.851198 6.526451
v -1.046356 -1.652887 6.690605
v -1.037598 -1.678324 6.771419
v -1.048611 -1.722675 6.843297
v -1.155793 -1.713673 6.922315
v -1.232385 -1.647388 6.951478
v -1.308976 -1.581104 6.980642
v -1.433926 -1.578472 7.027473
v -1.491785 -1.639618 7.014497
v -1.549256 -1.688800 6.975345
v -1.519864 -1.782846 6.885322
v -1.443273 -1.849131 6.856158
v -1.366682 -1.915415 6.826995
v -1.625177 -1.716020 6.837822
v -1.633935 -1.690583 6.757008
v -1.622922 -1.646233 6.685129
v -1.515740 -1.655235 6.606112
v -1.439148 -1.721519 6.576948
v -1.362557 -1.787804 6.547785
v -1.543972 -1.525298 6.617607
v -1.486114 -1.464153 6.630583
v -1.428642 -1.414971 6.669735
v -1.304851 -1.453493 6.701432
v -1.228260 -1.519777 6.672269
v -1.151669 -1.586061 6.643105
v -1.352721 -1.387750 6.807258
v -1.343963 -1.413188 6.888073
v -1.354977 -1.457538 6.959951
v -1.462158 -1.448536 7.038969
v -1.538750 -1.382252 7.068132
v -1.615341 -1.315967 7.097296
v -1.740292 -1.313336 7.144127
v -1.798150 -1.374481 7.131151
v -1.855621 -1.423663 7.091999
v -1.826229 -1.517709 7.001975
v -1.749638 -1.583994 6.972812
v -1.673047 -1.650278 6.943648
v -1.931543 -1.450884 6.954476
v -1.940300 -1.425447 6.873661
v -1.929287 -1.381096 6.801783
v -1.822105 -1.390098 6.722765
v -1.745514 -1.456383 6.693602
v -1.668922 -1.522667 6.664439
v -1.850337 -1.260162 6.734261
v -1.792479 -1.199016 6.747237
v -1.735007 -1.149834 6.786389
v -1.611217 -1.188356 6.818086
v -1.534625 -1.254640 6.788922
v -1.458034 -1.320924 6.759759
v -1.659086 -1.122614 6.923912
v -1.650329 -1.148051 7.004726
v -1.661342 -1.192401 7.076605
v -1.767754 -1.183192 7.155729
v -1.838954 -1.115455 7.185636
v -1.900914 -1.045230 7.216816
v -2.137584 -1.222005 7.116058
v -2.057322 -1.310346 7.088683
v -1.979577 -1.384077 7.060205
v -2.120374 -1.123913 6.819289
v -2.049480 -1.190935 6.804291
v -1.974988 -1.257491 6.780347
v -1.901459 -0.910985 6.923417
v -1.836201 -0.986049 6.902248
v -1.763801 -1.055356 6.875997
v -2.381021 -0.742190 6.588044
v -2.389347 -0.693194 6.502763
v -2.391520 -0.647472 6.410802
v -2.311465 -0.584830 6.325150
v -2.243343 -0.538716 6.347233
v -2.196135 -0.474502 6.377279
v -2.180341 -0.445325 6.506445
v -2.176132 -0.488214 6.600664
v -2.161830 -0.529665 6.692416
v -2.200615 -0.329533 6.443470
v -2.251731 -0.267284 6.471166
v -2.322618 -0.223949 6.489924
v -2.403829 -0.251738 6.591208
v -2.402413 -0.290993 6.684148
v -2.396142 -0.322438 6.772088
v -2.481969 -0.227134 6.486115
v -2.550091 -0.273248 6.464033
v -2.597298 -0.337462 6.433987
v -2.614474 -0.454221 6.496528
v -2.611357 -0.498661 6.593957
v -2.599616 -0.544252 6.695416
v -2.592818 -0.482431 6.367795
v -2.541703 -0.544680 6.340100
v -2.470816 -0.588015 6.321341
v -2.389200 -0.559575 6.219642
v -2.387784 -0.515764 6.123783
v -2.386368 -0.471952 6.027925
v -2.305801 -0.409584 5.941716
v -2.237679 -0.363470 5.963799
v -2.190471 -0.299256 5.993845
v -2.175480 -0.270210 6.123245
v -2.176896 -0.314022 6.219103
v -2.178312 -0.357833 6.314962
v -2.194952 -0.154286 6.060036
v -2.246068 -0.092038 6.087731
v -2.316954 -0.048702 6.106490
v -2.398570 -0.077142 6.208190
v -2.399986 -0.120954 6.304049
v -2.401402 -0.164765 6.399907
v -2.476305 -0.051887 6.102681
v -2.544427 -0.098001 6.080598
v -2.591635 -0.162215 6.050552
v -2.609458 -0.278885 6.112870
v -2.610874 -0.322696 6.208728
v -2.612290 -0.366508 6.304586
v -2.587154 -0.307185 5.984361
v -2.536039 -0.369433 5.956666
v -2.465152 -0.412769 5.937907
v -2.383536 -0.384329 5.836207
v -2.382120 -0.340517 5.740349
v -2.380704 -0.296706 5.644490
v -2.300137 -0.234337 5.558282
v -2.232015 -0.188223 5.580364
v -2.184807 -0.124009 5.610410
v -2.169816 -0.094963 5.739810
v -2.171232 -0.138775 5.835669
v -2.172648 -0.182587 5.931528
v -2.189288 0.020960 5.676601
v -2.240403 0.083209 5.704297
v -2.311290 0.126544 5.723056
v -2.392906 0.098104 5.824756
v -2.394322 0.054293 5.920614
v -2.395738 0.010481 6.016473
v -2.470641 0.123359 5.719246
v -2.538763 0.077245 5.697164
v -2.585970 0.013031 5.667118
v -2.603794 -0.103638 5.729435
v -2.605210 -0.147450 5.825294
v -2.606626 -0.191261 5.921152
v -2.581491 -0.131938 5.600927
v -2.530375 -0.194187 5.573232
v -2.459488 -0.237522 5.554472
v -2.377872 -0.209083 5.452773
v -2.376456 -0.165271 5.356915
v -2.375041 -0.121459 5.261055
v -2.294473 -0.059091 5.174848
v -2.226351 -0.012977 5.196930
v -2.179143 0.051237 5.226976
v -2.164152 0.080283 5.356376
v -2.165568 0.036471 5.452234
v -2.166984 -0.007340 5.548093
v -2.183624 0.196206 5.293167
v -2.234739 0.258455 5.320863
v -2.305626 0.301790 5.339622
v -2.387242 0.273351 5.441321
v -2.388658 0.229539 5.537179
v -2.390074 0.185728 5.633039
v -2.464977 0.298605 5.335812
v -2.533099 0.252491 5.313730
v -2.580307 0.188277 5.283684
v -2.598130 0.071608 5.346001
v -2.599546 0.027797 5.441859
v -2.600962 -0.016015 5.537718
v -2.575826 0.043308 5.217493
v -2.524711 -0.018941 5.189797
v -2.453824 -0.062276 5.171038
v -2.372208 -0.033836 5.069339
v -2.370792 0.009975 4.973480
v -2.369376 0.053787 4.877622
v -2.288809 0.116155 4.791413
v -2.220687 0.162269 4.813496
v -2.173480 0.226483 4.843542
v -2.158488 0.255529 4.972942
v -2.159904 0.211718 5.068800
v -2.161320 0.167906 5.164659
v -2.177960 0.371453 4.909733
v -2.229076 0.433701 4.937428
v -2.299962 0.477037 4.956187
v -2.381578 0.448597 5.057887
v -2.382994 0.404785 5.153745
v -2.384410 0.360974 5.249604
v -2.459313 0.473852 4.952378
v -2.527435 0.427738 4.930295
v -2.574643 0.363524 4.900249
v -2.592466 0.246855 4.962566
v -2.593882 0.203043 5.058425
v -2.595298 0.159232 5.154284
v -2.570163 0.218554 4.834058
v -2.519047 0.156306 4.806363
v -2.448161 0.112970 4.787604
v -2.366043 0.140805 4.686075
v -2.361113 0.180380 4.591409
v -2.350159 0.212692 4.498787
v -2.130871 0.428243 4.596541
v -2.147872 0.386166 4.687545
v -2.154860 0.343053 4.781497
v -2.363110 0.631745 4.690122
v -2.373536 0.582373 4.774954
v -2.378272 0.536513 4.866750
v -2.564728 0.432306 4.559781
v -2.582009 0.381082 4.669658
v -2.588858 0.334827 4.770183
v -1.722629 0.218534 4.088761
v -1.795136 0.284548 4.122216
v -1.860691 0.350408 4.163524
v -2.079693 0.134775 4.065312
v -2.008443 0.078781 4.026186
v -1.933819 0.016288 3.993352
v -1.810310 -0.021692 4.024524
v -1.752838 0.027490 4.063676
v -1.694980 0.088636 4.076653
v -2.079692 0.285103 3.789824
v -2.005466 0.212744 3.747810
v -1.929838 0.144693 3.714246
v -1.883975 0.020875 3.734308
v -1.894989 -0.023475 3.806187
v -1.886231 -0.048912 3.887001
v -1.848733 0.477854 3.867202
v -1.788705 0.412202 3.838083
v -1.718216 0.346150 3.808936
v -1.689696 0.252137 3.718915
v -1.747167 0.202955 3.679763
v -1.805025 0.141809 3.666786
v -1.616030 0.209570 4.009130
v -1.605017 0.253920 3.937252
v -1.613775 0.279357 3.856437
v -1.416847 -0.046565 3.971494
v -1.493438 0.019720 4.000658
v -1.570029 0.086004 4.029821
v -1.780918 -0.115739 3.934500
v -1.704327 -0.182023 3.905337
v -1.627735 -0.248307 3.876174
v -1.503945 -0.286829 3.907870
v -1.446473 -0.237647 3.947022
v -1.388615 -0.176501 3.959999
v -1.776793 0.011873 3.655291
v -1.700202 -0.054412 3.626127
v -1.623611 -0.120696 3.596964
v -1.577610 -0.244262 3.617655
v -1.588623 -0.288612 3.689533
v -1.579866 -0.314049 3.770348
v -1.565905 0.213615 3.750611
v -1.489314 0.147331 3.721448
v -1.412723 0.081047 3.692284
v -1.383331 -0.012999 3.602261
v -1.440802 -0.062182 3.563109
v -1.498660 -0.123327 3.550133
v -1.309665 -0.055567 3.892477
v -1.298652 -0.011216 3.820598
v -1.307410 0.014221 3.739784
v -1.110482 -0.311701 3.854840
v -1.187073 -0.245417 3.884004
v -1.263664 -0.179133 3.913167
v -1.474553 -0.380875 3.817847
v -1.397961 -0.447160 3.788683
v -1.321370 -0.513444 3.759520
v -1.197579 -0.551966 3.791216
v -1.140108 -0.502784 3.830369
v -1.082250 -0.441638 3.843345
v -1.470428 -0.253264 3.538637
v -1.393837 -0.319548 3.509474
v -1.317246 -0.385833 3.480310
v -1.271245 -0.509399 3.501001
v -1.282258 -0.553749 3.572879
v -1.273500 -0.579186 3.653694
v -1.259540 -0.051522 3.633958
v -1.182949 -0.117806 3.604794
v -1.106357 -0.184090 3.575630
v -1.076965 -0.278136 3.485607
v -1.134437 -0.327319 3.446455
v -1.192295 -0.388464 3.433479
v -1.003300 -0.320704 3.775823
v -0.992287 -0.276353 3.703945
v -1.001044 -0.250916 3.623130
v -0.804116 -0.576838 3.738187
v -0.880708 -0.510554 3.767350
v -0.957299 -0.444270 3.796514
v -1.168187 -0.646012 3.701193
v -1.091596 -0.712297 3.672029
v -1.015005 -0.778581 3.642866
v -0.891214 -0.817103 3.674563
v -0.833743 -0.767921 3.713715
v -0.775884 -0.706775 3.726691
v -1.164063 -0.518401 3.421983
v -1.087472 -0.584685 3.392820
v -1.010880 -0.650970 3.363656
v -0.964880 -0.774536 3.384347
v -0.975893 -0.818886 3.456225
v -0.967135 -0.844323 3.537040
v -0.953175 -0.316659 3.517304
v -0.876583 -0.382943 3.488140
v -0.799992 -0.449227 3.458977
v -0.770600 -0.543273 3.368953
v -0.828072 -0.592456 3.329801
v -0.885930 -0.653601 3.316825
v -0.696935 -0.585841 3.659169
v -0.685921 -0.541490 3.587291
v -0.694679 -0.516053 3.506476
v -0.497751 -0.841975 3.621533
v -0.574343 -0.775691 3.650696
v -0.650934 -0.709407 3.679860
v -0.861822 -0.911149 3.584539
v -0.785231 -0.977434 3.555376
v -0.708640 -1.043718 3.526212
v -0.584849 -1.082240 3.557909
v -0.527377 -1.033058 3.597061
v -0.469519 -0.971912 3.610037
v -0.857698 -0.783538 3.305330
v -0.781106 -0.849822 3.276166
v -0.704515 -0.916106 3.247003
v -0.658515 -1.039673 3.267693
v -0.669528 -1.084023 3.339571
v -0.660770 -1.109460 3.420386
v -0.646809 -0.581796 3.400650
v -0.570218 -0.648080 3.371486
v -0.493627 -0.714364 3.342323
v -0.464235 -0.808410 3.252299
v -0.521707 -0.857592 3.213147
v -0.579565 -0.918738 3.200171
v -0.390569 -0.850978 3.542515
v -0.379556 -0.806627 3.470637
v -0.388314 -0.781190 3.389822
v -0.186080 -1.098846 3.525888
v -0.266548 -1.038334 3.540180
v -0.344390 -0.974232 3.563973
v -0.555941 -1.176114 3.468591
v -0.482735 -1.241191 3.444364
v -0.415334 -1.304200 3.428601
v -0.550850 -1.048705 3.189170
v -0.470883 -1.115199 3.163466
v -0.384040 -1.183035 3.144309
v -0.340255 -0.846222 3.284323
v -0.262340 -0.907535 3.257452
v -0.182156 -0.960326 3.234509
v 2.144867 0.219218 4.166309
v 2.077860 0.160460 4.123878
v 2.007446 0.095068 4.087576
v 1.967634 0.028120 3.979136
v 1.979219 0.053964 3.898808
v 1.969889 0.097908 3.826443
v 2.011966 0.223862 3.808727
v 2.085156 0.297534 3.847551
v 2.160138 0.380052 3.898188
v 1.889488 0.215657 3.755111
v 1.828680 0.274431 3.765251
v 1.767486 0.321241 3.801566
v 1.787983 0.416476 3.892870
v 1.854911 0.486973 3.926079
v 1.912457 0.559587 3.960116
v 1.684056 0.345276 3.935279
v 1.672471 0.319432 4.015607
v 1.681800 0.275489 4.087972
v 1.784030 0.288627 4.172595
v 1.852162 0.357452 4.209413
v 1.912986 0.425838 4.253742
v 1.762202 0.157739 4.159304
v 1.823009 0.098965 4.149164
v 1.884204 0.052155 4.112849
v 1.862925 -0.042904 4.021615
v 1.790523 -0.112166 3.988889
v 1.718120 -0.181428 3.956164
v 1.678025 -0.248929 3.848234
v 1.689610 -0.223085 3.767906
v 1.680280 -0.179142 3.695541
v 1.722245 -0.053817 3.676954
v 1.794647 0.015445 3.709679
v 1.867049 0.084707 3.742405
v 1.599879 -0.061392 3.624210
v 1.539071 -0.002619 3.634349
v 1.477877 0.044192 3.670664
v 1.499155 0.139251 3.761899
v 1.571558 0.208513 3.794624
v 1.643960 0.277775 3.827350
v 1.394446 0.068226 3.804377
v 1.382861 0.042383 3.884706
v 1.392191 -0.001561 3.957070
v 1.495031 0.011639 4.041109
v 1.567433 0.080902 4.073834
v 1.639836 0.150164 4.106560
v 1.472592 -0.119310 4.028402
v 1.533400 -0.178084 4.018263
v 1.594594 -0.224894 3.981947
v 1.573316 -0.319953 3.890713
v 1.500913 -0.389216 3.857987
v 1.428511 -0.458478 3.825262
v 1.388415 -0.525979 3.717333
v 1.400000 -0.500135 3.637004
v 1.390671 -0.456191 3.564640
v 1.432635 -0.330867 3.546052
v 1.505038 -0.261604 3.578778
v 1.577440 -0.192342 3.611503
v 1.310269 -0.338442 3.493308
v 1.249462 -0.279668 3.503447
v 1.188267 -0.232858 3.539762
v 1.209546 -0.137799 3.630997
v 1.281948 -0.068537 3.663723
v 1.354351 0.000726 3.696448
v 1.104837 -0.208823 3.673476
v 1.093252 -0.234667 3.753804
v 1.102582 -0.278611 3.826169
v 1.205421 -0.265410 3.910207
v 1.277824 -0.196148 3.942932
v 1.350226 -0.126885 3.975658
v 1.182983 -0.396360 3.897500
v 1.243791 -0.455134 3.887361
v 1.304985 -0.501944 3.851046
v 1.283706 -0.597003 3.759811
v 1.211304 -0.666265 3.727086
v 1.138902 -0.735528 3.694360
v 1.098806 -0.803028 3.586431
v 1.110391 -0.777185 3.506103
v 1.101061 -0.733241 3.433738
v 1.143026 -0.607916 3.415150
v 1.215428 -0.538654 3.447876
v 1.287831 -0.469392 3.480601
v 1.020660 -0.615492 3.362406
v 0.959852 -0.556718 3.372545
v 0.898658 -0.509907 3.408861
v 0.919936 -0.414849 3.500096
v 0.992339 -0.345586 3.532821
v 1.064741 -0.276324 3.565546
v 0.815228 -0.485873 3.542574
v 0.803643 -0.511716 3.622902
v 0.812972 -0.555660 3.695267
v 0.915812 -0.542460 3.779305
v 0.988214 -0.473197 3.812031
v 1.060617 -0.403935 3.844756
v 0.893373 -0.673409 3.766598
v 0.954181 -0.732183 3.756459
v 1.015376 -0.778993 3.720144
v 0.994097 -0.874052 3.628909
v 0.921695 -0.943315 3.596184
v 0.849292 -1.012577 3.563458
v 0.809196 -1.080078 3.455529
v 0.820781 -1.054234 3.375201
v 0.811452 -1.010290 3.302836
v 0.853417 -0.884966 3.284248
v 0.925819 -0.815704 3.316974
v 0.998221 -0.746441 3.349699
v 0.731051 -0.892541 3.231504
v 0.670243 -0.833767 3.241644
v 0.609048 -0.786957 3.277959
v 0.630327 -0.691898 3.369194
v 0.702729 -0.622636 3.401919
v 0.775132 -0.553373 3.434644
v 0.525618 -0.762922 3.411672
v 0.514033 -0.788766 3.492000
v 0.523363 -0.832710 3.564365
v 0.626203 -0.819509 3.648403
v 0.698605 -0.750247 3.681129
v 0.771007 -0.680984 3.713854
v 0.603764 -0.950459 3.635697
v 0.664572 -1.009233 3.625557
v 0.725766 -1.056043 3.589242
v 0.704753 -1.151129 3.498766
v 0.634207 -1.220584 3.471354
v 0.566844 -1.290370 3.453052
v 0.537506 -1.173736 3.165042
v 0.628890 -1.095943 3.189393
v 0.707697 -1.023889 3.219213
v 0.334433 -0.950000 3.246859
v 0.411258 -0.894071 3.273556
v 0.485290 -0.829721 3.304060
v 0.329964 -1.088531 3.538225
v 0.407177 -1.024867 3.556288
v 0.481171 -0.957730 3.583710
v -1.879222 0.938959 4.075417
v -1.812343 1.022574 4.116210
v -1.742014 1.096884 4.151641
v -1.639470 1.110805 4.236066
v -1.630141 1.066861 4.308431
v -1.641726 1.041018 4.388759
v -1.745840 0.969586 4.431682
v -1.814078 0.897468 4.402068
v -1.875199 0.819878 4.377878
v -1.725156 1.065053 4.522472
v -1.786350 1.111863 4.558787
v -1.847158 1.170637 4.568927
v -1.969259 1.163034 4.516942
v -2.039804 1.093579 4.489530
v -2.107168 1.023793 4.471227
v -1.927559 1.288386 4.497595
v -1.936889 1.332330 4.425230
v -1.925303 1.358173 4.344902
v -1.965630 1.289853 4.237930
v -2.039646 1.214851 4.211909
v -2.116429 1.130012 4.197379
v -1.841873 1.334139 4.211189
v -1.780679 1.287328 4.174873
v -1.719871 1.228554 4.164734
v -1.597505 1.236129 4.217479
v -1.525103 1.305392 4.250204
v -1.452701 1.374654 4.282929
v -1.349861 1.387855 4.366968
v -1.340531 1.343911 4.439332
v -1.352116 1.318067 4.519661
v -1.456825 1.247043 4.562140
v -1.529227 1.177781 4.529414
v -1.601630 1.108518 4.496688
v -1.435546 1.342102 4.653374
v -1.496741 1.388912 4.689689
v -1.557549 1.447686 4.699828
v -1.679914 1.440111 4.647084
v -1.752317 1.370849 4.614359
v -1.824719 1.301586 4.581634
v -1.637950 1.565435 4.628497
v -1.647279 1.609379 4.556132
v -1.635694 1.635223 4.475804
v -1.675790 1.567722 4.367875
v -1.748193 1.498460 4.335149
v -1.820595 1.429197 4.302423
v -1.552264 1.611188 4.342091
v -1.491070 1.564378 4.305776
v -1.430262 1.505604 4.295636
v -1.307896 1.513179 4.348380
v -1.235494 1.582441 4.381106
v -1.163091 1.651704 4.413831
v -1.060251 1.664904 4.497869
v -1.050922 1.620960 4.570234
v -1.062507 1.595117 4.650563
v -1.167216 1.524093 4.693041
v -1.239618 1.454830 4.660316
v -1.312020 1.385568 4.627590
v -1.145937 1.619152 4.784276
v -1.207131 1.665962 4.820591
v -1.267939 1.724736 4.830730
v -1.390305 1.717160 4.777986
v -1.462708 1.647898 4.745261
v -1.535110 1.578636 4.712535
v -1.348340 1.842485 4.759398
v -1.357670 1.886429 4.687034
v -1.346085 1.912272 4.606706
v -1.386181 1.844772 4.498776
v -1.458583 1.775509 4.466051
v -1.530985 1.706247 4.433325
v -1.262655 1.888237 4.472993
v -1.201460 1.841427 4.436677
v -1.140653 1.782653 4.426538
v -1.018286 1.790228 4.479282
v -0.945884 1.859491 4.512008
v -0.873482 1.928753 4.544733
v -0.770642 1.941954 4.628772
v -0.761312 1.898010 4.701136
v -0.772897 1.872166 4.781465
v -0.877606 1.801142 4.823943
v -0.950009 1.731880 4.791217
v -1.022411 1.662617 4.758492
v -0.856327 1.896201 4.915178
v -0.917522 1.943011 4.951493
v -0.978330 2.001785 4.961632
v -1.100696 1.994210 4.908888
v -1.173098 1.924948 4.876163
v -1.245500 1.855685 4.843437
v -1.058731 2.119534 4.890300
v -1.068060 2.163478 4.817936
v -1.056475 2.189322 4.737607
v -1.096571 2.121821 4.629678
v -1.168974 2.052559 4.596952
v -1.241376 1.983296 4.564227
v -0.973045 2.165287 4.603894
v -0.911851 2.118477 4.567579
v -0.851043 2.059703 4.557440
v -0.728677 2.067278 4.610184
v -0.656275 2.136540 4.642910
v -0.583872 2.205802 4.675635
v -0.481033 2.219003 4.759673
v -0.471703 2.175059 4.832038
v -0.483288 2.149216 4.912366
v -0.587997 2.078192 4.954844
v -0.660399 2.008929 4.922119
v -0.732801 1.939667 4.889394
v -0.566718 2.173251 5.046080
v -0.627913 2.220061 5.082395
v -0.688720 2.278835 5.092534
v -0.811086 2.271259 5.039790
v -0.883489 2.201997 5.007064
v -0.955891 2.132735 4.974339
v -0.769122 2.396584 5.021202
v -0.778451 2.440527 4.948838
v -0.766866 2.466371 4.868509
v -0.806962 2.398870 4.760580
v -0.879364 2.329608 4.727855
v -0.951767 2.260346 4.695129
v -0.683436 2.442337 4.734796
v -0.622242 2.395526 4.698481
v -0.561434 2.336752 4.688342
v -0.439099 2.343535 4.740723
v -0.366915 2.407248 4.770909
v -0.295106 2.461448 4.796741
v -0.292177 2.334247 5.093395
v -0.369092 2.279787 5.055193
v -0.442980 2.215942 5.020567
v -0.529144 2.533381 5.184485
v -0.596151 2.474623 5.142053
v -0.666566 2.409231 5.105752
v -0.502733 2.667186 4.901835
v -0.585879 2.604043 4.861709
v -0.661673 2.537069 4.826400
v 0.593944 2.434427 5.135887
v 0.519320 2.496920 5.168721
v 0.448070 2.552914 5.207847
v 0.223867 2.344562 5.105732
v 0.304633 2.293253 5.071300
v 0.382581 2.232444 5.040304
v 0.506565 2.194704 5.071739
v 0.564037 2.243886 5.110891
v 0.621895 2.305032 5.123867
v 0.210804 2.487164 4.813888
v 0.303782 2.425194 4.788527
v 0.386083 2.360596 4.760649
v 0.432900 2.237271 4.781523
v 0.421887 2.192921 4.853401
v 0.430644 2.167484 4.934216
v 0.434781 2.686829 4.946599
v 0.518285 2.626399 4.894833
v 0.597423 2.562272 4.857342
v 0.627179 2.468534 4.766129
v 0.569708 2.419351 4.726977
v 0.511850 2.358206 4.714001
v 0.700845 2.425966 5.056345
v 0.711858 2.470316 4.984467
v 0.703100 2.495754 4.903652
v 0.900028 2.169832 5.018709
v 0.823437 2.236116 5.047872
v 0.746845 2.302400 5.077035
v 0.535957 2.100658 4.981715
v 0.612548 2.034374 4.952552
v 0.689140 1.968089 4.923388
v 0.812930 1.929567 4.955085
v 0.870402 1.978749 4.994237
v 0.928260 2.039895 5.007213
v 0.540082 2.228269 4.702506
v 0.616673 2.161985 4.673342
v 0.693264 2.095701 4.644178
v 0.739265 1.972134 4.664869
v 0.728252 1.927784 4.736747
v 0.737009 1.902347 4.817562
v 0.750970 2.430011 4.797826
v 0.827561 2.363727 4.768662
v 0.904152 2.297443 4.739499
v 0.933544 2.203397 4.649476
v 0.876073 2.154214 4.610323
v 0.818215 2.093069 4.597347
v 1.007210 2.160829 4.939691
v 1.018223 2.205180 4.867813
v 1.009465 2.230617 4.786998
v 1.206393 1.904695 4.902055
v 1.129802 1.970979 4.931218
v 1.053210 2.037263 4.960382
v 0.842322 1.835521 4.865061
v 0.918914 1.769237 4.835898
v 0.995505 1.702952 4.806735
v 1.119296 1.664430 4.838431
v 1.176767 1.713612 4.877583
v 1.234625 1.774758 4.890560
v 0.846447 1.963132 4.585852
v 0.923038 1.896848 4.556688
v 0.999629 1.830564 4.527525
v 1.045630 1.706997 4.548215
v 1.034617 1.662647 4.620094
v 1.043375 1.637210 4.700908
v 1.057335 2.164874 4.681172
v 1.133926 2.098590 4.652009
v 1.210518 2.032306 4.622845
v 1.239910 1.938260 4.532822
v 1.182438 1.889078 4.493670
v 1.124580 1.827932 4.480693
v 1.313575 1.895692 4.823038
v 1.324588 1.940043 4.751159
v 1.315831 1.965480 4.670344
v 1.512758 1.639558 4.785401
v 1.436167 1.705842 4.814565
v 1.359576 1.772126 4.843728
v 1.148688 1.570384 4.748408
v 1.225279 1.504100 4.719244
v 1.301870 1.437815 4.690081
v 1.425661 1.399293 4.721777
v 1.483132 1.448475 4.760930
v 1.540990 1.509621 4.773906
v 1.152812 1.697995 4.469198
v 1.229403 1.631711 4.440034
v 1.305995 1.565427 4.410871
v 1.351995 1.441860 4.431561
v 1.340982 1.397510 4.503440
v 1.349740 1.372073 4.584255
v 1.363700 1.899737 4.564518
v 1.440292 1.833453 4.535355
v 1.516883 1.767169 4.506191
v 1.546275 1.673123 4.416168
v 1.488803 1.623941 4.377016
v 1.430945 1.562795 4.364039
v 1.619940 1.630555 4.706384
v 1.630954 1.674906 4.634505
v 1.622196 1.700343 4.553691
v 1.819124 1.374421 4.668747
v 1.742532 1.440705 4.697911
v 1.665941 1.506989 4.727074
v 1.455053 1.305247 4.631754
v 1.531644 1.238963 4.602591
v 1.608235 1.172678 4.573427
v 1.732026 1.134156 4.605124
v 1.789498 1.183338 4.644276
v 1.847356 1.244484 4.657252
v 1.459177 1.432858 4.352544
v 1.535769 1.366574 4.323380
v 1.612360 1.300290 4.294217
v 1.658361 1.176723 4.314908
v 1.647347 1.132373 4.386786
v 1.656105 1.106936 4.467601
v 1.670065 1.634600 4.447865
v 1.746657 1.568316 4.418701
v 1.823248 1.502032 4.389538
v 1.852640 1.407986 4.299514
v 1.795169 1.358804 4.260362
v 1.737310 1.297658 4.247386
v 1.926306 1.365418 4.589730
v 1.937319 1.409769 4.517852
v 1.928561 1.435206 4.437037
v 2.134686 1.094517 4.569095
v 2.051391 1.171319 4.586175
v 1.972618 1.241321 4.611035
v 1.760820 1.039678 4.515516
v 1.833220 0.970372 4.489264
v 1.898477 0.895308 4.468096
v 1.764773 1.167514 4.235784
v 1.835973 1.099778 4.205877
v 1.897933 1.029553 4.174697
v 1.975886 1.368380 4.330799
v 2.048661 1.294506 4.298749
v 2.114896 1.207623 4.261754
v 2.585999 -0.350271 6.620857
v 2.580009 -0.394893 6.718068
v 2.565265 -0.441014 6.818894
v 2.360128 -0.647422 6.701392
v 2.370555 -0.598051 6.616559
v 2.375291 -0.552190 6.524763
v 2.456332 -0.489529 6.439135
v 2.524454 -0.443415 6.461217
v 2.571662 -0.379201 6.491263
v 2.127890 -0.443920 6.794971
v 2.144891 -0.401843 6.703968
v 2.151879 -0.358730 6.610016
v 2.174979 -0.387130 6.481780
v 2.226094 -0.449379 6.454084
v 2.296981 -0.492714 6.435326
v 2.349664 -0.227576 6.885547
v 2.358868 -0.195822 6.797977
v 2.363153 -0.156453 6.705173
v 2.285828 -0.131833 6.600100
v 2.217706 -0.177947 6.578017
v 2.170499 -0.242161 6.547971
v 2.567182 -0.234232 6.557455
v 2.516066 -0.171983 6.585150
v 2.445179 -0.128648 6.603909
v 2.592317 -0.174909 6.237229
v 2.590901 -0.218721 6.333088
v 2.589485 -0.262532 6.428946
v 2.378596 -0.464275 6.333626
v 2.380013 -0.420463 6.237768
v 2.381428 -0.376652 6.141909
v 2.461996 -0.314283 6.055701
v 2.530118 -0.268169 6.077783
v 2.577325 -0.203955 6.107829
v 2.155507 -0.271207 6.418571
v 2.156923 -0.227395 6.322713
v 2.158339 -0.183584 6.226854
v 2.180643 -0.211884 6.098346
v 2.231758 -0.274133 6.070650
v 2.302645 -0.317468 6.051891
v 2.366395 -0.069464 6.513891
v 2.367811 -0.025653 6.418033
v 2.369227 0.018159 6.322175
v 2.291492 0.043413 6.216665
v 2.223370 -0.002701 6.194583
v 2.176162 -0.066915 6.164537
v 2.572845 -0.058986 6.174020
v 2.521729 0.003263 6.201716
v 2.450843 0.046599 6.220475
v 2.597981 0.000337 5.853795
v 2.596565 -0.043474 5.949654
v 2.595149 -0.087286 6.045512
v 2.384260 -0.289028 5.950192
v 2.385677 -0.245217 5.854333
v 2.387093 -0.201405 5.758475
v 2.467660 -0.139036 5.672266
v 2.535782 -0.092922 5.694349
v 2.582989 -0.028708 5.724395
v 2.161171 -0.095960 6.035137
v 2.162587 -0.052149 5.939279
v 2.164003 -0.008337 5.843420
v 2.186306 -0.036637 5.714911
v 2.237422 -0.098886 5.687216
v 2.308309 -0.142222 5.668457
v 2.372059 0.105782 6.130457
v 2.373475 0.149594 6.034598
v 2.374891 0.193405 5.938740
v 2.297156 0.218660 5.833231
v 2.229034 0.172546 5.811149
v 2.181826 0.108332 5.781103
v 2.578509 0.116261 5.790586
v 2.527394 0.178509 5.818281
v 2.456507 0.221845 5.837040
v 2.603645 0.175584 5.470360
v 2.602229 0.131772 5.566219
v 2.600813 0.087960 5.662078
v 2.389924 -0.113782 5.566757
v 2.391340 -0.069970 5.470899
v 2.392756 -0.026159 5.375040
v 2.473324 0.036210 5.288832
v 2.541446 0.082324 5.310915
v 2.588653 0.146538 5.340961
v 2.166835 0.079286 5.651702
v 2.168251 0.123098 5.555844
v 2.169667 0.166909 5.459985
v 2.191970 0.138609 5.331477
v 2.243086 0.076360 5.303782
v 2.313973 0.033025 5.285023
v 2.377723 0.281028 5.747023
v 2.379139 0.324840 5.651164
v 2.380555 0.368652 5.555305
v 2.302820 0.393906 5.449797
v 2.234698 0.347792 5.427714
v 2.187490 0.283578 5.397668
v 2.584173 0.291507 5.407152
v 2.533058 0.353756 5.434847
v 2.462171 0.397091 5.453606
v 2.609309 0.350830 5.086926
v 2.607893 0.307018 5.182785
v 2.606477 0.263207 5.278643
v 2.395588 0.061465 5.183323
v 2.397005 0.105276 5.087464
v 2.398420 0.149088 4.991606
v 2.478988 0.211456 4.905398
v 2.547110 0.257570 4.927480
v 2.594317 0.321784 4.957526
v 2.172499 0.254533 5.268268
v 2.173915 0.298344 5.172410
v 2.175331 0.342156 5.076551
v 2.197634 0.313855 4.948043
v 2.248750 0.251606 4.920347
v 2.319637 0.208271 4.901588
v 2.383387 0.456275 5.363588
v 2.384803 0.500086 5.267730
v 2.386219 0.543898 5.171871
v 2.308484 0.569152 5.066362
v 2.240362 0.523039 5.044280
v 2.193154 0.458825 5.014234
v 2.589837 0.466754 5.023717
v 2.538722 0.529002 5.051413
v 2.467835 0.572338 5.070172
v 2.596619 0.529091 4.696332
v 2.608379 0.482885 4.797512
v 2.611493 0.438531 4.894979
v 2.400767 0.236086 4.800035
v 2.398789 0.275523 4.705204
v 2.390990 0.307460 4.612135
v 2.177360 0.429647 4.885068
v 2.173151 0.472536 4.790849
v 2.158849 0.513987 4.699097
v 2.388624 0.631611 4.980909
v 2.387047 0.676053 4.890337
v 2.380341 0.721577 4.808825
v 0.177604 2.630831 5.641322
v 0.166651 2.598518 5.733943
v 0.161720 2.558944 5.828609
v 0.143395 2.442880 5.890757
v 0.096188 2.378666 5.860711
v 0.028066 2.332552 5.838628
v -0.049651 2.356963 5.733040
v -0.048104 2.394871 5.636629
v -0.046314 2.422396 5.538750
v -0.131285 2.329367 5.834818
v -0.202172 2.372702 5.853578
v -0.253288 2.434951 5.881273
v -0.273244 2.550249 5.818211
v -0.275223 2.589686 5.723380
v -0.283021 2.621624 5.630310
v -0.257768 2.579920 5.947464
v -0.210560 2.644134 5.977510
v -0.142438 2.690248 5.999592
v -0.061820 2.752236 5.912374
v -0.060050 2.793386 5.809441
v -0.057504 2.829625 5.692497
v 0.016913 2.693433 6.003402
v 0.087800 2.650098 5.984643
v 0.138915 2.587849 5.956948
v 0.158387 2.471925 6.020156
v 0.156971 2.428114 6.116015
v 0.155555 2.384302 6.211874
v 0.137731 2.267633 6.274190
v 0.090524 2.203419 6.244144
v 0.022402 2.157305 6.222062
v -0.055334 2.182560 6.116553
v -0.053917 2.226372 6.020695
v -0.052502 2.270183 5.924836
v -0.136949 2.154120 6.218253
v -0.207836 2.197455 6.237012
v -0.258951 2.259704 6.264707
v -0.278423 2.375628 6.201498
v -0.277007 2.419439 6.105639
v -0.275591 2.463251 6.009781
v -0.263432 2.404674 6.330898
v -0.216224 2.468887 6.360944
v -0.148102 2.515001 6.383027
v -0.067535 2.577370 6.296819
v -0.066119 2.621182 6.200960
v -0.064703 2.664993 6.105102
v 0.011249 2.518187 6.386836
v 0.082136 2.474851 6.368077
v 0.133251 2.412602 6.340382
v 0.152723 2.296679 6.403591
v 0.151307 2.252867 6.499449
v 0.149891 2.209056 6.595308
v 0.132067 2.092387 6.657625
v 0.084860 2.028173 6.627579
v 0.016738 1.982059 6.605496
v -0.060997 2.007313 6.499988
v -0.059581 2.051125 6.404129
v -0.058166 2.094937 6.308270
v -0.142613 1.978874 6.601687
v -0.213500 2.022209 6.620446
v -0.264615 2.084458 6.648141
v -0.284087 2.200381 6.584932
v -0.282671 2.244193 6.489074
v -0.281255 2.288004 6.393215
v -0.269096 2.229427 6.714333
v -0.221888 2.293641 6.744379
v -0.153766 2.339755 6.766461
v -0.073199 2.402123 6.680253
v -0.071783 2.445935 6.584394
v -0.070367 2.489747 6.488536
v 0.005585 2.342940 6.770270
v 0.076472 2.299605 6.751512
v 0.127587 2.237356 6.723816
v 0.147059 2.121433 6.787025
v 0.145643 2.077621 6.882884
v 0.144227 2.033809 6.978742
v 0.126403 1.917140 7.041059
v 0.079196 1.852926 7.011014
v 0.011074 1.806813 6.988931
v -0.066661 1.832067 6.883422
v -0.065245 1.875879 6.787563
v -0.063829 1.919690 6.691705
v -0.148277 1.803627 6.985121
v -0.219164 1.846963 7.003881
v -0.270279 1.909211 7.031576
v -0.289751 2.025135 6.968367
v -0.288335 2.068947 6.872509
v -0.286919 2.112758 6.776650
v -0.274760 2.054181 7.097767
v -0.227552 2.118395 7.127813
v -0.159430 2.164509 7.149895
v -0.078863 2.226877 7.063687
v -0.077447 2.270689 6.967829
v -0.076031 2.314501 6.871970
v -0.000079 2.167694 7.153705
v 0.070808 2.124359 7.134946
v 0.121923 2.062110 7.107250
v 0.141395 1.946186 7.170459
v 0.139979 1.902375 7.266318
v 0.138563 1.858563 7.362176
v 0.120740 1.741894 7.424494
v 0.073532 1.677680 7.394447
v 0.005410 1.631566 7.372365
v -0.072325 1.656821 7.266856
v -0.070909 1.700632 7.170998
v -0.069493 1.744444 7.075139
v -0.153941 1.628381 7.368556
v -0.224828 1.671716 7.387315
v -0.275943 1.733965 7.415010
v -0.295415 1.849889 7.351801
v -0.293999 1.893700 7.255943
v -0.292583 1.937512 7.160084
v -0.280424 1.878934 7.481201
v -0.233216 1.943148 7.511247
v -0.165094 1.989262 7.533329
v -0.084527 2.051631 7.447122
v -0.083111 2.095443 7.351263
v -0.081695 2.139254 7.255404
v -0.005743 1.992447 7.537139
v 0.065144 1.949112 7.518380
v 0.116259 1.886863 7.490685
v 0.136244 1.770667 7.553337
v 0.138417 1.724945 7.645298
v 0.146742 1.675948 7.730579
v -0.077273 1.464489 7.634624
v -0.076363 1.520492 7.549748
v -0.075131 1.568586 7.457988
v -0.313883 1.666741 7.719567
v -0.303457 1.716113 7.634734
v -0.298721 1.761973 7.542938
v -0.090500 1.847343 7.841619
v -0.088834 1.912082 7.737689
v -0.087366 1.962994 7.639213
v 0.547876 1.033038 8.202337
v 0.467955 1.099603 8.228002
v 0.380777 1.166927 8.247444
v 0.186445 0.942479 8.156120
v 0.261513 0.891215 8.133800
v 0.337543 0.830465 8.107157
v 0.461254 0.792733 8.139214
v 0.518725 0.841915 8.178366
v 0.576583 0.903061 8.191341
v 0.183099 1.083169 7.865625
v 0.263567 1.022656 7.851332
v 0.341409 0.958554 7.827540
v 0.387588 0.835300 7.848998
v 0.376575 0.790950 7.920876
v 0.385333 0.765513 8.001691
v 0.407389 1.294225 7.961823
v 0.478283 1.227203 7.946826
v 0.552776 1.160648 7.922882
v 0.581868 1.066562 7.833604
v 0.524396 1.017380 7.794452
v 0.466538 0.956235 7.781476
v 0.655533 1.023995 8.123819
v 0.666547 1.068346 8.051941
v 0.657789 1.093783 7.971127
v 0.854716 0.767860 8.086184
v 0.778125 0.834145 8.115347
v 0.701534 0.900429 8.144510
v 0.490646 0.698687 8.049190
v 0.567237 0.632402 8.020026
v 0.643828 0.566118 7.990863
v 0.767619 0.527596 8.022559
v 0.825090 0.576778 8.061711
v 0.882949 0.637924 8.074688
v 0.494770 0.826298 7.769980
v 0.571361 0.760014 7.740817
v 0.647953 0.693729 7.711653
v 0.693953 0.570163 7.732344
v 0.682940 0.525813 7.804222
v 0.691698 0.500376 7.885036
v 0.705658 1.028040 7.865300
v 0.782250 0.961756 7.836137
v 0.858841 0.895472 7.806973
v 0.888233 0.801426 7.716950
v 0.830761 0.752243 7.677798
v 0.772903 0.691098 7.664822
v 0.961898 0.758858 8.007166
v 0.972912 0.803209 7.935287
v 0.964154 0.828646 7.854473
v 1.161082 0.502724 7.969530
v 1.084490 0.569008 7.998693
v 1.007899 0.635292 8.027857
v 0.797011 0.433550 7.932536
v 0.873602 0.367266 7.903373
v 0.950193 0.300981 7.874209
v 1.073984 0.262459 7.905906
v 1.131456 0.311641 7.945058
v 1.189314 0.372787 7.958034
v 0.801135 0.561161 7.653326
v 0.877727 0.494877 7.624163
v 0.954318 0.428592 7.594999
v 1.000319 0.305026 7.615690
v 0.989305 0.260676 7.687568
v 0.998063 0.235239 7.768383
v 1.012023 0.762903 7.748647
v 1.088615 0.696619 7.719483
v 1.165206 0.630335 7.690320
v 1.194598 0.536289 7.600296
v 1.137127 0.487106 7.561144
v 1.079268 0.425961 7.548168
v 1.268264 0.493721 7.890512
v 1.279277 0.538072 7.818634
v 1.270519 0.563509 7.737819
v 1.467447 0.237587 7.852876
v 1.390856 0.303871 7.882039
v 1.314264 0.370155 7.911202
v 1.103376 0.168413 7.815882
v 1.179968 0.102129 7.786719
v 1.256559 0.035844 7.757555
v 1.380349 -0.002678 7.789252
v 1.437821 0.046504 7.828404
v 1.495679 0.107650 7.841380
v 1.107501 0.296024 7.536673
v 1.184092 0.229740 7.507509
v 1.260683 0.163455 7.478346
v 1.306684 0.039889 7.499036
v 1.295671 -0.004461 7.570914
v 1.304428 -0.029898 7.651729
v 1.318389 0.497766 7.631993
v 1.394980 0.431482 7.602829
v 1.471571 0.365198 7.573666
v 1.500963 0.271152 7.483643
v 1.443492 0.221970 7.444490
v 1.385634 0.160824 7.431514
v 1.574629 0.228584 7.773858
v 1.585642 0.272935 7.701980
v 1.576884 0.298372 7.621165
v 1.773812 -0.027550 7.736222
v 1.697221 0.038734 7.765386
v 1.620630 0.105018 7.794549
v 1.409741 -0.096724 7.699228
v 1.486333 -0.163008 7.670065
v 1.562924 -0.229293 7.640902
v 1.686715 -0.267815 7.672598
v 1.744186 -0.218633 7.711750
v 1.802044 -0.157487 7.724727
v 1.413866 0.030887 7.420019
v 1.490457 -0.035397 7.390855
v 1.567048 -0.101681 7.361692
v 1.613049 -0.225247 7.382382
v 1.602036 -0.269598 7.454261
v 1.610794 -0.295035 7.535076
v 1.624754 0.232629 7.515339
v 1.701345 0.166345 7.486176
v 1.777937 0.100061 7.457012
v 1.807329 0.006015 7.366989
v 1.749857 -0.043167 7.327837
v 1.691999 -0.104313 7.314860
v 1.880994 -0.036553 7.657205
v 1.892007 0.007798 7.585326
v 1.883250 0.033235 7.504512
v 2.065521 -0.320095 7.604360
v 1.999243 -0.234524 7.644226
v 1.926452 -0.161134 7.677332
v 1.715337 -0.362068 7.582469
v 1.786537 -0.429804 7.552562
v 1.848497 -0.500030 7.521381
v 1.719648 -0.234211 7.302752
v 1.792155 -0.300226 7.269297
v 1.857709 -0.366085 7.227989
v 1.931452 -0.032394 7.397889
v 2.010370 -0.097883 7.363153
v 2.094075 -0.161990 7.318298
v 0.512421 -2.563652 6.197269
v 0.589161 -2.494478 6.246810
v 0.663083 -2.425431 6.285430
v 0.766140 -2.412261 6.370311
v 0.775470 -2.456205 6.442675
v 0.763885 -2.482049 6.523004
v 0.658020 -2.552537 6.565619
v 0.577524 -2.618049 6.533848
v 0.483154 -2.677132 6.503716
v 0.680455 -2.458014 6.656717
v 0.619260 -2.411204 6.693032
v 0.558453 -2.352430 6.703171
v 0.435854 -2.359303 6.650744
v 0.361822 -2.423653 6.620240
v 0.284998 -2.479582 6.593543
v 0.478051 -2.234681 6.631840
v 0.468722 -2.190737 6.559475
v 0.480307 -2.164893 6.479146
v 0.439999 -2.231620 6.370946
v 0.366111 -2.295465 6.336320
v 0.289196 -2.349924 6.298118
v 0.563737 -2.188928 6.345434
v 0.624931 -2.235738 6.309118
v 0.685739 -2.294512 6.298979
v 0.808105 -2.286937 6.351723
v 0.880507 -2.217675 6.384449
v 0.952910 -2.148412 6.417174
v 1.055750 -2.135212 6.501213
v 1.065079 -2.179156 6.573577
v 1.053494 -2.204999 6.653905
v 0.948785 -2.276023 6.696384
v 0.876383 -2.345286 6.663658
v 0.803981 -2.414548 6.630933
v 0.970064 -2.180964 6.787619
v 0.908870 -2.134154 6.823934
v 0.848062 -2.075380 6.834073
v 0.725696 -2.082955 6.781329
v 0.653294 -2.152218 6.748603
v 0.580891 -2.221480 6.715878
v 0.767661 -1.957631 6.762741
v 0.758331 -1.913687 6.690377
v 0.769916 -1.887844 6.610048
v 0.729820 -1.955344 6.502119
v 0.657418 -2.024607 6.469394
v 0.585016 -2.093869 6.436668
v 0.853346 -1.911879 6.476335
v 0.914541 -1.958689 6.440020
v 0.975348 -2.017463 6.429881
v 1.097715 -2.009887 6.482625
v 1.170117 -1.940625 6.515350
v 1.242519 -1.871363 6.548076
v 1.345359 -1.858162 6.632114
v 1.354689 -1.902106 6.704479
v 1.343104 -1.927950 6.784807
v 1.238395 -1.998974 6.827286
v 1.165992 -2.068236 6.794560
v 1.093590 -2.137499 6.761835
v 1.259674 -1.903915 6.918520
v 1.198479 -1.857105 6.954835
v 1.137671 -1.798331 6.964974
v 1.015305 -1.805906 6.912230
v 0.942903 -1.875168 6.879505
v 0.870501 -1.944431 6.846780
v 1.057270 -1.680582 6.893643
v 1.047940 -1.636638 6.821279
v 1.059526 -1.610794 6.740950
v 1.019430 -1.678295 6.633021
v 0.947027 -1.747557 6.600296
v 0.874625 -1.816819 6.567570
v 1.142956 -1.634829 6.607237
v 1.204150 -1.681639 6.570922
v 1.264958 -1.740413 6.560783
v 1.387324 -1.732838 6.613527
v 1.459726 -1.663576 6.646252
v 1.532129 -1.594313 6.678978
v 1.634969 -1.581113 6.763016
v 1.644298 -1.625057 6.835381
v 1.632713 -1.650900 6.915709
v 1.528004 -1.721924 6.958188
v 1.455602 -1.791187 6.925462
v 1.383200 -1.860449 6.892736
v 1.549283 -1.626865 7.049422
v 1.488089 -1.580055 7.085737
v 1.427281 -1.521281 7.095877
v 1.304915 -1.528856 7.043132
v 1.232512 -1.598119 7.010407
v 1.160110 -1.667381 6.977682
v 1.346879 -1.403532 7.024545
v 1.337550 -1.359588 6.952180
v 1.349135 -1.333745 6.871852
v 1.309039 -1.401245 6.763923
v 1.236637 -1.470508 6.731197
v 1.164234 -1.539770 6.698472
v 1.432565 -1.357779 6.738139
v 1.493760 -1.404590 6.701824
v 1.554567 -1.463364 6.691685
v 1.676933 -1.455788 6.744429
v 1.749336 -1.386526 6.777154
v 1.821738 -1.317264 6.809879
v 1.924578 -1.304063 6.893918
v 1.933907 -1.348007 6.966283
v 1.922322 -1.373851 7.046611
v 1.817613 -1.444875 7.089089
v 1.745211 -1.514137 7.056364
v 1.672809 -1.583400 7.023639
v 1.838892 -1.349816 7.180324
v 1.777698 -1.303006 7.216639
v 1.716890 -1.244232 7.226778
v 1.594524 -1.251807 7.174034
v 1.522122 -1.321069 7.141309
v 1.449719 -1.390332 7.108583
v 1.636489 -1.126482 7.155447
v 1.627159 -1.082539 7.083082
v 1.638744 -1.056695 7.002754
v 1.598648 -1.124196 6.894825
v 1.526246 -1.193458 6.862099
v 1.453844 -1.262720 6.829373
v 1.722174 -1.080730 6.869040
v 1.783369 -1.127540 6.832726
v 1.844177 -1.186314 6.822586
v 1.966277 -1.178711 6.874571
v 2.036823 -1.109256 6.901983
v 2.104187 -1.039471 6.920286
v 2.111105 -1.137080 7.217632
v 2.035834 -1.228530 7.186539
v 1.962545 -1.305280 7.154449
v 1.863021 -0.969995 7.306801
v 1.805475 -1.042609 7.272763
v 1.738547 -1.113106 7.239554
v 1.872218 -0.835555 7.013635
v 1.811097 -0.913145 6.989445
v 1.742858 -0.985263 6.959831
v -0.320381 0.946381 8.152497
v -0.409453 0.881972 8.120155
v -0.487673 0.814491 8.087728
v -0.528600 0.747245 7.979841
v -0.517015 0.773088 7.899513
v -0.526344 0.817032 7.827148
v -0.484152 0.942053 7.807803
v -0.410158 1.009190 7.835226
v -0.332945 1.072854 7.853288
v -0.606745 0.934781 7.755816
v -0.667553 0.993555 7.765956
v -0.728747 1.040365 7.802271
v -0.707734 1.135452 7.892746
v -0.637188 1.204907 7.920158
v -0.569825 1.274692 7.938461
v -0.812177 1.064400 7.935984
v -0.823763 1.038557 8.016312
v -0.814433 0.994613 8.088676
v -0.711242 1.008528 8.171712
v -0.636381 1.082799 8.197412
v -0.557304 1.165653 8.211068
v -0.734032 0.876863 8.160008
v -0.673224 0.818090 8.149870
v -0.612030 0.771279 8.113554
v -0.633308 0.676220 8.022320
v -0.705711 0.606958 7.989594
v -0.778113 0.537696 7.956868
v -0.818209 0.470195 7.848939
v -0.806624 0.496039 7.768611
v -0.815953 0.539983 7.696246
v -0.773989 0.665307 7.677659
v -0.701586 0.734569 7.710384
v -0.629184 0.803832 7.743110
v -0.896355 0.657732 7.624914
v -0.957162 0.716506 7.635054
v -1.018357 0.763316 7.671369
v -0.997078 0.858375 7.762604
v -0.924676 0.927637 7.795329
v -0.852273 0.996900 7.828054
v -1.101787 0.787351 7.805082
v -1.113372 0.761507 7.885410
v -1.104042 0.717563 7.957775
v -1.001202 0.730763 8.041813
v -0.928800 0.800026 8.074539
v -0.856398 0.869288 8.107265
v -1.023641 0.599814 8.029106
v -0.962834 0.541040 8.018968
v -0.901639 0.494230 7.982652
v -0.922918 0.399171 7.891418
v -0.995320 0.329909 7.858692
v -1.067722 0.260646 7.825966
v -1.107818 0.193146 7.718038
v -1.096233 0.218989 7.637709
v -1.105563 0.262933 7.565344
v -1.063598 0.388257 7.546757
v -0.991196 0.457520 7.579482
v -0.918793 0.526782 7.612207
v -1.185964 0.380682 7.494013
v -1.246772 0.439456 7.504152
v -1.307966 0.486266 7.540467
v -1.286687 0.581325 7.631702
v -1.214285 0.650588 7.664427
v -1.141883 0.719850 7.697153
v -1.391396 0.510301 7.674180
v -1.402981 0.484457 7.754508
v -1.393652 0.440514 7.826873
v -1.290812 0.453714 7.910912
v -1.218410 0.522976 7.943637
v -1.146007 0.592239 7.976363
v -1.313251 0.322764 7.898205
v -1.252443 0.263991 7.888065
v -1.191248 0.217180 7.851750
v -1.212527 0.122121 7.760516
v -1.284929 0.052859 7.727790
v -1.357332 -0.016403 7.695065
v -1.397428 -0.083904 7.587135
v -1.385843 -0.058060 7.506807
v -1.395172 -0.014116 7.434443
v -1.353207 0.111208 7.415855
v -1.280805 0.180470 7.448581
v -1.208403 0.249733 7.481306
v -1.475573 0.103633 7.363111
v -1.536381 0.162407 7.373250
v -1.597576 0.209217 7.409565
v -1.576297 0.304276 7.500800
v -1.503895 0.373538 7.533525
v -1.431492 0.442801 7.566251
v -1.681006 0.233252 7.543279
v -1.692591 0.207408 7.623607
v -1.683261 0.163464 7.695971
v -1.580421 0.176664 7.780010
v -1.508019 0.245927 7.812736
v -1.435617 0.315189 7.845461
v -1.602860 0.045715 7.767303
v -1.542052 -0.013059 7.757164
v -1.480858 -0.059869 7.720849
v -1.502136 -0.154928 7.629614
v -1.574539 -0.224190 7.596889
v -1.646941 -0.293453 7.564163
v -1.687037 -0.360953 7.456234
v -1.675452 -0.335110 7.375906
v -1.684782 -0.291166 7.303541
v -1.642817 -0.165841 7.284953
v -1.570414 -0.096579 7.317678
v -1.498012 -0.027317 7.350404
v -1.765183 -0.173417 7.232209
v -1.825991 -0.114643 7.242349
v -1.887185 -0.067833 7.278664
v -1.865906 0.027226 7.369898
v -1.793504 0.096489 7.402624
v -1.721102 0.165751 7.435349
v -1.970615 -0.043798 7.412376
v -1.982200 -0.069642 7.492705
v -1.972870 -0.113585 7.565070
v -1.870030 -0.100385 7.649108
v -1.797628 -0.031123 7.681833
v -1.725226 0.038140 7.714559
v -1.892469 -0.231335 7.636401
v -1.831662 -0.290108 7.626262
v -1.770467 -0.336919 7.589947
v -1.790964 -0.432154 7.498643
v -1.857893 -0.502651 7.465434
v -1.915438 -0.575265 7.431396
v -1.915967 -0.441515 7.137771
v -1.855143 -0.373130 7.182100
v -1.787012 -0.304304 7.218918
v -2.164340 -0.247110 7.216492
v -2.085500 -0.179753 7.265233
v -2.011009 -0.111198 7.303637
v -2.143191 -0.404221 7.503741
v -2.082364 -0.316109 7.546646
v -2.014226 -0.239902 7.583121
v -0.311687 -0.846777 3.360995
v -0.302941 -0.872282 3.441894
v -0.313837 -0.916787 3.513964
v -0.234843 -0.908179 3.334183
v -0.226178 -0.934161 3.415676
v -0.236258 -0.979744 3.489086
v -0.157590 -0.961165 3.311363
v -0.149315 -0.988112 3.394205
v -0.157187 -1.036271 3.471030
v -0.502297 -0.984787 3.171405
v -0.444480 -0.923323 3.184338
v -0.387213 -0.874000 3.223471
v -0.420972 -1.049427 3.145025
v -0.363442 -0.985728 3.157655
v -0.307610 -0.935424 3.196654
v -0.330366 -1.110444 3.123427
v -0.274372 -1.040967 3.135190
v -0.222792 -0.988450 3.173855
v -2.456093 -0.386226 6.950889
v -2.517842 -0.455423 6.904503
v -2.458877 -0.413929 6.976210
v -2.386000 -0.366198 7.027905
v -2.406407 -0.358016 6.973239
v -2.433449 -0.359516 6.912879
v -2.489553 -0.397299 6.900229
v -0.584672 -1.175579 3.391993
v -0.593280 -1.150205 3.311180
v -0.581865 -1.105983 3.239181
v -0.511534 -1.240707 3.368220
v -0.519095 -1.215776 3.287419
v -0.504863 -1.172447 3.214575
v -0.444395 -1.303871 3.353767
v -0.449672 -1.280270 3.273544
v -0.428215 -1.239819 3.199191
v -0.392959 -1.037977 3.581630
v -0.451093 -1.099159 3.568577
v -0.508700 -1.148352 3.529407
v -0.316587 -1.102728 3.557762
v -0.376650 -1.164159 3.544169
v -0.435204 -1.213427 3.504875
v -0.241458 -1.165147 3.543019
v -0.306396 -1.227063 3.527881
v -0.367079 -1.276445 3.488279
v -0.618088 -0.582338 3.477313
v -0.609330 -0.607775 3.558127
v -0.620343 -0.652125 3.630006
v -0.541496 -0.648622 3.448149
v -0.532739 -0.674059 3.528964
v -0.543752 -0.718409 3.600842
v -0.464905 -0.714906 3.418986
v -0.456148 -0.740343 3.499800
v -0.467161 -0.784694 3.571679
v 0.035438 -2.396374 6.148135
v -0.026390 -2.397720 6.182534
v 0.034293 -2.391905 6.192266
v 0.095556 -2.395282 6.185450
v 0.074363 -2.403448 6.128046
v 0.037456 -2.416113 6.080208
v -0.002171 -2.404978 6.126216
v -0.809338 -0.719885 3.287661
v -0.751480 -0.658740 3.300637
v -0.694009 -0.609558 3.339790
v -0.732747 -0.786170 3.258498
v -0.674889 -0.725024 3.271474
v -0.617418 -0.675842 3.310626
v -0.656156 -0.852454 3.229335
v -0.598298 -0.791308 3.242311
v -0.540826 -0.742126 3.281463
v -0.890544 -0.910607 3.507876
v -0.899302 -0.885171 3.427062
v -0.888288 -0.840820 3.355184
v -0.813953 -0.976892 3.478713
v -0.822710 -0.951455 3.397898
v -0.811697 -0.907104 3.326020
v -0.737361 -1.043176 3.449550
v -0.746119 -1.017739 3.368735
v -0.735106 -0.973389 3.296857
v -0.699293 -0.773059 3.697527
v -0.757151 -0.834205 3.684551
v -0.814623 -0.883387 3.645399
v -0.622702 -0.839344 3.668364
v -0.680560 -0.900490 3.655388
v -0.738032 -0.949672 3.616236
v -0.546111 -0.905628 3.639201
v -0.603969 -0.966774 3.626225
v -0.661440 -1.015956 3.587072
v -0.924453 -0.317201 3.593966
v -0.915695 -0.342638 3.674781
v -0.926709 -0.386988 3.746659
v -0.847862 -0.383485 3.564803
v -0.839104 -0.408922 3.645618
v -0.850117 -0.453272 3.717496
v -0.771270 -0.449769 3.535640
v -0.762513 -0.475206 3.616454
v -0.773526 -0.519557 3.688332
v -1.115704 -0.454748 3.404315
v -1.057846 -0.393603 3.417291
v -1.000374 -0.344421 3.456444
v -1.039112 -0.521033 3.375152
v -0.981254 -0.459887 3.388128
v -0.923783 -0.410705 3.427280
v -0.962521 -0.587317 3.345989
v -0.904663 -0.526171 3.358964
v -0.847192 -0.476989 3.398117
v 0.294825 -2.766946 5.903430
v 0.340171 -2.725501 5.989870
v 0.279845 -2.784095 5.933395
v 0.216394 -2.821706 5.863397
v 0.266209 -2.782212 5.850925
v 0.302684 -2.727441 5.871050
v 0.326811 -2.723418 5.932520
v -1.196909 -0.645470 3.624530
v -1.205667 -0.620034 3.543715
v -1.194653 -0.575683 3.471838
v -1.120318 -0.711755 3.595367
v -1.129075 -0.686318 3.514552
v -1.118062 -0.641967 3.442674
v -1.043726 -0.778039 3.566203
v -1.052484 -0.752602 3.485389
v -1.041471 -0.708252 3.413510
v -1.005659 -0.507923 3.814181
v -1.063517 -0.569068 3.801205
v -1.120988 -0.618250 3.762053
v -0.929067 -0.574207 3.785018
v -0.986925 -0.635353 3.772042
v -1.044397 -0.684535 3.732890
v -0.852476 -0.640491 3.755854
v -0.910334 -0.701637 3.742878
v -0.967805 -0.750819 3.703726
v -1.230818 -0.052064 3.710620
v -1.222061 -0.077501 3.791435
v -1.233074 -0.121851 3.863313
v -1.154227 -0.118348 3.681457
v -1.145469 -0.143785 3.762271
v -1.156483 -0.188135 3.834150
v -1.077636 -0.184632 3.652293
v -1.068878 -0.210069 3.733108
v -1.079891 -0.254420 3.804986
v -1.422069 -0.189612 3.520969
v -1.364211 -0.128466 3.533945
v -1.306740 -0.079284 3.573097
v -1.345478 -0.255896 3.491806
v -1.287619 -0.194750 3.504782
v -1.230148 -0.145568 3.543934
v -1.268886 -0.322180 3.462642
v -1.211028 -0.261034 3.475618
v -1.153557 -0.211852 3.514770
v -1.503275 -0.380334 3.741184
v -1.512032 -0.354897 3.660369
v -1.501019 -0.310546 3.588491
v -1.426683 -0.446618 3.712020
v -1.435441 -0.421181 3.631206
v -1.424428 -0.376830 3.559328
v -1.350092 -0.512902 3.682857
v -1.358850 -0.487465 3.602042
v -1.347836 -0.443115 3.530164
v -1.312024 -0.242786 3.930835
v -1.369882 -0.303931 3.917859
v -1.427353 -0.353113 3.878707
v -1.235433 -0.309070 3.901671
v -1.293291 -0.370216 3.888696
v -1.350762 -0.419398 3.849543
v -1.158841 -0.375354 3.872508
v -1.216699 -0.436500 3.859532
v -1.274171 -0.485682 3.820380
v -1.537184 0.213073 3.827274
v -1.528426 0.187636 3.908088
v -1.539439 0.143286 3.979967
v -1.460592 0.146789 3.798110
v -1.451834 0.121352 3.878925
v -1.462848 0.077002 3.950803
v -1.384001 0.080505 3.768947
v -1.375243 0.055068 3.849762
v -1.386256 0.010717 3.921640
v -1.728434 0.075525 3.637623
v -1.670576 0.136671 3.650599
v -1.613105 0.185853 3.689751
v -1.651843 0.009241 3.608459
v -1.593985 0.070387 3.621436
v -1.536513 0.119569 3.660588
v -1.575252 -0.057043 3.579296
v -1.517393 0.004103 3.592272
v -1.459922 0.053285 3.631424
v -1.809640 -0.115197 3.857838
v -1.818397 -0.089760 3.777023
v -1.807384 -0.045409 3.705145
v -1.733048 -0.181481 3.828674
v -1.741806 -0.156044 3.747860
v -1.730793 -0.111693 3.675981
v -1.656457 -0.247765 3.799511
v -1.665215 -0.222328 3.718696
v -1.654202 -0.177978 3.646818
v -2.004514 -0.630944 6.924881
v -1.991879 -0.588759 6.980276
v -1.982621 -0.646412 6.960240
v -1.988451 -0.699698 6.929622
v -2.019085 -0.659485 6.894190
v -2.049979 -0.609589 6.875034
v -2.021237 -0.589858 6.925981
v -1.618389 0.022351 4.047489
v -1.676247 -0.038795 4.034513
v -1.733718 -0.087977 3.995360
v -1.541798 -0.043933 4.018325
v -1.599656 -0.105079 4.005349
v -1.657127 -0.154261 3.966197
v -1.465206 -0.110217 3.989162
v -1.523065 -0.171363 3.976186
v -1.580536 -0.220545 3.937034
v -1.821560 0.477142 3.944154
v -1.814155 0.452172 4.027885
v -1.827136 0.408884 4.106862
v -1.760451 0.411609 3.914848
v -1.752155 0.386309 3.996647
v -1.763820 0.342230 4.070723
v -1.689553 0.345602 3.885612
v -1.680853 0.320182 3.966549
v -1.691947 0.275866 4.038702
v -2.019697 0.347559 3.763597
v -1.953465 0.404063 3.770350
v -1.894279 0.450776 3.806894
v -1.954218 0.276182 3.727981
v -1.893643 0.336128 3.739085
v -1.835446 0.384634 3.777396
v -1.881118 0.208319 3.696308
v -1.822920 0.269315 3.709050
v -1.765358 0.318413 3.748097
v -2.111891 0.136786 3.994035
v -2.124009 0.166465 3.917316
v -2.114373 0.219321 3.845107
v -2.038188 0.079774 3.951101
v -2.047899 0.106580 3.871378
v -2.037195 0.153490 3.799186
v -1.962669 0.016887 3.916886
v -1.971546 0.042495 3.836208
v -1.960571 0.087165 3.764290
v -1.911371 0.280021 4.178914
v -1.970959 0.213320 4.162065
v -2.030114 0.162198 4.122764
v -1.844138 0.219250 4.139417
v -1.902544 0.156340 4.125289
v -1.960535 0.106460 4.086043
v -1.771069 0.154676 4.106370
v -1.828995 0.093309 4.093250
v -1.886532 0.044040 4.054086
v -2.544083 0.346477 4.529453
v -2.494587 0.274229 4.509834
v -2.426906 0.227662 4.498734
v -2.561094 0.305529 4.637403
v -2.510305 0.240141 4.611986
v -2.440300 0.195660 4.595502
v -2.567967 0.262285 4.737582
v -2.516892 0.199644 4.710172
v -2.446116 0.156165 4.691697
v -2.438972 0.618109 4.677006
v -2.503915 0.576047 4.647641
v -2.549198 0.511981 4.605020
v -2.451722 0.565256 4.764255
v -2.518960 0.520215 4.739864
v -2.565738 0.455815 4.706022
v -2.457303 0.518136 4.856968
v -2.525314 0.472156 4.834597
v -2.572468 0.407919 4.804077
v -2.156169 0.503762 4.634179
v -2.212536 0.567652 4.666184
v -2.284746 0.612986 4.685879
v -2.169797 0.459212 4.721374
v -2.222513 0.522022 4.750434
v -2.293869 0.565992 4.769572
v -2.175878 0.415281 4.814294
v -2.227193 0.477600 4.842160
v -2.298138 0.521015 4.860966
v -2.272976 0.232162 4.511999
v -2.203657 0.280356 4.535008
v -2.151391 0.349166 4.563592
v -2.282534 0.199223 4.602110
v -2.213984 0.246061 4.624434
v -2.165240 0.311754 4.654047
v -2.286963 0.159398 4.695856
v -2.218787 0.205602 4.717969
v -2.171388 0.270001 4.747961
v -2.571579 0.174743 4.929917
v -2.520463 0.112494 4.902222
v -2.449576 0.069159 4.883462
v -2.572995 0.130931 5.025775
v -2.521879 0.068683 4.998080
v -2.450993 0.025347 4.979321
v -2.574410 0.087120 5.121634
v -2.523295 0.024871 5.093938
v -2.452409 -0.018464 5.075180
v -2.460729 0.430040 5.048236
v -2.528852 0.383926 5.026154
v -2.576059 0.319712 4.996108
v -2.462145 0.386229 5.144095
v -2.530267 0.340114 5.122013
v -2.577475 0.275901 5.091967
v -2.463561 0.342417 5.239954
v -2.531683 0.296303 5.217871
v -2.578891 0.232089 5.187825
v -2.179376 0.327641 5.005591
v -2.230492 0.389890 5.033287
v -2.301378 0.433225 5.052046
v -2.180792 0.283830 5.101450
v -2.231907 0.346078 5.129146
v -2.302794 0.389414 5.147904
v -2.182208 0.240018 5.197309
v -2.233324 0.302267 5.225004
v -2.304210 0.345602 5.243763
v -2.290225 0.072344 4.887272
v -2.222103 0.118458 4.909354
v -2.174896 0.182672 4.939400
v -2.291641 0.028532 4.983130
v -2.223519 0.074646 5.005213
v -2.176312 0.138860 5.035259
v -2.293057 -0.015279 5.078989
v -2.224935 0.030835 5.101071
v -2.177728 0.095049 5.131117
v -2.577243 -0.000504 5.313351
v -2.526127 -0.062753 5.285655
v -2.455240 -0.106087 5.266897
v -2.578659 -0.044315 5.409210
v -2.527543 -0.106564 5.381514
v -2.456656 -0.149899 5.362755
v -2.580074 -0.088127 5.505068
v -2.528959 -0.150376 5.477373
v -2.458073 -0.193711 5.458614
v -2.466393 0.254794 5.431671
v -2.534516 0.208680 5.409588
v -2.581723 0.144466 5.379542
v -2.467809 0.210982 5.527529
v -2.535931 0.164868 5.505447
v -2.583139 0.100654 5.475401
v -2.469225 0.167170 5.623388
v -2.537347 0.121057 5.601305
v -2.584555 0.056843 5.571259
v -2.004975 0.601159 3.863060
v -1.990829 0.688296 3.921819
v -1.969960 0.640252 3.894837
v -1.957073 0.582019 3.866206
v -2.006713 0.546530 3.834401
v -2.066238 0.521256 3.838258
v -2.038632 0.611363 3.876454
v 0.073151 -1.229485 3.595014
v 0.012202 -1.203670 3.569985
v 0.035117 -1.251267 3.601928
v 0.073730 -1.293779 3.624573
v 0.111651 -1.249737 3.603757
v 0.134147 -1.201232 3.572900
v 0.073036 -1.193184 3.569498
v -2.185040 0.152395 5.389026
v -2.236156 0.214644 5.416721
v -2.307042 0.257979 5.435480
v -2.186456 0.108583 5.484884
v -2.237571 0.170832 5.512580
v -2.308458 0.214167 5.531339
v -2.187872 0.064772 5.580743
v -2.238987 0.127020 5.608438
v -2.309874 0.170356 5.627197
v -2.295889 -0.102902 5.270706
v -2.227767 -0.056789 5.292789
v -2.180560 0.007425 5.322834
v -2.297305 -0.146714 5.366565
v -2.229183 -0.100600 5.388647
v -2.181976 -0.036386 5.418693
v -2.298721 -0.190526 5.462423
v -2.230599 -0.144412 5.484506
v -2.183392 -0.080198 5.514552
v -0.313308 -1.446943 3.334538
v -0.258595 -1.509392 3.400509
v -0.299978 -1.468703 3.390330
v -0.340011 -1.420203 3.369790
v -0.344786 -1.404223 3.303029
v -0.313199 -1.388966 3.248564
v -0.282252 -1.458080 3.316431
v -2.582907 -0.175750 5.696785
v -2.531791 -0.237999 5.669090
v -2.460904 -0.281334 5.650331
v -2.584322 -0.219562 5.792644
v -2.533207 -0.281810 5.764949
v -2.462320 -0.325146 5.746190
v -2.585738 -0.263373 5.888503
v -2.534623 -0.325622 5.860807
v -2.463737 -0.368957 5.842048
v 2.403506 -0.289090 7.067068
v 2.329070 -0.271952 7.140629
v 2.406182 -0.316684 7.092520
v 2.470114 -0.355721 7.023751
v 2.439764 -0.298770 7.018074
v 2.381655 -0.263270 7.027995
v 2.351722 -0.262908 7.086992
v -2.472057 0.079547 5.815105
v -2.540179 0.033434 5.793023
v -2.587387 -0.030781 5.762977
v -2.473473 0.035736 5.910964
v -2.541595 -0.010378 5.888881
v -2.588803 -0.074592 5.858835
v -2.474889 -0.008076 6.006822
v -2.543011 -0.054190 5.984740
v -2.590219 -0.118404 5.954694
v -2.190704 -0.022852 5.772460
v -2.241819 0.039397 5.800156
v -2.312706 0.082732 5.818914
v -2.192120 -0.066663 5.868319
v -2.243235 -0.004414 5.896014
v -2.314122 0.038921 5.914773
v -2.193536 -0.110475 5.964177
v -2.244651 -0.048226 5.991873
v -2.315538 -0.004891 6.010632
v -2.301553 -0.278149 5.654140
v -2.233431 -0.232035 5.676223
v -2.186224 -0.167821 5.706269
v -2.302969 -0.321961 5.749999
v -2.234847 -0.275847 5.772081
v -2.187640 -0.211633 5.802127
v -2.304385 -0.365772 5.845858
v -2.236263 -0.319658 5.867940
v -2.189055 -0.255444 5.897986
v -2.588571 -0.350997 6.080220
v -2.537455 -0.413245 6.052525
v -2.466568 -0.456580 6.033765
v -2.589987 -0.394808 6.176078
v -2.538871 -0.457057 6.148383
v -2.467984 -0.500392 6.129624
v -2.591402 -0.438620 6.271937
v -2.540287 -0.500868 6.244241
v -2.469400 -0.544204 6.225482
v -2.477721 -0.095699 6.198539
v -2.545844 -0.141813 6.176457
v -2.593050 -0.206027 6.146411
v -2.479137 -0.139511 6.294398
v -2.547259 -0.185625 6.272316
v -2.594467 -0.249839 6.242270
v -2.480553 -0.183322 6.390256
v -2.548675 -0.229436 6.368174
v -2.595882 -0.293650 6.338128
v -2.196368 -0.198098 6.155894
v -2.247483 -0.135849 6.183590
v -2.318370 -0.092514 6.202349
v -2.197784 -0.241910 6.251753
v -2.248899 -0.179661 6.279449
v -2.319786 -0.136326 6.298207
v -2.199200 -0.285721 6.347611
v -2.250315 -0.223473 6.375307
v -2.321202 -0.180137 6.394066
v -2.307217 -0.453395 6.037575
v -2.239095 -0.407281 6.059658
v -2.191888 -0.343067 6.089704
v -2.308633 -0.497207 6.133434
v -2.240511 -0.451093 6.155516
v -2.193304 -0.386879 6.185562
v -2.310049 -0.541018 6.229292
v -2.241927 -0.494904 6.251374
v -2.194719 -0.430691 6.281421
v -2.593523 -0.526639 6.463740
v -2.542400 -0.589016 6.435746
v -2.471600 -0.632268 6.416769
v -2.589960 -0.573226 6.560202
v -2.538785 -0.636496 6.530119
v -2.468592 -0.679169 6.509613
v -2.577131 -0.625772 6.657533
v -2.526276 -0.690804 6.621680
v -2.457966 -0.731433 6.597256
v -2.482931 -0.270251 6.581555
v -2.550993 -0.316448 6.559598
v -2.598136 -0.380969 6.529860
v -2.481170 -0.309200 6.674484
v -2.548807 -0.355981 6.653407
v -2.595498 -0.422651 6.625817
v -2.473936 -0.339706 6.762366
v -2.540249 -0.387319 6.743496
v -2.585337 -0.458914 6.721902
v -2.201357 -0.373023 6.539079
v -2.252678 -0.310594 6.566682
v -2.323647 -0.267163 6.585388
v -2.198048 -0.414584 6.633190
v -2.250807 -0.350896 6.660142
v -2.322351 -0.306792 6.678480
v -2.187077 -0.451492 6.724158
v -2.243592 -0.384775 6.749350
v -2.316445 -0.339202 6.766811
v -2.312437 -0.628791 6.420392
v -2.244262 -0.582596 6.442524
v -2.196866 -0.518304 6.472750
v -2.310746 -0.673649 6.511929
v -2.242198 -0.626883 6.534411
v -2.193481 -0.562045 6.565897
v -2.303761 -0.720321 6.596007
v -2.234442 -0.672158 6.619085
v -2.182265 -0.606099 6.653686
v -1.869997 -0.915824 7.005554
v -1.859734 -0.946634 7.090577
v -1.870276 -0.991581 7.164913
v -1.806812 -0.987547 6.980318
v -1.797542 -1.014619 7.062474
v -1.808358 -1.059237 7.135162
v -1.734996 -1.056017 6.952836
v -1.726174 -1.081659 7.033818
v -1.737162 -1.126042 7.105797
v -2.069715 -1.063086 6.803651
v -2.010192 -1.000577 6.818039
v -1.950959 -0.944851 6.858899
v -2.000436 -1.128103 6.787234
v -1.942064 -1.066435 6.800689
v -1.884036 -1.015234 6.840435
v -1.926543 -1.193941 6.762755
v -1.868621 -1.132730 6.775791
v -1.811080 -1.083296 6.815018
v -2.166333 -1.228692 7.027506
v -2.170233 -1.212707 6.939281
v -2.154522 -1.175891 6.866684
v -2.086171 -1.311459 7.008981
v -2.093543 -1.288727 6.925735
v -2.081126 -1.246641 6.853445
v -2.008315 -1.383743 6.983161
v -2.016899 -1.358643 6.902043
v -2.005710 -1.314576 6.830113
v -1.966800 0.535945 4.371760
v -2.013705 0.512745 4.419399
v -1.981797 0.494226 4.369902
v -1.949859 0.494352 4.317073
v -1.943879 0.552309 4.337472
v -1.953288 0.605291 4.367726
v -1.983949 0.563853 4.401693
v -1.950044 -1.102580 7.237074
v -2.012170 -1.156037 7.225595
v -2.079658 -1.197616 7.184508
v -1.887567 -1.177244 7.204056
v -1.946867 -1.236139 7.191422
v -2.007466 -1.283241 7.151546
v -1.816145 -1.246611 7.173491
v -1.874183 -1.307475 7.160557
v -1.932045 -1.356398 7.121315
v -1.582495 -1.188898 6.894749
v -1.573737 -1.214335 6.975563
v -1.584751 -1.258685 7.047441
v -1.505904 -1.255182 6.865585
v -1.497146 -1.280619 6.946400
v -1.508159 -1.324970 7.018278
v -1.429312 -1.321466 6.836422
v -1.420555 -1.346903 6.917236
v -1.431568 -1.391254 6.989115
v -1.773746 -1.326446 6.705098
v -1.715888 -1.265300 6.718074
v -1.658416 -1.216118 6.757226
v -1.697154 -1.392730 6.675934
v -1.639296 -1.331584 6.688910
v -1.581825 -1.282402 6.728063
v -1.620563 -1.459014 6.646770
v -1.562705 -1.397869 6.659747
v -1.505234 -1.348686 6.698899
v -1.854951 -1.517168 6.925312
v -1.863709 -1.491731 6.844498
v -1.852695 -1.447380 6.772620
v -1.778360 -1.583452 6.896149
v -1.787117 -1.558015 6.815334
v -1.776104 -1.513665 6.743456
v -1.701768 -1.649736 6.866985
v -1.710526 -1.624299 6.786171
v -1.699513 -1.579949 6.714293
v -1.663700 -1.379620 7.114964
v -1.721559 -1.440766 7.101988
v -1.779030 -1.489948 7.062835
v -1.587109 -1.445904 7.085800
v -1.644967 -1.507050 7.072824
v -1.702439 -1.556232 7.033672
v -1.510518 -1.512188 7.056636
v -1.568376 -1.573334 7.043661
v -1.625847 -1.622516 7.004508
v -1.276130 -1.454035 6.778095
v -1.267372 -1.479472 6.858910
v -1.278385 -1.523822 6.930788
v -1.199538 -1.520319 6.748931
v -1.190781 -1.545756 6.829746
v -1.201794 -1.590107 6.901625
v -1.122947 -1.586603 6.719768
v -1.114190 -1.612040 6.800583
v -1.125203 -1.656391 6.872461
v -1.467380 -1.591583 6.588444
v -1.409522 -1.530437 6.601420
v -1.352051 -1.481255 6.640572
v -1.390789 -1.657867 6.559280
v -1.332931 -1.596721 6.572257
v -1.275460 -1.547539 6.611409
v -1.314198 -1.724151 6.530117
v -1.256340 -1.663005 6.543093
v -1.198868 -1.613823 6.582245
v 1.963819 -0.551623 7.019753
v 1.950306 -0.620969 7.023787
v 1.940897 -0.567987 7.054041
v 1.946878 -0.510029 7.074440
v 1.978816 -0.509903 7.021611
v 2.010724 -0.528422 6.972114
v 1.980968 -0.579530 6.989820
v -1.548586 -1.782305 6.808659
v -1.557344 -1.756868 6.727844
v -1.546330 -1.712517 6.655966
v -1.471995 -1.848589 6.779495
v -1.480752 -1.823152 6.698681
v -1.469739 -1.778802 6.626802
v -1.395403 -1.914873 6.750332
v -1.404161 -1.889436 6.669517
v -1.393148 -1.845086 6.597639
v -1.357335 -1.644757 6.998310
v -1.415193 -1.705903 6.985334
v -1.472665 -1.755085 6.946181
v -1.280744 -1.711041 6.969146
v -1.338602 -1.772187 6.956170
v -1.396073 -1.821369 6.917018
v -1.204153 -1.777325 6.939983
v -1.262011 -1.838471 6.927007
v -1.319482 -1.887653 6.887855
v -0.969765 -1.719172 6.661441
v -0.961007 -1.744609 6.742256
v -0.972020 -1.788959 6.814134
v -0.893173 -1.785456 6.632277
v -0.884415 -1.810893 6.713092
v -0.895429 -1.855244 6.784971
v -0.816582 -1.851740 6.603114
v -0.807824 -1.877177 6.683929
v -0.818837 -1.921528 6.755807
v -1.161015 -1.856720 6.471790
v -1.103157 -1.795574 6.484766
v -1.045686 -1.746392 6.523918
v -1.084424 -1.923004 6.442626
v -1.026566 -1.861858 6.455603
v -0.969094 -1.812676 6.494755
v -1.007833 -1.989288 6.413463
v -0.949974 -1.928142 6.426439
v -0.892503 -1.878960 6.465591
v -1.242221 -2.047441 6.692005
v -1.250978 -2.022005 6.611190
v -1.239965 -1.977654 6.539312
v -1.165630 -2.113726 6.662842
v -1.174387 -2.088289 6.582027
v -1.163374 -2.043939 6.510149
v -1.089038 -2.180010 6.633678
v -1.097796 -2.154573 6.552863
v -1.086783 -2.110223 6.480985
v -1.050970 -1.909894 6.881656
v -1.108828 -1.971040 6.868680
v -1.166299 -2.020221 6.829527
v -0.974379 -1.976178 6.852493
v -1.032237 -2.037323 6.839516
v -1.089708 -2.086506 6.800364
v -0.897787 -2.042462 6.823329
v -0.955646 -2.103608 6.810353
v -1.013117 -2.152790 6.771201
v -0.663399 -1.984309 6.544787
v -0.654642 -2.009746 6.625602
v -0.665655 -2.054096 6.697480
v -0.586808 -2.050593 6.515624
v -0.578050 -2.076030 6.596438
v -0.589064 -2.120380 6.668317
v -0.510217 -2.116877 6.486461
v -0.501459 -2.142314 6.567275
v -0.512472 -2.186665 6.639153
v -0.854650 -2.121857 6.355136
v -0.796792 -2.060711 6.368113
v -0.739320 -2.011529 6.407265
v -0.778059 -2.188141 6.325973
v -0.720200 -2.126995 6.338949
v -0.662729 -2.077813 6.378101
v -0.701467 -2.254425 6.296809
v -0.643609 -2.193279 6.309786
v -0.586138 -2.144097 6.348938
v -0.935856 -2.312578 6.575351
v -0.944613 -2.287142 6.494536
v -0.933600 -2.242791 6.422658
v -0.859264 -2.378863 6.546188
v -0.868022 -2.353426 6.465373
v -0.857009 -2.309075 6.393495
v -0.782673 -2.445147 6.517025
v -0.791430 -2.419710 6.436210
v -0.780417 -2.375360 6.364331
v -0.744605 -2.175031 6.765002
v -0.802463 -2.236176 6.752027
v -0.859934 -2.285358 6.712873
v -0.668013 -2.241315 6.735839
v -0.725872 -2.302461 6.722862
v -0.783343 -2.351643 6.683711
v -0.591422 -2.307599 6.706675
v -0.649280 -2.368745 6.693699
v -0.706752 -2.417927 6.654547
v -0.356884 -2.248673 6.428096
v -0.348249 -2.274153 6.509150
v -0.359253 -2.318523 6.581135
v -0.279238 -2.309551 6.398668
v -0.271464 -2.335330 6.481394
v -0.282406 -2.379837 6.554131
v -0.200005 -2.361080 6.369676
v -0.194550 -2.387729 6.456530
v -0.205147 -2.432629 6.530888
v -0.548634 -2.386422 6.238093
v -0.490695 -2.325224 6.251123
v -0.432967 -2.275952 6.290278
v -0.474485 -2.448704 6.206202
v -0.415986 -2.387145 6.219608
v -0.356462 -2.337239 6.258785
v -0.404586 -2.504134 6.169625
v -0.345008 -2.441673 6.183992
v -0.280968 -2.390108 6.223022
v -0.628889 -2.577535 6.457922
v -0.638087 -2.551905 6.377037
v -0.627364 -2.507435 6.305285
v -0.548089 -2.642558 6.423330
v -0.560374 -2.615573 6.341954
v -0.551674 -2.570271 6.271080
v -0.460512 -2.704956 6.377986
v -0.481159 -2.674478 6.296137
v -0.477584 -2.627160 6.228161
v -0.437798 -2.439470 6.648662
v -0.495372 -2.500737 6.635551
v -0.552620 -2.550190 6.596075
v -0.358115 -2.500874 6.621691
v -0.413698 -2.562985 6.607642
v -0.469384 -2.614340 6.565896
v -0.273105 -2.553848 6.598552
v -0.323096 -2.617808 6.582452
v -0.373837 -2.673881 6.534988
v 0.128950 -2.455846 5.842291
v 0.203216 -2.502310 5.817686
v 0.255965 -2.565436 5.787322
v 0.126717 -2.426500 5.747996
v 0.198712 -2.470777 5.727446
v 0.250397 -2.533320 5.698862
v 0.127044 -2.388085 5.652501
v 0.198069 -2.431538 5.633518
v 0.249256 -2.493824 5.605712
v 0.066675 1.058042 8.265359
v -0.035793 1.047341 8.240229
v 0.020132 1.028926 8.237972
v 0.085583 1.019362 8.236773
v 0.128025 1.061080 8.271319
v 0.146239 1.122107 8.283192
v 0.050078 1.091329 8.271099
v -0.161723 -2.574099 5.780390
v -0.112310 -2.508709 5.811048
v -0.040948 -2.459253 5.838343
v -0.152486 -2.541466 5.690135
v -0.104546 -2.476866 5.720464
v -0.035360 -2.429743 5.744155
v -0.148202 -2.501780 5.596323
v -0.100903 -2.437517 5.626404
v -0.032648 -2.391277 5.648688
v -0.035270 -2.825568 5.689676
v -0.111965 -2.780215 5.702391
v -0.162742 -2.717783 5.723310
v -0.025665 -2.792436 5.583804
v -0.098449 -2.748430 5.600920
v -0.149623 -2.686068 5.626626
v -0.021678 -2.752385 5.484467
v -0.092801 -2.708966 5.503020
v -0.143924 -2.646703 5.530467
v 2.439285 0.817947 4.644901
v 2.366482 0.885607 4.607922
v 2.387715 0.850724 4.650396
v 2.416199 0.805550 4.689445
v 2.474441 0.774168 4.670516
v 2.505555 0.740847 4.624489
v 2.442890 0.819099 4.607457
v -0.076132 1.213807 7.796499
v -0.015183 1.187992 7.821528
v -0.076017 1.177506 7.822015
v -0.137128 1.185555 7.818613
v -0.114632 1.234060 7.787755
v -0.076711 1.278102 7.766940
v -0.038098 1.235590 7.789585
v 0.262535 -2.707924 5.720408
v 0.215149 -2.771917 5.694332
v 0.143561 -2.820578 5.682828
v 0.255484 -2.677575 5.632457
v 0.208044 -2.741835 5.603689
v 0.138635 -2.788846 5.584749
v 0.253812 -2.638703 5.539494
v 0.206575 -2.702923 5.509608
v 0.138292 -2.749149 5.487918
v 0.129720 -2.301233 5.460836
v 0.200607 -2.344568 5.442077
v 0.251722 -2.406816 5.414382
v 0.131136 -2.257421 5.364977
v 0.202023 -2.300756 5.346218
v 0.253138 -2.363005 5.318523
v 0.132552 -2.213609 5.269119
v 0.203439 -2.256945 5.250360
v 0.254554 -2.319193 5.222664
v -0.144961 -2.414746 5.404898
v -0.097753 -2.350532 5.434944
v -0.029631 -2.304418 5.457026
v -0.143545 -2.370934 5.309039
v -0.096337 -2.306720 5.339086
v -0.028215 -2.260606 5.361168
v -0.142129 -2.327122 5.213181
v -0.094921 -2.262908 5.243227
v -0.026799 -2.216794 5.265309
v -0.018478 -2.665299 5.292253
v -0.089365 -2.621964 5.311011
v -0.140480 -2.559715 5.338707
v -0.017062 -2.621488 5.196393
v -0.087949 -2.578152 5.215153
v -0.139065 -2.515903 5.242848
v -0.015646 -2.577676 5.100535
v -0.086533 -2.534341 5.119294
v -0.137649 -2.472092 5.146990
v 0.256202 -2.551786 5.348190
v 0.208995 -2.616000 5.318144
v 0.140873 -2.662114 5.296062
v 0.257618 -2.507974 5.252332
v 0.210411 -2.572188 5.222286
v 0.142289 -2.618302 5.200203
v 0.259034 -2.464163 5.156473
v 0.211827 -2.528377 5.126427
v 0.143705 -2.574491 5.104345
v 0.135384 -2.125986 5.077402
v 0.206271 -2.169322 5.058642
v 0.257386 -2.231570 5.030947
v 0.136800 -2.082175 4.981543
v 0.207687 -2.125510 4.962784
v 0.258802 -2.187759 4.935089
v 0.138216 -2.038363 4.885684
v 0.209102 -2.081698 4.866925
v 0.260218 -2.143947 4.839230
v -0.183980 2.625589 4.815213
v -0.080541 2.604857 4.825990
v -0.135384 2.588258 4.812261
v -0.200215 2.577755 4.804297
v -0.245528 2.628941 4.812170
v -0.267109 2.676866 4.850043
v -0.169245 2.652531 4.836971
v -0.139297 -2.239499 5.021463
v -0.092089 -2.175285 5.051510
v -0.023967 -2.129171 5.073592
v -0.137881 -2.195688 4.925605
v -0.090673 -2.131474 4.955651
v -0.022551 -2.085360 4.977733
v -0.136465 -2.151876 4.829746
v -0.089257 -2.087662 4.859793
v -0.021135 -2.041548 4.881875
v -0.012814 -2.490053 4.908818
v -0.083701 -2.446718 4.927577
v -0.134816 -2.384469 4.955273
v -0.011398 -2.446241 4.812960
v -0.082285 -2.402905 4.831718
v -0.133401 -2.340657 4.859414
v -0.009982 -2.402429 4.717101
v -0.080869 -2.359094 4.735860
v -0.131985 -2.296845 4.763556
v 2.467336 0.695608 4.422768
v 2.407254 0.684353 4.285843
v 2.335307 0.670983 4.151654
v 2.405880 0.820698 4.434997
v 2.363212 0.823245 4.316421
v 2.308221 0.823416 4.199845
v 2.329681 0.940924 4.458499
v 2.304485 0.959305 4.354545
v 2.266136 0.970056 4.251437
v -2.225898 0.538053 3.973997
v -2.314516 0.574155 4.089447
v -2.395159 0.609716 4.214321
v -2.167379 0.664689 3.984600
v -2.247093 0.705887 4.073120
v -2.319269 0.746572 4.171857
v -2.092528 0.786480 4.004030
v -2.166274 0.835660 4.066657
v -2.233781 0.879802 4.142231
v 0.261866 -2.376540 4.964756
v 0.214659 -2.440754 4.934710
v 0.146537 -2.486867 4.912628
v 0.263282 -2.332728 4.868897
v 0.216075 -2.396942 4.838851
v 0.147953 -2.443056 4.816769
v 0.264698 -2.288916 4.773039
v 0.217491 -2.353130 4.742993
v 0.149369 -2.399244 4.720911
v 0.141048 -1.950740 4.693967
v 0.211934 -1.994075 4.675208
v 0.263050 -2.056324 4.647513
v 0.142464 -1.906928 4.598109
v 0.213351 -1.950263 4.579350
v 0.264466 -2.012512 4.551654
v 0.143880 -1.863117 4.502250
v 0.214766 -1.906452 4.483491
v 0.265882 -1.968701 4.455796
v 2.001533 0.615266 4.466632
v 1.988898 0.573081 4.411237
v 2.018255 0.574181 4.465532
v 2.046998 0.593912 4.516479
v 2.016104 0.643808 4.497323
v 1.985470 0.684021 4.461891
v 1.979640 0.630734 4.431273
v -0.133633 -2.064253 4.638029
v -0.086425 -2.000039 4.668075
v -0.018303 -1.953925 4.690157
v -0.132217 -2.020441 4.542171
v -0.085009 -1.956227 4.572217
v -0.016887 -1.910113 4.594299
v -0.130801 -1.976629 4.446312
v -0.083593 -1.912416 4.476358
v -0.015471 -1.866302 4.498440
v -0.007151 -2.314806 4.525384
v -0.078037 -2.271471 4.544143
v -0.129152 -2.209222 4.571838
v -0.005735 -2.270995 4.429525
v -0.076621 -2.227659 4.448284
v -0.127737 -2.165411 4.475979
v -0.004318 -2.227183 4.333667
v -0.075205 -2.183848 4.352426
v -0.126321 -2.121599 4.380121
v 0.267530 -2.201293 4.581322
v 0.220323 -2.265507 4.551275
v 0.152201 -2.311621 4.529193
v 0.268946 -2.157482 4.485463
v 0.221739 -2.221695 4.455417
v 0.153617 -2.267809 4.433335
v 0.270362 -2.113670 4.389605
v 0.223155 -2.177884 4.359559
v 0.155033 -2.223998 4.337476
v 0.146712 -1.775493 4.310533
v 0.217598 -1.818829 4.291774
v 0.268714 -1.881077 4.264078
v 0.148128 -1.731682 4.214674
v 0.219015 -1.775017 4.195915
v 0.270130 -1.837266 4.168220
v 0.149544 -1.687870 4.118816
v 0.220430 -1.731205 4.100057
v 0.271546 -1.793454 4.072361
v -0.127969 -1.889006 4.254595
v -0.080761 -1.824792 4.284641
v -0.012639 -1.778678 4.306723
v -0.126553 -1.845195 4.158736
v -0.079345 -1.780981 4.188782
v -0.011223 -1.734867 4.210865
v -0.125137 -1.801383 4.062878
v -0.077929 -1.737169 4.092924
v -0.009807 -1.691055 4.115006
v -0.001487 -2.139560 4.141950
v -0.072373 -2.096225 4.160708
v -0.123488 -2.033976 4.188404
v -0.000071 -2.095748 4.046091
v -0.070957 -2.052413 4.064850
v -0.122073 -1.990164 4.092545
v 0.001346 -2.051937 3.950232
v -0.069541 -2.008601 3.968991
v -0.120657 -1.946352 3.996686
v 0.273194 -2.026047 4.197887
v 0.225987 -2.090261 4.167841
v 0.157865 -2.136374 4.145759
v 0.274610 -1.982235 4.102029
v 0.227403 -2.046449 4.071982
v 0.159281 -2.092563 4.049901
v 0.276026 -1.938424 4.006170
v 0.228819 -2.002638 3.976124
v 0.160697 -2.048751 3.954042
v -0.164273 1.148360 8.245663
v -0.049349 1.235470 8.249834
v 0.067369 1.311740 8.238277
v -0.238529 1.227265 8.239390
v -0.127056 1.330509 8.221255
v -0.017008 1.425352 8.188698
v -0.313038 1.306028 8.217891
v -0.207979 1.422321 8.180813
v -0.104232 1.535069 8.127743
v -0.119514 -1.594174 3.386009
v -0.114379 -1.497378 3.279157
v -0.111705 -1.390764 3.188604
v -0.019768 -1.634032 3.370481
v 0.008603 -1.523063 3.269014
v 0.037439 -1.405166 3.182791
v 0.086389 -1.664317 3.364914
v 0.135778 -1.544029 3.269900
v 0.189881 -1.414985 3.187970
v 0.152523 -1.599781 3.927716
v 0.223553 -1.643343 3.908997
v 0.274764 -1.705646 3.881290
v 0.154968 -1.552703 3.836180
v 0.227006 -1.597859 3.817738
v 0.278880 -1.660536 3.789954
v 0.159858 -1.500592 3.752312
v 0.234272 -1.549883 3.734521
v 0.287664 -1.613248 3.706390
v -0.122908 -1.713373 3.871325
v -0.075500 -1.649246 3.901692
v -0.007179 -1.602963 3.923879
v -0.125714 -1.666853 3.776616
v -0.076903 -1.603332 3.809229
v -0.007190 -1.555870 3.832148
v -0.135612 -1.616005 3.684958
v -0.083257 -1.554394 3.723338
v -0.010291 -1.503763 3.747795
v -2.333259 -0.849404 7.165552
v -2.315130 -0.711991 7.249701
v -2.281810 -0.575031 7.327598
v -2.408906 -0.743022 7.086040
v -2.372746 -0.626893 7.171902
v -2.321955 -0.506167 7.251024
v -2.472664 -0.635350 7.003416
v -2.417983 -0.541208 7.091286
v -2.348597 -0.440980 7.168441
v 0.263990 -2.778236 6.358241
v 0.109369 -2.810219 6.326532
v -0.049032 -2.826237 6.295794
v 0.298382 -2.773879 6.253286
v 0.159082 -2.818007 6.207866
v 0.020455 -2.845458 6.161020
v 0.326242 -2.755859 6.149950
v 0.207507 -2.813380 6.091586
v 0.089203 -2.852459 6.027942
v -0.038419 2.380696 5.243378
v -0.040437 2.400435 5.311305
v -0.077345 2.387771 5.263467
v -0.098537 2.379605 5.206064
v -0.037274 2.376227 5.199247
v 0.023409 2.382042 5.208979
v -0.000811 2.389301 5.265297
v 0.004791 -1.963294 3.758424
v -0.066440 -1.920041 3.777077
v -0.118051 -1.857926 3.804713
v 0.010506 -1.912346 3.661926
v -0.063142 -1.869671 3.679838
v -0.118221 -1.808487 3.707055
v 0.023632 -1.849181 3.564330
v -0.056281 -1.808189 3.580212
v -0.120622 -1.749544 3.606035
v 0.279455 -1.850316 3.814924
v 0.232373 -1.914310 3.784740
v 0.164329 -1.960229 3.762507
v 0.285051 -1.803110 3.722361
v 0.238845 -1.865565 3.691211
v 0.171343 -1.910120 3.667927
v 0.297812 -1.750086 3.635448
v 0.253986 -1.808362 3.601675
v 0.187956 -1.849216 3.575537
v -0.197007 2.770942 5.024496
v -0.117413 2.812085 5.144734
v -0.034511 2.842237 5.269553
v -0.076845 2.735778 4.962059
v -0.003451 2.780295 5.054358
v 0.073596 2.813910 5.152069
v 0.042446 2.681560 4.901702
v 0.112699 2.732197 4.967121
v 0.183567 2.771256 5.042418
v 2.219107 -0.485064 7.435202
v 2.261553 -0.620510 7.359117
v 2.289155 -0.757009 7.276061
v 2.260082 -0.414579 7.360567
v 2.319375 -0.533105 7.284078
v 2.364205 -0.647615 7.200152
v 2.288013 -0.348301 7.279289
v 2.364954 -0.445605 7.205632
v 2.427485 -0.537403 7.120564
v -0.427145 2.679813 5.273819
v -0.371336 2.705250 5.362507
v -0.324698 2.716615 5.459131
v -0.415043 2.731680 5.227330
v -0.348032 2.761240 5.335598
v -0.289798 2.777156 5.452123
v -0.375320 2.767850 5.162594
v -0.296437 2.802175 5.290759
v -0.224753 2.823896 5.427662
v 0.242336 1.423102 8.149613
v 0.282334 1.450368 8.080812
v 0.295983 1.452183 8.011470
v 0.158833 1.538278 8.089709
v 0.211392 1.548012 8.030624
v 0.236893 1.532922 7.971261
v 0.082957 1.652183 8.014730
v 0.149718 1.643422 7.964930
v 0.187493 1.610924 7.915440
v 2.174618 0.683030 3.984342
v 2.098604 0.705242 3.969387
v 2.032521 0.717497 3.986993
v 2.173006 0.825294 4.045787
v 2.102364 0.824390 4.022963
v 2.038578 0.815416 4.031719
v 2.153129 0.961444 4.104621
v 2.087538 0.941443 4.075336
v 2.026016 0.912748 4.075905
v 2.411556 0.348771 4.417977
v 2.365028 0.337551 4.321352
v 2.309271 0.312218 4.232526
v 2.463856 0.395555 4.409386
v 2.406505 0.380792 4.292857
v 2.339911 0.352070 4.183481
v 2.497944 0.472447 4.410995
v 2.429777 0.454537 4.273666
v 2.352143 0.423702 4.141850
v -2.456258 0.694299 4.421860
v -2.427982 0.733204 4.486529
v -2.378209 0.752349 4.531063
v -2.383174 0.813381 4.354815
v -2.367519 0.831447 4.425104
v -2.329406 0.832362 4.477757
v -2.304045 0.930704 4.306158
v -2.299087 0.931430 4.380553
v -2.271843 0.915377 4.440626
v 0.464031 -1.453249 3.398527
v 0.406581 -1.536363 3.436168
v 0.358119 -1.616114 3.489785
v 0.451530 -1.456431 3.330257
v 0.384001 -1.557207 3.378883
v 0.326264 -1.653357 3.442806
v 0.407526 -1.443440 3.263999
v 0.331872 -1.563444 3.326389
v 0.267735 -1.675392 3.402203
v -0.360992 1.599973 7.902312
v -0.409949 1.520093 7.955676
v -0.467661 1.437208 7.992865
v -0.328376 1.633967 7.953378
v -0.390075 1.536793 8.015274
v -0.459703 1.437845 8.060281
v -0.268401 1.645439 8.005978
v -0.346179 1.530418 8.074810
v -0.429403 1.416640 8.125027
v 0.126599 2.830835 5.436504
v 0.188293 2.786686 5.463708
v 0.223786 2.727575 5.472263
v 0.208526 2.811596 5.306371
v 0.253417 2.773054 5.351220
v 0.275503 2.718153 5.378126
v 0.296263 2.779392 5.189500
v 0.326942 2.745914 5.248643
v 0.336493 2.695002 5.292522
v -2.399135 -0.862836 6.745978
v -2.349852 -0.940749 6.801907
v -2.290816 -1.021527 6.842284
v -2.453543 -0.841414 6.785712
v -2.392808 -0.936118 6.852259
v -2.322300 -1.034073 6.903796
v -2.491544 -0.791678 6.841919
v -2.419364 -0.903592 6.919971
v -2.337202 -1.019307 6.984875
v -2.250250 0.220835 4.123028
v -2.311177 0.243963 4.208936
v -2.362782 0.253374 4.303216
v -2.277236 0.257817 4.069159
v -2.350265 0.284770 4.174166
v -2.414497 0.298323 4.287802
v -2.282223 0.324014 4.017486
v -2.368070 0.355398 4.141873
v -2.446266 0.374832 4.275517
v -2.169535 -0.959645 7.288030
v -2.094427 -0.952533 7.316374
v -2.029485 -0.927851 7.315632
v -2.176630 -0.820175 7.355221
v -2.105521 -0.834389 7.371143
v -2.041581 -0.830383 7.360118
v -2.165115 -0.685738 7.419934
v -2.097922 -0.717571 7.425551
v -2.035044 -0.732755 7.404948
v 2.308506 -0.926447 7.095941
v 2.298096 -0.941719 7.014256
v 2.269110 -0.930381 6.951299
v 2.388988 -0.807481 7.034925
v 2.367017 -0.840977 6.966053
v 2.326735 -0.847271 6.913711
v 2.460287 -0.692699 6.960303
v 2.427031 -0.743859 6.902392
v 2.375481 -0.767399 6.860126
v 1.975424 -0.652593 7.500827
v 1.987989 -0.749839 7.456453
v 1.981935 -0.847669 7.411534
v 2.036589 -0.634929 7.524395
v 2.051438 -0.751299 7.470524
v 2.047701 -0.869738 7.415401
v 2.102649 -0.600432 7.521964
v 2.122602 -0.734240 7.458004
v 2.124301 -0.873818 7.390684
v 0.229889 -1.184080 3.106671
v 0.074202 -1.192428 3.099950
v -0.080003 -1.185553 3.100514
v 0.210180 -1.103247 3.116232
v 0.079518 -1.113510 3.109538
v -0.051040 -1.107184 3.110337
v 0.187275 -1.047969 3.153003
v 0.080088 -1.058486 3.146604
v -0.027544 -1.052103 3.147911
v -0.117543 -2.846205 5.937978
v -0.192477 -2.830802 6.072046
v -0.276732 -2.802495 6.200316
v -0.187724 -2.802316 5.922963
v -0.250916 -2.789771 6.036697
v -0.323661 -2.763750 6.142780
v -0.226324 -2.743246 5.918644
v -0.277799 -2.733961 6.012937
v -0.338691 -2.710949 6.098979
v -0.077388 -2.617250 6.572338
v -0.096009 -2.682019 6.555443
v -0.109701 -2.742283 6.503713
v 0.030251 -2.623404 6.571233
v 0.034603 -2.686512 6.556254
v 0.045174 -2.742985 6.509232
v 0.137131 -2.612616 6.577855
v 0.162814 -2.674074 6.564738
v 0.193409 -2.726869 6.521885
v 0.236742 -2.451309 6.132513
v 0.305103 -2.507824 6.098544
v 0.357183 -2.576745 6.068358
v 0.200318 -2.468704 6.070584
v 0.267244 -2.524873 6.038850
v 0.319034 -2.590374 6.006444
v 0.166597 -2.476186 6.005323
v 0.236770 -2.530143 5.973731
v 0.289468 -2.594203 5.940850
v 0.245771 1.387883 7.895446
v 0.189333 1.331996 7.856447
v 0.122067 1.271065 7.832688
v 0.201654 1.446944 7.868238
v 0.148365 1.387749 7.830588
v 0.083253 1.327517 7.804552
v 0.167055 1.503164 7.825610
v 0.115292 1.440430 7.790758
v 0.047574 1.380162 7.766598
v -0.205143 -2.605042 5.942481
v -0.241398 -2.600089 6.012022
v -0.286824 -2.581511 6.073391
v -0.153247 -2.538215 5.968376
v -0.187870 -2.533479 6.033447
v -0.230077 -2.516081 6.091511
v -0.085636 -2.481262 5.999789
v -0.122817 -2.475101 6.063543
v -0.162935 -2.458993 6.123677
v -0.149775 1.076624 7.936295
v -0.076238 1.081980 7.941594
v -0.002474 1.079386 7.939584
v -0.144502 1.032543 8.020260
v -0.072282 1.039923 8.024400
v -0.000484 1.033969 8.021846
v -0.133092 1.008051 8.107686
v -0.059285 1.013101 8.108865
v 0.012295 1.005605 8.105476
v 0.038857 2.400339 5.049914
v -0.034961 2.404083 5.048770
v -0.108430 2.397100 5.046408
v 0.033885 2.434653 4.961490
v -0.038695 2.438911 4.962664
v -0.110015 2.429422 4.958167
v 0.021705 2.484070 4.885444
v -0.052272 2.484490 4.886763
v -0.123276 2.473373 4.881653
v -0.204814 1.375117 7.760564
v -0.240135 1.321053 7.796820
v -0.277963 1.263069 7.823124
v -0.275962 1.432610 7.781404
v -0.308770 1.378612 7.819659
v -0.348666 1.321242 7.843585
v -0.331796 1.493192 7.813684
v -0.366118 1.435595 7.854665
v -0.409090 1.374793 7.879790
v 1.949450 0.695336 4.099765
v 1.936549 0.662908 4.181077
v 1.941390 0.623710 4.266176
v 1.956425 0.766509 4.132333
v 1.942645 0.730016 4.211325
v 1.944558 0.691678 4.295420
v 1.945064 0.837266 4.164569
v 1.932424 0.796410 4.242032
v 1.937239 0.758027 4.327503
v 0.201833 -1.390795 3.630949
v 0.272981 -1.448287 3.610108
v 0.328814 -1.508870 3.577829
v 0.237153 -1.336730 3.594693
v 0.305789 -1.394289 3.571854
v 0.363136 -1.451273 3.536848
v 0.274982 -1.278746 3.568388
v 0.345685 -1.336919 3.547928
v 0.406109 -1.390471 3.511723
v -2.243352 0.717154 4.557225
v -2.171881 0.667564 4.541031
v -2.106976 0.607312 4.510067
v -2.209115 0.774824 4.516276
v -2.139752 0.722149 4.503035
v -2.074123 0.663512 4.474751
v -2.166058 0.835553 4.491118
v -2.099177 0.778931 4.478850
v -2.033827 0.719360 4.447506
v -2.060467 -0.816817 6.846195
v -2.121814 -0.878921 6.811821
v -2.185717 -0.938156 6.796427
v -2.101614 -0.762596 6.817004
v -2.163423 -0.823780 6.785672
v -2.229915 -0.879172 6.769183
v -2.134961 -0.707720 6.780105
v -2.195855 -0.770486 6.746133
v -2.264433 -0.822876 6.726591
v 2.139075 0.462433 4.506572
v 2.107725 0.452718 4.440181
v 2.068733 0.437213 4.379154
v 2.203873 0.398866 4.482861
v 2.173294 0.392225 4.415956
v 2.133958 0.373799 4.356217
v 2.275477 0.353369 4.457710
v 2.242897 0.346965 4.386489
v 2.201148 0.326720 4.323070
v 1.901897 -0.775989 7.318985
v 1.908870 -0.704865 7.351659
v 1.897511 -0.634059 7.383789
v 1.891350 -0.735596 7.240968
v 1.897433 -0.668877 7.272065
v 1.887224 -0.602095 7.301922
v 1.898706 -0.696970 7.155787
v 1.901829 -0.630413 7.188120
v 1.894555 -0.562653 7.217115
v 0.202162 2.589365 5.449032
v 0.150266 2.522537 5.423137
v 0.082654 2.465584 5.391724
v 0.238417 2.584411 5.379491
v 0.184888 2.517801 5.358066
v 0.119836 2.459424 5.327970
v 0.283842 2.565834 5.318122
v 0.227096 2.500404 5.300002
v 0.159954 2.443316 5.267836
v -1.901764 0.680577 4.235241
v -1.904672 0.614097 4.203049
v -1.897363 0.546527 4.174189
v -1.894945 0.714193 4.146672
v -1.899310 0.648089 4.116695
v -1.888822 0.582830 4.087917
v -1.907076 0.739309 4.059520
v -1.908033 0.671212 4.030602
v -1.895811 0.606184 4.002082
v -2.022580 0.355434 4.281343
v -2.065031 0.369311 4.340422
v -2.099880 0.377703 4.405231
v -2.084051 0.289488 4.255377
v -2.126900 0.306271 4.313150
v -2.160881 0.311621 4.378512
v -2.147646 0.239794 4.219102
v -2.193152 0.258296 4.280436
v -2.229327 0.263325 4.350012
v -0.240076 2.435319 5.258272
v -0.203552 2.452960 5.320238
v -0.169733 2.460539 5.385690
v -0.310904 2.489650 5.287140
v -0.272247 2.508664 5.347137
v -0.240989 2.514717 5.413784
v -0.371019 2.552744 5.302466
v -0.329355 2.573062 5.365918
v -0.296690 2.579393 5.437106
v -1.952431 -0.711014 7.291747
v -1.959406 -0.782186 7.259180
v -1.948045 -0.852943 7.226944
v -1.939531 -0.678586 7.210436
v -1.945626 -0.745694 7.180188
v -1.935405 -0.812087 7.149480
v -1.944371 -0.639387 7.125337
v -1.947540 -0.707356 7.096093
v -1.940220 -0.773704 7.064010
v -2.219446 -0.346859 7.049454
v -2.141407 -0.390547 7.030094
v -2.072273 -0.453024 7.011709
v -2.254661 -0.363028 6.986422
v -2.178871 -0.407939 6.970249
v -2.111031 -0.468400 6.950669
v -2.282879 -0.368023 6.920315
v -2.208163 -0.414230 6.904681
v -2.142220 -0.478071 6.884445
v 2.058066 0.800589 4.545656
v 2.098972 0.746432 4.574948
v 2.132153 0.691701 4.611767
v 2.123469 0.858844 4.582396
v 2.163159 0.804204 4.609352
v 2.194257 0.752082 4.648249
v 2.198700 0.906007 4.604518
v 2.236156 0.849646 4.634433
v 2.266128 0.797909 4.674637
v 2.097084 -0.393334 6.985795
v 2.062406 -0.384979 7.050444
v 2.020193 -0.371222 7.109548
v 2.159383 -0.326930 7.009097
v 2.126764 -0.321876 7.073185
v 2.085820 -0.306051 7.131155
v 2.231361 -0.277790 7.028237
v 2.199841 -0.273989 7.092916
v 2.161037 -0.259300 7.154178
v -0.257929 -1.392974 3.493566
v -0.217246 -1.447798 3.516601
v -0.182937 -1.503252 3.551561
v -0.195028 -1.344563 3.534329
v -0.155042 -1.399246 3.558983
v -0.122051 -1.451957 3.596673
v -0.125388 -1.286354 3.558733
v -0.086696 -1.342672 3.586719
v -0.051027 -1.395321 3.624405
v -0.001599 -1.024973 3.284688
v 0.001531 -1.050743 3.369280
v -0.000004 -1.095201 3.451881
v 0.076665 -1.031729 3.282692
v 0.075139 -1.056499 3.367223
v 0.073987 -1.097770 3.449932
v 0.154412 -1.021855 3.288418
v 0.148276 -1.047810 3.372788
v 0.147638 -1.092250 3.455410
v -0.042688 -2.415881 6.341492
v -0.043668 -2.449248 6.429170
v -0.049152 -2.496299 6.503908
v 0.031257 -2.419861 6.342632
v 0.029927 -2.455392 6.427963
v 0.029110 -2.503103 6.502018
v 0.104954 -2.412930 6.345022
v 0.103077 -2.446315 6.432678
v 0.106859 -2.493180 6.507638
v 2.240371 -0.732832 6.834288
v 2.206134 -0.790502 6.875237
v 2.163076 -0.851231 6.900394
v 2.168900 -0.683241 6.850482
v 2.136771 -0.737826 6.888478
v 2.096195 -0.794609 6.912663
v 2.103995 -0.622989 6.881446
v 2.071142 -0.679189 6.916762
v 2.030846 -0.735038 6.944006
v 2.039876 0.096899 4.012581
v 2.051620 0.122976 3.932437
v 2.042440 0.167379 3.860133
v 2.111157 0.162777 4.050347
v 2.124017 0.190483 3.971493
v 2.115877 0.238102 3.899609
v 2.180512 0.222772 4.096805
v 2.196386 0.254323 4.021804
v 2.191249 0.310289 3.951834
v 1.961670 0.285668 3.788475
v 1.900483 0.344320 3.798349
v 1.839124 0.390905 3.834476
v 2.032527 0.360170 3.825662
v 1.968686 0.417970 3.833683
v 1.906175 0.462977 3.868489
v 2.099460 0.444717 3.870398
v 2.028995 0.499471 3.873296
v 1.963968 0.539906 3.904687
v 1.755684 0.414569 3.968024
v 1.744124 0.388672 4.048444
v 1.753511 0.344739 4.121075
v 1.822668 0.484049 4.000885
v 1.811285 0.457779 4.081950
v 1.821073 0.413917 4.156441
v 1.880336 0.553902 4.033919
v 1.869248 0.526617 4.116320
v 1.879905 0.483085 4.195534
v 1.834085 0.226737 4.192559
v 1.894977 0.167746 4.182280
v 1.956240 0.120851 4.145956
v 1.902855 0.294147 4.228997
v 1.964336 0.233633 4.217735
v 2.026081 0.186146 4.181352
v 1.965644 0.357516 4.271602
v 2.028585 0.293265 4.257682
v 2.091544 0.244583 4.221302
v 1.750427 -0.179667 3.880960
v 1.762012 -0.153823 3.800631
v 1.752682 -0.109879 3.728267
v 1.822829 -0.110404 3.913685
v 1.834414 -0.084561 3.833357
v 1.825085 -0.040617 3.760992
v 1.895231 -0.041142 3.946411
v 1.906817 -0.015298 3.866082
v 1.897487 0.028645 3.793718
v 1.672281 0.007870 3.656935
v 1.611473 0.066644 3.667074
v 1.550279 0.113454 3.703390
v 1.744684 0.077132 3.689661
v 1.683876 0.135906 3.699800
v 1.622681 0.182716 3.736115
v 1.817086 0.146395 3.722386
v 1.756278 0.205169 3.732525
v 1.695084 0.251979 3.768840
v 1.466849 0.137489 3.837103
v 1.455264 0.111645 3.917431
v 1.464593 0.067701 3.989796
v 1.539251 0.206751 3.869828
v 1.527666 0.180908 3.950157
v 1.536996 0.136964 4.022521
v 1.611654 0.276014 3.902554
v 1.600068 0.250170 3.982882
v 1.609398 0.206226 4.055246
v 1.544995 -0.050048 4.061127
v 1.605802 -0.108822 4.050988
v 1.666997 -0.155632 4.014673
v 1.617397 0.019214 4.093853
v 1.678205 -0.039559 4.083714
v 1.739399 -0.086370 4.047398
v 1.689799 0.088477 4.126578
v 1.750607 0.029703 4.116439
v 1.811801 -0.017107 4.080124
v 1.460818 -0.456716 3.750058
v 1.472403 -0.430873 3.669729
v 1.463073 -0.386929 3.597365
v 1.533220 -0.387454 3.782784
v 1.544805 -0.361610 3.702455
v 1.535475 -0.317667 3.630090
v 1.605622 -0.318191 3.815509
v 1.617207 -0.292348 3.735180
v 1.607878 -0.248404 3.662816
v 1.382672 -0.269179 3.526033
v 1.321864 -0.210406 3.536172
v 1.260670 -0.163596 3.572488
v 1.455074 -0.199917 3.558759
v 1.394266 -0.141143 3.568898
v 1.333072 -0.094333 3.605213
v 1.527476 -0.130655 3.591485
v 1.466669 -0.071881 3.601624
v 1.405474 -0.025071 3.637939
v 1.177239 -0.139561 3.706201
v 1.165654 -0.165404 3.786529
v 1.174984 -0.209348 3.858894
v 1.249642 -0.070298 3.738926
v 1.238057 -0.096142 3.819255
v 1.247386 -0.140086 3.891619
v 1.322044 -0.001036 3.771652
v 1.310459 -0.026880 3.851980
v 1.319789 -0.070823 3.924345
v 1.255385 -0.327097 3.930225
v 1.316193 -0.385871 3.920086
v 1.377387 -0.432681 3.883771
v 1.327788 -0.257835 3.962951
v 1.388595 -0.316609 3.952812
v 1.449790 -0.363419 3.916496
v 1.400190 -0.188573 3.995677
v 1.460998 -0.247346 3.985537
v 1.522192 -0.294157 3.949222
v 1.171208 -0.733766 3.619156
v 1.182793 -0.707922 3.538828
v 1.173464 -0.663978 3.466463
v 1.243611 -0.664504 3.651882
v 1.255195 -0.638660 3.571553
v 1.245866 -0.594716 3.499188
v 1.316013 -0.595241 3.684607
v 1.327598 -0.569397 3.604279
v 1.318268 -0.525454 3.531914
v 1.093062 -0.546229 3.395132
v 1.032255 -0.487455 3.405271
v 0.971060 -0.440645 3.441586
v 1.165465 -0.476967 3.427857
v 1.104657 -0.418193 3.437996
v 1.043463 -0.371383 3.474311
v 1.237867 -0.407704 3.460583
v 1.177059 -0.348931 3.470722
v 1.115865 -0.302120 3.507037
v 0.887630 -0.416610 3.575299
v 0.876045 -0.442454 3.655627
v 0.885375 -0.486398 3.727992
v 0.960032 -0.347348 3.608025
v 0.948447 -0.373191 3.688353
v 0.957777 -0.417135 3.760717
v 1.032435 -0.278086 3.640750
v 1.020850 -0.303929 3.721078
v 1.030179 -0.347873 3.793443
v 0.965776 -0.604147 3.799324
v 1.026584 -0.662921 3.789185
v 1.087778 -0.709731 3.752869
v 1.038178 -0.534885 3.832049
v 1.098986 -0.593659 3.821910
v 1.160180 -0.640469 3.785594
v 1.110581 -0.465622 3.864775
v 1.171388 -0.524396 3.854635
v 1.232583 -0.571206 3.818320
v 0.881599 -1.010815 3.488254
v 0.893184 -0.984972 3.407926
v 0.883854 -0.941028 3.335562
v 0.954001 -0.941553 3.520980
v 0.965586 -0.915709 3.440651
v 0.956257 -0.871766 3.368287
v 1.026403 -0.872291 3.553705
v 1.037989 -0.846447 3.473377
v 1.028659 -0.802503 3.401012
v 0.803453 -0.823279 3.264230
v 0.742645 -0.764505 3.274369
v 0.681451 -0.717695 3.310684
v 0.875855 -0.754016 3.296955
v 0.815048 -0.695243 3.307095
v 0.753853 -0.648432 3.343410
v 0.948258 -0.684754 3.329681
v 0.887450 -0.625980 3.339820
v 0.826256 -0.579170 3.376135
v 0.598021 -0.693660 3.444397
v 0.586436 -0.719503 3.524725
v 0.595765 -0.763447 3.597090
v 0.670423 -0.624397 3.477123
v 0.658838 -0.650241 3.557451
v 0.668168 -0.694185 3.629816
v 0.742825 -0.555135 3.509848
v 0.731240 -0.580979 3.590177
v 0.740570 -0.624922 3.662541
v 0.676167 -0.881196 3.668422
v 0.736974 -0.939970 3.658283
v 0.798169 -0.986780 3.621968
v 0.748569 -0.811934 3.701147
v 0.809377 -0.870708 3.691008
v 0.870571 -0.917518 3.654693
v 0.820971 -0.742672 3.733873
v 0.881779 -0.801446 3.723733
v 0.942973 -0.848256 3.687418
v 0.595307 -1.293728 3.380308
v 0.599830 -1.273329 3.300231
v 0.579142 -1.232915 3.223351
v 0.665359 -1.220330 3.396857
v 0.674739 -1.196034 3.316443
v 0.662025 -1.152962 3.242523
v 0.736915 -1.149556 3.423651
v 0.748224 -1.123906 3.343312
v 0.738472 -1.080071 3.270753
v 0.487352 -1.098487 3.141916
v 0.432439 -1.028181 3.151722
v 0.378762 -0.976593 3.188190
v 0.578676 -1.030895 3.168576
v 0.519408 -0.968548 3.178634
v 0.460378 -0.920131 3.214998
v 0.657702 -0.961782 3.199094
v 0.597087 -0.902562 3.209223
v 0.536163 -0.855550 3.245544
v 0.306277 -0.951893 3.322453
v 0.295138 -0.979228 3.404830
v 0.301249 -1.027108 3.481990
v 0.380174 -0.895886 3.348886
v 0.368672 -0.922271 3.429897
v 0.377046 -0.967485 3.503748
v 0.453136 -0.831490 3.379280
v 0.441561 -0.857401 3.459693
v 0.450772 -0.901503 3.532244
v 0.386989 -1.152676 3.558059
v 0.454474 -1.212579 3.546193
v 0.517485 -1.261211 3.509835
v 0.458828 -1.087256 3.576304
v 0.521722 -1.146417 3.565682
v 0.583587 -1.193789 3.529353
v 0.531345 -1.019505 3.603728
v 0.592414 -1.078327 3.593529
v 0.653692 -1.125208 3.557212
v -1.711345 1.041129 4.203039
v -1.701875 0.997394 4.275700
v -1.713456 0.971455 4.356292
v -1.780055 0.968968 4.168204
v -1.769605 0.926694 4.242936
v -1.781154 0.900085 4.325377
v -1.841680 0.892477 4.130307
v -1.828740 0.854275 4.210202
v -1.840286 0.825666 4.297000
v -1.797055 0.995557 4.490306
v -1.858333 1.042616 4.526692
v -1.919210 1.101453 4.536888
v -1.865938 0.924660 4.461498
v -1.927797 0.973464 4.498378
v -1.989161 1.032739 4.508970
v -1.929038 0.851678 4.439925
v -1.992333 0.904955 4.477856
v -2.054924 0.965023 4.489324
v -1.999822 1.218903 4.465733
v -2.009298 1.262619 4.393468
v -1.997847 1.288248 4.313188
v -2.071249 1.148094 4.439050
v -2.081747 1.190219 4.367487
v -2.071235 1.214342 4.287541
v -2.141003 1.074637 4.422725
v -2.154277 1.112441 4.353068
v -2.146312 1.132477 4.274029
v -1.914521 1.263989 4.179224
v -1.853238 1.217169 4.142549
v -1.792230 1.158423 4.131934
v -1.988637 1.188517 4.151820
v -1.926736 1.141630 4.112628
v -1.864329 1.083073 4.098685
v -2.065719 1.102422 4.133567
v -2.002336 1.055503 4.087742
v -1.936425 0.997421 4.064761
v -1.422263 1.318592 4.334242
v -1.412934 1.274648 4.406607
v -1.424519 1.248805 4.486936
v -1.494665 1.249330 4.301517
v -1.485336 1.205386 4.373881
v -1.496921 1.179543 4.454210
v -1.567068 1.180067 4.268792
v -1.557738 1.136124 4.341156
v -1.569323 1.110280 4.421484
v -1.507949 1.272840 4.620648
v -1.569143 1.319650 4.656964
v -1.629951 1.378424 4.667103
v -1.580351 1.203577 4.587923
v -1.641546 1.250387 4.624238
v -1.702353 1.309161 4.634377
v -1.652753 1.134315 4.555198
v -1.713948 1.181125 4.591513
v -1.774755 1.239899 4.601652
v -1.710352 1.496173 4.595771
v -1.719682 1.540117 4.523407
v -1.708097 1.565960 4.443078
v -1.782754 1.426911 4.563046
v -1.792084 1.470854 4.490681
v -1.780499 1.496698 4.410353
v -1.855157 1.357648 4.530320
v -1.864486 1.401592 4.457956
v -1.852901 1.427436 4.377627
v -1.624666 1.541926 4.309365
v -1.563472 1.495115 4.273050
v -1.502664 1.436342 4.262911
v -1.697069 1.472663 4.276640
v -1.635875 1.425853 4.240325
v -1.575067 1.367079 4.230186
v -1.769471 1.403401 4.243915
v -1.708277 1.356591 4.207599
v -1.647469 1.297817 4.197460
v -1.132654 1.595642 4.465144
v -1.123324 1.551698 4.537509
v -1.134909 1.525854 4.617837
v -1.205056 1.526379 4.432419
v -1.195726 1.482435 4.504784
v -1.207312 1.456592 4.585112
v -1.277458 1.457117 4.399693
v -1.268129 1.413173 4.472058
v -1.279714 1.387330 4.552386
v -1.218339 1.549889 4.751550
v -1.279534 1.596699 4.787866
v -1.340341 1.655473 4.798005
v -1.290742 1.480627 4.718825
v -1.351936 1.527437 4.755140
v -1.412744 1.586211 4.765279
v -1.363144 1.411364 4.686100
v -1.424338 1.458175 4.722414
v -1.485146 1.516948 4.732554
v -1.420743 1.773223 4.726673
v -1.430073 1.817167 4.654308
v -1.418487 1.843010 4.573980
v -1.493145 1.703960 4.693948
v -1.502475 1.747904 4.621583
v -1.490890 1.773748 4.541255
v -1.565547 1.634698 4.661222
v -1.574877 1.678642 4.588858
v -1.563292 1.704485 4.508529
v -1.335057 1.818975 4.440267
v -1.273863 1.772165 4.403952
v -1.213055 1.713391 4.393813
v -1.407459 1.749713 4.407541
v -1.346265 1.702902 4.371226
v -1.285457 1.644129 4.361087
v -1.479862 1.680450 4.374816
v -1.418667 1.633640 4.338501
v -1.357860 1.574866 4.328362
v -0.843044 1.872691 4.596046
v -0.833715 1.828748 4.668411
v -0.845300 1.802904 4.748739
v -0.915447 1.803429 4.563321
v -0.906117 1.759485 4.635685
v -0.917702 1.733642 4.716013
v -0.987849 1.734167 4.530595
v -0.978519 1.690223 4.602960
v -0.990104 1.664379 4.683288
v -0.928730 1.826939 4.882452
v -0.989924 1.873749 4.918767
v -1.050732 1.932523 4.928906
v -1.001132 1.757676 4.849727
v -1.062327 1.804487 4.886042
v -1.123134 1.863261 4.896181
v -1.073535 1.688414 4.817001
v -1.134729 1.735224 4.853316
v -1.195537 1.793998 4.863456
v -1.131133 2.050272 4.857575
v -1.140463 2.094216 4.785210
v -1.128878 2.120059 4.704882
v -1.203536 1.981010 4.824850
v -1.212865 2.024953 4.752485
v -1.201280 2.050797 4.672156
v -1.275938 1.911747 4.792124
v -1.285268 1.955691 4.719759
v -1.273682 1.981535 4.639431
v -1.045448 2.096025 4.571169
v -0.984253 2.049215 4.534853
v -0.923446 1.990441 4.524714
v -1.117850 2.026762 4.538444
v -1.056656 1.979952 4.502129
v -0.995848 1.921178 4.491989
v -1.190252 1.957500 4.505718
v -1.129058 1.910690 4.469402
v -1.068250 1.851916 4.459263
v -0.553435 2.149741 4.726948
v -0.544106 2.105797 4.799313
v -0.555690 2.079953 4.879641
v -0.625837 2.080478 4.694222
v -0.616508 2.036535 4.766587
v -0.628093 2.010691 4.846915
v -0.698240 2.011216 4.661497
v -0.688910 1.967272 4.733862
v -0.700495 1.941429 4.814190
v -0.639121 2.103988 5.013354
v -0.700315 2.150798 5.049669
v -0.761123 2.209572 5.059808
v -0.711523 2.034726 4.980628
v -0.772717 2.081536 5.016944
v -0.833525 2.140310 5.027083
v -0.783925 1.965464 4.947903
v -0.845120 2.012274 4.984218
v -0.905927 2.071048 4.994358
v -0.841524 2.327322 4.988477
v -0.850854 2.371265 4.916112
v -0.839268 2.397109 4.835784
v -0.913926 2.258060 4.955751
v -0.923256 2.302003 4.883387
v -0.911671 2.327847 4.803058
v -0.986329 2.188797 4.923026
v -0.995658 2.232741 4.850661
v -0.984073 2.258584 4.770333
v -0.755838 2.373074 4.702071
v -0.694644 2.326264 4.665755
v -0.633836 2.267490 4.655616
v -0.828241 2.303812 4.669345
v -0.767046 2.257001 4.633030
v -0.706239 2.198228 4.622890
v -0.900643 2.234549 4.636620
v -0.839449 2.187739 4.600305
v -0.778641 2.128965 4.590165
v -0.264708 2.406643 4.849018
v -0.253774 2.362861 4.924204
v -0.261524 2.336201 5.010858
v -0.336483 2.351560 4.822526
v -0.326631 2.307671 4.895852
v -0.337081 2.281604 4.978177
v -0.408662 2.287519 4.792074
v -0.399267 2.243583 4.864559
v -0.410711 2.217711 4.945137
v -0.350383 2.361870 5.153469
v -0.418222 2.410800 5.189345
v -0.480866 2.470818 5.200790
v -0.421910 2.306063 5.114191
v -0.485183 2.353514 5.150432
v -0.546668 2.412674 5.160969
v -0.494315 2.241799 5.079137
v -0.555770 2.288690 5.115443
v -0.616662 2.347511 5.125632
v -0.556066 2.590730 5.138578
v -0.559862 2.636841 5.069492
v -0.540628 2.665528 4.986378
v -0.625539 2.531071 5.092319
v -0.633177 2.575685 5.020766
v -0.619376 2.602373 4.939377
v -0.696872 2.465342 5.054636
v -0.705990 2.509369 4.982372
v -0.694128 2.535319 4.901912
v -0.456155 2.634017 4.831705
v -0.401717 2.581272 4.788351
v -0.344221 2.521543 4.776222
v -0.535823 2.576445 4.800254
v -0.476481 2.527703 4.761665
v -0.416631 2.468486 4.750766
v -0.610683 2.511047 4.767522
v -0.549720 2.463995 4.730923
v -0.489031 2.405166 4.720689
v 0.401605 2.488457 5.221888
v 0.342027 2.425996 5.207521
v 0.277987 2.374430 5.168491
v 0.471503 2.433026 5.185311
v 0.413005 2.371468 5.171905
v 0.353481 2.321561 5.132728
v 0.545652 2.370744 5.153420
v 0.487714 2.309547 5.140390
v 0.429986 2.260274 5.101235
v 0.196541 2.345664 5.021793
v 0.187704 2.374147 4.934636
v 0.190425 2.423716 4.860168
v 0.276094 2.293967 4.992830
v 0.267184 2.320396 4.910006
v 0.275715 2.366397 4.837258
v 0.353882 2.233007 4.963415
v 0.345105 2.258569 4.882349
v 0.355808 2.303125 4.810362
v 0.259989 2.553138 4.808237
v 0.322394 2.613750 4.834269
v 0.383801 2.661206 4.882184
v 0.352061 2.489493 4.774220
v 0.411255 2.550558 4.791105
v 0.469957 2.599266 4.832911
v 0.434432 2.424330 4.743401
v 0.492458 2.485466 4.756866
v 0.550083 2.534589 4.796350
v 0.467953 2.684261 5.021879
v 0.481506 2.657060 5.097962
v 0.475019 2.611265 5.163675
v 0.548326 2.625257 4.971086
v 0.558504 2.599297 5.050499
v 0.548832 2.554519 5.120550
v 0.626310 2.561655 4.933954
v 0.635245 2.536152 5.014593
v 0.624400 2.491749 5.086243
v 0.698486 2.238748 5.094704
v 0.640628 2.177602 5.081727
v 0.583157 2.128420 5.042575
v 0.775078 2.172463 5.065540
v 0.717219 2.111317 5.052564
v 0.659748 2.062135 5.013412
v 0.851669 2.106179 5.036376
v 0.793811 2.045033 5.023400
v 0.736339 1.995851 4.984248
v 0.507236 2.101200 4.905052
v 0.498478 2.126637 4.824238
v 0.509491 2.170987 4.752359
v 0.583827 2.034915 4.875889
v 0.575069 2.060352 4.795074
v 0.586082 2.104703 4.723196
v 0.660418 1.968631 4.846725
v 0.651661 1.994068 4.765911
v 0.662674 2.038419 4.694033
v 0.588441 2.291922 4.684837
v 0.646299 2.353067 4.697813
v 0.703770 2.402249 4.736966
v 0.665032 2.225637 4.655674
v 0.722890 2.286783 4.668651
v 0.780362 2.335965 4.707802
v 0.741623 2.159353 4.626511
v 0.799482 2.220499 4.639487
v 0.856953 2.269681 4.678639
v 0.779692 2.429469 4.874489
v 0.788449 2.404033 4.955303
v 0.777436 2.359682 5.027182
v 0.856283 2.363185 4.845325
v 0.865040 2.337748 4.926140
v 0.854028 2.293398 4.998018
v 0.932874 2.296901 4.816162
v 0.941632 2.271464 4.896976
v 0.930619 2.227114 4.968855
v 1.004851 1.973611 4.978050
v 0.946993 1.912465 4.965074
v 0.889522 1.863283 4.925921
v 1.081443 1.907327 4.948886
v 1.023584 1.846181 4.935910
v 0.966113 1.796999 4.896758
v 1.158034 1.841042 4.919723
v 1.100176 1.779896 4.906747
v 1.042704 1.730714 4.867595
v 0.813601 1.836063 4.788399
v 0.804843 1.861500 4.707584
v 0.815856 1.905850 4.635706
v 0.890192 1.769779 4.759235
v 0.881434 1.795215 4.678421
v 0.892448 1.839566 4.606542
v 0.966783 1.703494 4.730072
v 0.958026 1.728931 4.649257
v 0.969039 1.773282 4.577379
v 0.894806 2.026785 4.568184
v 0.952664 2.087931 4.581160
v 1.010136 2.137113 4.620312
v 0.971398 1.960500 4.539020
v 1.029256 2.021646 4.551997
v 1.086727 2.070828 4.591148
v 1.047989 1.894216 4.509857
v 1.105847 1.955362 4.522833
v 1.163318 2.004544 4.561985
v 1.086057 2.164333 4.757835
v 1.094815 2.138896 4.838649
v 1.083801 2.094545 4.910528
v 1.162648 2.098048 4.728671
v 1.171406 2.072611 4.809486
v 1.160393 2.028261 4.881364
v 1.239239 2.031764 4.699508
v 1.247997 2.006327 4.780323
v 1.236984 1.961977 4.852201
v 1.311217 1.708474 4.861396
v 1.253359 1.647328 4.848420
v 1.195887 1.598146 4.809268
v 1.387808 1.642190 4.832232
v 1.329950 1.581044 4.819256
v 1.272478 1.531862 4.780104
v 1.464399 1.575905 4.803069
v 1.406541 1.514760 4.790093
v 1.349070 1.465577 4.750941
v 1.119966 1.570926 4.671745
v 1.111208 1.596363 4.590930
v 1.122222 1.640713 4.519052
v 1.196557 1.504642 4.642581
v 1.187799 1.530079 4.561767
v 1.198813 1.574429 4.489888
v 1.273149 1.438357 4.613418
v 1.264391 1.463794 4.532603
v 1.275404 1.508145 4.460725
v 1.201171 1.761648 4.451530
v 1.259030 1.822794 4.464506
v 1.316501 1.871976 4.503658
v 1.277763 1.695364 4.422367
v 1.335621 1.756509 4.435343
v 1.393092 1.805691 4.474495
v 1.354354 1.629079 4.393203
v 1.412212 1.690225 4.406179
v 1.469683 1.739407 4.445332
v 1.392422 1.899196 4.641181
v 1.401180 1.873759 4.721996
v 1.390167 1.829408 4.793874
v 1.469014 1.832911 4.612018
v 1.477771 1.807474 4.692832
v 1.466758 1.763124 4.764710
v 1.545605 1.766627 4.582854
v 1.554362 1.741190 4.663669
v 1.543349 1.696840 4.735547
v 1.617582 1.443337 4.744742
v 1.559724 1.382191 4.731766
v 1.502252 1.333009 4.692614
v 1.694173 1.377053 4.715579
v 1.636315 1.315907 4.702602
v 1.578844 1.266725 4.663450
v 1.770764 1.310768 4.686415
v 1.712906 1.249623 4.673439
v 1.655435 1.200441 4.634287
v 1.426331 1.305789 4.555091
v 1.417574 1.331226 4.474277
v 1.428587 1.375576 4.402398
v 1.502923 1.239505 4.525928
v 1.494165 1.264942 4.445113
v 1.505178 1.309292 4.373235
v 1.579514 1.173221 4.496764
v 1.570756 1.198658 4.415950
v 1.581769 1.243008 4.344071
v 1.507537 1.496511 4.334876
v 1.565395 1.557657 4.347852
v 1.622866 1.606839 4.387005
v 1.584128 1.430227 4.305713
v 1.641986 1.491372 4.318689
v 1.699457 1.540555 4.357841
v 1.660719 1.363942 4.276549
v 1.718577 1.425088 4.289526
v 1.776049 1.474270 4.328678
v 1.698787 1.634059 4.524528
v 1.707545 1.608622 4.605342
v 1.696532 1.564271 4.677220
v 1.775379 1.567775 4.495364
v 1.784136 1.542337 4.576179
v 1.773123 1.497987 4.648057
v 1.851970 1.501490 4.466200
v 1.860728 1.476053 4.547015
v 1.849715 1.431703 4.618894
v 1.924015 1.177967 4.628782
v 1.865798 1.116954 4.615739
v 1.808118 1.067606 4.576498
v 2.001079 1.110055 4.604478
v 1.940351 1.049967 4.590963
v 1.881213 0.999458 4.551096
v 2.077990 1.039901 4.588735
v 2.010900 0.982535 4.573972
v 1.948439 0.928878 4.532676
v 1.732014 1.040340 4.438677
v 1.723193 1.065981 4.357695
v 1.734181 1.110365 4.285716
v 1.803830 0.971869 4.411195
v 1.794561 0.998942 4.329039
v 1.805377 1.043559 4.256351
v 1.867016 0.900146 4.385959
v 1.856753 0.930956 4.300936
v 1.867295 0.975903 4.226600
v 1.813142 1.230936 4.218012
v 1.871030 1.291817 4.230878
v 1.928567 1.340763 4.269950
v 1.884414 1.161586 4.187379
v 1.942511 1.220615 4.199471
v 2.000511 1.267908 4.237985
v 1.946568 1.086980 4.154226
v 2.005232 1.140982 4.164219
v 2.064487 1.183787 4.201215
v 2.004794 1.367829 4.407555
v 2.013814 1.342498 4.488609
v 2.003098 1.298338 4.560864
v 2.078876 1.293893 4.376163
v 2.089730 1.269308 4.458890
v 2.081098 1.226478 4.533784
v 2.148643 1.206848 4.340908
v 2.164378 1.184344 4.427883
v 2.161559 1.145047 4.509697
v 2.547889 -0.523331 6.780057
v 2.501443 -0.590308 6.741879
v 2.436055 -0.633609 6.714257
v 2.563243 -0.470221 6.683401
v 2.516132 -0.535456 6.650968
v 2.448760 -0.580879 6.627172
v 2.569547 -0.423438 6.587174
v 2.522352 -0.487779 6.556830
v 2.454324 -0.533807 6.534534
v 2.281764 -0.628663 6.705634
v 2.209554 -0.583330 6.725328
v 2.153188 -0.519440 6.757334
v 2.290888 -0.581669 6.621941
v 2.219532 -0.537700 6.641079
v 2.166816 -0.474890 6.670139
v 2.295157 -0.536692 6.530547
v 2.224212 -0.493278 6.549353
v 2.172896 -0.430959 6.577219
v 2.148449 -0.364831 6.827808
v 2.200986 -0.295935 6.855607
v 2.271044 -0.247505 6.876485
v 2.162271 -0.327428 6.737433
v 2.211095 -0.261709 6.766813
v 2.279864 -0.214801 6.788506
v 2.168408 -0.285678 6.643548
v 2.215818 -0.221276 6.673511
v 2.284021 -0.175063 6.695544
v 2.428462 -0.241715 6.879569
v 2.497450 -0.286623 6.863934
v 2.546341 -0.356340 6.844586
v 2.438661 -0.210860 6.792103
v 2.509043 -0.254882 6.774326
v 2.559623 -0.319608 6.749061
v 2.443303 -0.171783 6.699327
v 2.514126 -0.215204 6.680691
v 2.565175 -0.277763 6.653299
v 2.573078 -0.335390 6.395405
v 2.525870 -0.399604 6.365359
v 2.457748 -0.445717 6.343277
v 2.574494 -0.291578 6.299546
v 2.527286 -0.355792 6.269500
v 2.459164 -0.401906 6.247418
v 2.575909 -0.247767 6.203688
v 2.528702 -0.311981 6.173642
v 2.460580 -0.358094 6.151559
v 2.298397 -0.448903 6.339467
v 2.227510 -0.405567 6.358226
v 2.176395 -0.343319 6.385921
v 2.299813 -0.405091 6.243608
v 2.228926 -0.361756 6.262367
v 2.177811 -0.299507 6.290063
v 2.301229 -0.361280 6.147750
v 2.230342 -0.317944 6.166509
v 2.179227 -0.255695 6.194204
v 2.171915 -0.198349 6.452113
v 2.219122 -0.134135 6.482159
v 2.287244 -0.088021 6.504241
v 2.173331 -0.154538 6.356254
v 2.220538 -0.090324 6.386300
v 2.288660 -0.044210 6.408382
v 2.174747 -0.110726 6.260396
v 2.221954 -0.046512 6.290442
v 2.290076 -0.000398 6.312524
v 2.446595 -0.084836 6.508050
v 2.517482 -0.128171 6.489291
v 2.568597 -0.190420 6.461596
v 2.448011 -0.041025 6.412192
v 2.518898 -0.084360 6.393433
v 2.570014 -0.146609 6.365737
v 2.449427 0.002787 6.316333
v 2.520314 -0.040548 6.297575
v 2.571429 -0.102797 6.269879
v 2.578742 -0.160143 6.011971
v 2.531534 -0.224357 5.981925
v 2.463412 -0.270471 5.959842
v 2.580158 -0.116332 5.916112
v 2.532950 -0.180546 5.886066
v 2.464828 -0.226660 5.863984
v 2.581573 -0.072520 5.820253
v 2.534366 -0.136734 5.790207
v 2.466244 -0.182848 5.768125
v 2.304061 -0.273656 5.956033
v 2.233174 -0.230321 5.974792
v 2.182059 -0.168072 6.002487
v 2.305477 -0.229845 5.860174
v 2.234590 -0.186510 5.878933
v 2.183475 -0.124261 5.906629
v 2.306893 -0.186033 5.764316
v 2.236006 -0.142698 5.783074
v 2.184891 -0.080449 5.810770
v 2.177578 -0.023103 6.068678
v 2.224786 0.041111 6.098724
v 2.292908 0.087225 6.120807
v 2.178995 0.020709 5.972820
v 2.226202 0.084923 6.002866
v 2.294324 0.131036 6.024948
v 2.180410 0.064520 5.876961
v 2.227618 0.128734 5.907007
v 2.295740 0.174848 5.929090
v 2.452260 0.090410 6.124616
v 2.523146 0.047075 6.105857
v 2.574261 -0.015174 6.078162
v 2.453675 0.134222 6.028758
v 2.524562 0.090886 6.009999
v 2.575677 0.028638 5.982303
v 2.455091 0.178033 5.932899
v 2.525978 0.134698 5.914140
v 2.577094 0.072449 5.886445
v 2.584405 0.015103 5.628536
v 2.537198 -0.049111 5.598490
v 2.469076 -0.095225 5.576408
v 2.585822 0.058915 5.532678
v 2.538614 -0.005299 5.502632
v 2.470492 -0.051413 5.480549
v 2.587237 0.102726 5.436819
v 2.540030 0.038512 5.406773
v 2.471908 -0.007602 5.384691
v 2.309725 -0.098410 5.572598
v 2.238838 -0.055075 5.591357
v 2.187723 0.007174 5.619053
v 2.311141 -0.054598 5.476740
v 2.240254 -0.011263 5.495499
v 2.189139 0.050986 5.523194
v 2.312557 -0.010787 5.380881
v 2.241670 0.032549 5.399640
v 2.190555 0.094797 5.427336
v 2.183242 0.152143 5.685244
v 2.230450 0.216357 5.715290
v 2.298572 0.262471 5.737372
v 2.184659 0.195955 5.589386
v 2.231866 0.260169 5.619431
v 2.299988 0.306283 5.641514
v 2.186074 0.239767 5.493527
v 2.233282 0.303981 5.523573
v 2.301404 0.350094 5.545655
v 2.457923 0.265656 5.741182
v 2.528810 0.222321 5.722423
v 2.579925 0.160072 5.694727
v 2.459339 0.309468 5.645323
v 2.530226 0.266133 5.626564
v 2.581341 0.203884 5.598869
v 2.460755 0.353280 5.549465
v 2.531641 0.309944 5.530705
v 2.582757 0.247696 5.503010
v 2.590069 0.190349 5.245102
v 2.542862 0.126135 5.215056
v 2.474740 0.080022 5.192974
v 2.591486 0.234161 5.149243
v 2.544278 0.169947 5.119197
v 2.476156 0.123833 5.097115
v 2.592901 0.277973 5.053385
v 2.545694 0.213759 5.023339
v 2.477572 0.167645 5.001256
v 2.315389 0.076837 5.189164
v 2.244502 0.120172 5.207923
v 2.193387 0.182420 5.235618
v 2.316805 0.120648 5.093306
v 2.245918 0.163983 5.112064
v 2.194803 0.226232 5.139760
v 2.318221 0.164460 4.997447
v 2.247334 0.207795 5.016206
v 2.196218 0.270044 5.043901
v 2.188906 0.327390 5.301810
v 2.236114 0.391604 5.331855
v 2.304236 0.437718 5.353938
v 2.190322 0.371201 5.205951
v 2.237530 0.435416 5.235997
v 2.305652 0.481529 5.258080
v 2.191738 0.415013 5.110092
v 2.238946 0.479227 5.140139
v 2.307068 0.525341 5.162221
v 2.463587 0.440903 5.357748
v 2.534474 0.397568 5.338988
v 2.585589 0.335319 5.311293
v 2.465003 0.484714 5.261889
v 2.535890 0.441379 5.243130
v 2.587005 0.379130 5.215435
v 2.466419 0.528526 5.166030
v 2.537306 0.485191 5.147271
v 2.588421 0.422942 5.119576
v 2.595041 0.365365 4.861295
v 2.547840 0.300842 4.831348
v 2.479805 0.254622 4.809474
v 2.591614 0.407564 4.762830
v 2.544456 0.340877 4.733576
v 2.477033 0.293912 4.713155
v 2.579219 0.446050 4.659080
v 2.532605 0.373871 4.632283
v 2.467049 0.325380 4.616016
v 2.320632 0.251496 4.806011
v 2.249687 0.294920 4.824798
v 2.198374 0.357346 4.852429
v 2.319099 0.291203 4.712122
v 2.247745 0.335244 4.731101
v 2.195057 0.398910 4.758289
v 2.312549 0.323820 4.621626
v 2.240339 0.369185 4.641252
v 2.184062 0.435825 4.667240
v 2.193886 0.502623 4.918766
v 2.241292 0.566895 4.949013
v 2.309492 0.613036 4.971205
v 2.190511 0.546345 4.825641
v 2.239302 0.611023 4.857300
v 2.308052 0.657354 4.880253
v 2.179320 0.590344 4.737911
v 2.231749 0.655864 4.773098
v 2.301750 0.702561 4.797765
v 2.468772 0.616264 4.975101
v 2.539599 0.572966 4.956195
v 2.590659 0.510745 4.928066
v 2.466835 0.660880 4.884759
v 2.537249 0.617843 4.864827
v 2.587917 0.555816 4.833656
v 2.459122 0.706924 4.803972
v 2.528204 0.664942 4.781934
v 2.577384 0.604142 4.743078
v 0.145221 2.486102 5.795190
v 0.097922 2.421840 5.765109
v 0.029667 2.375600 5.742826
v 0.149505 2.525789 5.701378
v 0.101564 2.461189 5.671049
v 0.032378 2.414066 5.647358
v 0.158742 2.558422 5.611123
v 0.109329 2.493032 5.580465
v 0.037967 2.443576 5.553170
v -0.130026 2.372408 5.739007
v -0.201060 2.415864 5.757961
v -0.252271 2.478157 5.785687
v -0.129708 2.410826 5.643483
v -0.201774 2.455125 5.663797
v -0.253650 2.517730 5.691740
v -0.131965 2.440179 5.549107
v -0.206468 2.486720 5.572916
v -0.259861 2.550055 5.601115
v -0.256935 2.623076 5.851521
v -0.209711 2.687326 5.881233
v -0.141345 2.733582 5.902919
v -0.259604 2.662296 5.755076
v -0.212266 2.726802 5.782445
v -0.142191 2.774055 5.801359
v -0.269359 2.693598 5.657645
v -0.222284 2.758471 5.678808
v -0.148270 2.808010 5.689871
v 0.018737 2.736782 5.906746
v 0.089836 2.693314 5.888394
v 0.140945 2.631029 5.861034
v 0.023004 2.777357 5.805308
v 0.095593 2.732956 5.789805
v 0.146658 2.670416 5.764788
v 0.033653 2.811646 5.694221
v 0.109477 2.765102 5.686739
v 0.159822 2.702177 5.667905
v 0.139147 2.311445 6.178332
v 0.091940 2.247231 6.148286
v 0.023818 2.201117 6.126204
v 0.140563 2.355257 6.082473
v 0.093356 2.291042 6.052427
v 0.025234 2.244929 6.030345
v 0.141979 2.399068 5.986615
v 0.094772 2.334854 5.956569
v 0.026650 2.288740 5.934486
v -0.135533 2.197932 6.122394
v -0.206420 2.241267 6.141153
v -0.257535 2.303516 6.168849
v -0.134117 2.241744 6.026536
v -0.205004 2.285079 6.045294
v -0.256119 2.347328 6.072990
v -0.132701 2.285555 5.930677
v -0.203588 2.328890 5.949436
v -0.254704 2.391139 5.977131
v -0.262016 2.448485 6.235040
v -0.214808 2.512700 6.265086
v -0.146686 2.558813 6.287168
v -0.260600 2.492297 6.139181
v -0.213392 2.556511 6.169227
v -0.145270 2.602625 6.191309
v -0.259184 2.536108 6.043323
v -0.211976 2.600322 6.073369
v -0.143854 2.646436 6.095451
v 0.012665 2.561998 6.290977
v 0.083552 2.518663 6.272219
v 0.134667 2.456414 6.244523
v 0.014081 2.605810 6.195119
v 0.084967 2.562474 6.176360
v 0.136083 2.500226 6.148665
v 0.015497 2.649621 6.099260
v 0.086384 2.606286 6.080502
v 0.137499 2.544037 6.052806
v 0.133483 2.136199 6.561767
v 0.086276 2.071985 6.531720
v 0.018154 2.025871 6.509638
v 0.134899 2.180010 6.465908
v 0.087692 2.115796 6.435862
v 0.019570 2.069682 6.413780
v 0.136315 2.223822 6.370049
v 0.089108 2.159608 6.340003
v 0.020986 2.113494 6.317921
v -0.141197 2.022686 6.505828
v -0.212084 2.066021 6.524588
v -0.263199 2.128269 6.552283
v -0.139781 2.066497 6.409970
v -0.210668 2.109832 6.428729
v -0.261783 2.172081 6.456424
v -0.138365 2.110309 6.314111
v -0.209252 2.153644 6.332870
v -0.260368 2.215893 6.360566
v -0.267680 2.273239 6.618474
v -0.220472 2.337453 6.648520
v -0.152350 2.383567 6.670602
v -0.266264 2.317050 6.522615
v -0.219056 2.381264 6.552661
v -0.150934 2.427379 6.574744
v -0.264848 2.360862 6.426757
v -0.217640 2.425076 6.456803
v -0.149518 2.471190 6.478885
v 0.007001 2.386752 6.674412
v 0.077888 2.343417 6.655653
v 0.129003 2.281168 6.627957
v 0.008417 2.430564 6.578553
v 0.079303 2.387228 6.559794
v 0.130419 2.324980 6.532099
v 0.009833 2.474375 6.482695
v 0.080720 2.431040 6.463936
v 0.131835 2.368791 6.436240
v 0.127820 1.960952 6.945201
v 0.080612 1.896738 6.915155
v 0.012490 1.850624 6.893073
v 0.129236 2.004764 6.849342
v 0.082028 1.940549 6.819296
v 0.013906 1.894436 6.797214
v 0.130651 2.048575 6.753484
v 0.083444 1.984361 6.723437
v 0.015322 1.938247 6.701355
v -0.146861 1.847439 6.889263
v -0.217748 1.890774 6.908022
v -0.268863 1.953023 6.935717
v -0.145445 1.891251 6.793404
v -0.216332 1.934586 6.812163
v -0.267447 1.996835 6.839859
v -0.144029 1.935062 6.697546
v -0.214916 1.978398 6.716305
v -0.266031 2.040646 6.744000
v -0.273343 2.097992 7.001908
v -0.226136 2.162207 7.031955
v -0.158014 2.208320 7.054037
v -0.271927 2.141804 6.906050
v -0.224720 2.206018 6.936096
v -0.156598 2.252132 6.958178
v -0.270512 2.185616 6.810191
v -0.223304 2.249830 6.840237
v -0.155182 2.295944 6.862319
v 0.001337 2.211505 7.057846
v 0.072224 2.168170 7.039087
v 0.123339 2.105922 7.011392
v 0.002753 2.255317 6.961987
v 0.073640 2.211982 6.943229
v 0.124755 2.149733 6.915534
v 0.004169 2.299129 6.866129
v 0.075056 2.255794 6.847370
v 0.126171 2.193545 6.819675
v 0.122156 1.785706 7.328635
v 0.074948 1.721492 7.298589
v 0.006826 1.675378 7.276507
v 0.123572 1.829517 7.232777
v 0.076364 1.765303 7.202730
v 0.008242 1.719190 7.180648
v 0.124987 1.873329 7.136918
v 0.077780 1.809115 7.106872
v 0.009658 1.763001 7.084790
v -0.152525 1.672193 7.272697
v -0.223412 1.715528 7.291456
v -0.274527 1.777777 7.319151
v -0.151109 1.716004 7.176838
v -0.221996 1.759340 7.195598
v -0.273111 1.821589 7.223293
v -0.149693 1.759816 7.080980
v -0.220580 1.803151 7.099739
v -0.271695 1.865400 7.127434
v -0.279007 1.922746 7.385343
v -0.231800 1.986960 7.415389
v -0.163678 2.033074 7.437471
v -0.277591 1.966558 7.289484
v -0.230384 2.030772 7.319530
v -0.162262 2.076886 7.341613
v -0.276175 2.010369 7.193625
v -0.228968 2.074583 7.223671
v -0.160846 2.120697 7.245754
v -0.004327 2.036259 7.441280
v 0.066560 1.992924 7.422522
v 0.117675 1.930675 7.394826
v -0.002911 2.080071 7.345422
v 0.067976 2.036735 7.326663
v 0.119091 1.974487 7.298968
v -0.001495 2.123882 7.249563
v 0.069392 2.080547 7.230804
v 0.120507 2.018298 7.203109
v 0.127958 1.605938 7.695130
v 0.078544 1.540518 7.664542
v 0.007093 1.488311 7.643264
v 0.121293 1.652917 7.611197
v 0.073351 1.588244 7.581027
v 0.004137 1.540266 7.559208
v 0.119747 1.697913 7.519726
v 0.072447 1.633642 7.489664
v 0.004189 1.587295 7.467615
v -0.162840 1.484914 7.639201
v -0.237253 1.534205 7.656992
v -0.290645 1.597571 7.685123
v -0.157950 1.537026 7.555333
v -0.229987 1.582181 7.573775
v -0.281861 1.644859 7.601559
v -0.155504 1.584103 7.463797
v -0.226535 1.627666 7.482516
v -0.277745 1.689968 7.510222
v -0.300396 1.734358 7.756433
v -0.253785 1.792285 7.792778
v -0.180634 1.832233 7.824788
v -0.287890 1.787421 7.669276
v -0.240685 1.849801 7.701295
v -0.170842 1.894240 7.726356
v -0.282419 1.834637 7.576605
v -0.235212 1.898621 7.606897
v -0.166875 1.944526 7.629352
v 0.001289 1.835870 7.829137
v 0.077975 1.798916 7.800710
v 0.128785 1.742937 7.766693
v -0.005647 1.897542 7.730305
v 0.067174 1.855955 7.708655
v 0.118373 1.795542 7.678988
v -0.006793 1.947726 7.633179
v 0.064335 1.904609 7.614058
v 0.115462 1.842590 7.586117
v 0.337605 1.089913 8.267265
v 0.286959 1.019919 8.254579
v 0.232890 0.968779 8.216085
v 0.420822 1.032604 8.246264
v 0.364966 0.968574 8.233362
v 0.308491 0.918577 8.194396
v 0.499670 0.968967 8.220079
v 0.442062 0.907460 8.207112
v 0.384715 0.858176 8.167984
v 0.157676 0.944572 8.079777
v 0.147242 0.972163 7.997198
v 0.154320 1.020560 7.920468
v 0.232770 0.892230 8.057220
v 0.223466 0.918403 7.975804
v 0.233311 0.964057 7.902423
v 0.308819 0.831066 8.030504
v 0.299993 0.856595 7.949615
v 0.310860 0.901108 7.877548
v 0.238399 1.149558 7.848477
v 0.302794 1.212098 7.863496
v 0.362004 1.263173 7.902775
v 0.313582 1.087077 7.833746
v 0.373484 1.148693 7.847303
v 0.431603 1.198463 7.886502
v 0.389975 1.022303 7.809882
v 0.448089 1.083508 7.822931
v 0.505641 1.132763 7.862089
v 0.432409 1.298427 8.035833
v 0.435454 1.276599 8.116008
v 0.416724 1.231614 8.191679
v 0.505901 1.228052 8.022720
v 0.512916 1.203579 8.103470
v 0.499672 1.158867 8.176630
v 0.581359 1.160280 7.999449
v 0.589899 1.134963 8.080256
v 0.578607 1.090567 8.152294
v 0.653175 0.836776 8.162178
v 0.595317 0.775630 8.149202
v 0.537845 0.726448 8.110050
v 0.729766 0.770492 8.133015
v 0.671908 0.709346 8.120039
v 0.614437 0.660164 8.080887
v 0.806357 0.704208 8.103851
v 0.748499 0.643062 8.090876
v 0.691028 0.593880 8.051723
v 0.461924 0.699228 7.972527
v 0.453167 0.724665 7.891712
v 0.464179 0.769016 7.819834
v 0.538515 0.632944 7.943364
v 0.529757 0.658381 7.862549
v 0.540771 0.702732 7.790671
v 0.615107 0.566660 7.914200
v 0.606349 0.592097 7.833385
v 0.617362 0.636447 7.761507
v 0.543130 0.889950 7.752312
v 0.600988 0.951096 7.765288
v 0.658459 1.000278 7.804440
v 0.619721 0.823666 7.723149
v 0.677579 0.884812 7.736125
v 0.735050 0.933994 7.775277
v 0.696312 0.757382 7.693985
v 0.754170 0.818528 7.706962
v 0.811642 0.867710 7.746114
v 0.734380 1.027498 7.941963
v 0.743138 1.002061 8.022778
v 0.732124 0.957711 8.094656
v 0.810972 0.961214 7.912800
v 0.819729 0.935777 7.993614
v 0.808716 0.891427 8.065493
v 0.887563 0.894930 7.883636
v 0.896320 0.869493 7.964451
v 0.885307 0.825143 8.036329
v 0.959540 0.571639 8.045525
v 0.901682 0.510494 8.032549
v 0.844210 0.461312 7.993396
v 1.036131 0.505355 8.016361
v 0.978273 0.444210 8.003385
v 0.920802 0.395027 7.964233
v 1.112722 0.439071 7.987197
v 1.054864 0.377925 7.974221
v 0.997393 0.328743 7.935069
v 0.768289 0.434092 7.855873
v 0.759532 0.459529 7.775059
v 0.770545 0.503879 7.703180
v 0.844881 0.367807 7.826710
v 0.836123 0.393244 7.745895
v 0.847136 0.437595 7.674017
v 0.921472 0.301523 7.797546
v 0.912714 0.326960 7.716732
v 0.923727 0.371311 7.644854
v 0.849495 0.624813 7.635658
v 0.907353 0.685959 7.648635
v 0.964824 0.735141 7.687787
v 0.926086 0.558529 7.606495
v 0.983944 0.619675 7.619471
v 1.041416 0.668857 7.658623
v 1.002677 0.492245 7.577332
v 1.060535 0.553391 7.590308
v 1.118007 0.602573 7.629460
v 1.040745 0.762361 7.825310
v 1.049503 0.736925 7.906124
v 1.038490 0.692574 7.978003
v 1.117337 0.696077 7.796146
v 1.126094 0.670640 7.876961
v 1.115081 0.626290 7.948839
v 1.193928 0.629793 7.766983
v 1.202686 0.604356 7.847797
v 1.191672 0.560006 7.919676
v 1.265905 0.306502 7.928871
v 1.208047 0.245357 7.915895
v 1.150576 0.196175 7.876742
v 1.342497 0.240218 7.899707
v 1.284638 0.179073 7.886731
v 1.227167 0.129890 7.847579
v 1.419088 0.173934 7.870543
v 1.361230 0.112788 7.857568
v 1.303758 0.063606 7.818416
v 1.074654 0.168955 7.739220
v 1.065897 0.194392 7.658405
v 1.076910 0.238742 7.586527
v 1.151246 0.102670 7.710056
v 1.142488 0.128107 7.629241
v 1.153501 0.172458 7.557364
v 1.227837 0.036386 7.680893
v 1.219079 0.061823 7.600078
v 1.230093 0.106174 7.528200
v 1.155860 0.359677 7.519005
v 1.213718 0.420822 7.531981
v 1.271189 0.470004 7.571133
v 1.232451 0.293392 7.489841
v 1.290309 0.354538 7.502817
v 1.347781 0.403720 7.541970
v 1.309042 0.227108 7.460678
v 1.366901 0.288254 7.473654
v 1.424372 0.337436 7.512806
v 1.347111 0.497224 7.708656
v 1.355868 0.471788 7.789471
v 1.344855 0.427437 7.861349
v 1.423702 0.430940 7.679492
v 1.432459 0.405503 7.760307
v 1.421446 0.361153 7.832185
v 1.500293 0.364656 7.650329
v 1.509051 0.339219 7.731144
v 1.498038 0.294869 7.803022
v 1.572270 0.041366 7.812217
v 1.514412 -0.019780 7.799241
v 1.456941 -0.068962 7.760088
v 1.648862 -0.024919 7.783053
v 1.591004 -0.086064 7.770077
v 1.533532 -0.135246 7.730926
v 1.725453 -0.091203 7.753890
v 1.667595 -0.152349 7.740914
v 1.610123 -0.201531 7.701762
v 1.381020 -0.096182 7.622566
v 1.372262 -0.070745 7.541751
v 1.383275 -0.026395 7.469873
v 1.457611 -0.162467 7.593402
v 1.448853 -0.137030 7.512588
v 1.459867 -0.092679 7.440710
v 1.534202 -0.228751 7.564239
v 1.525445 -0.203314 7.483424
v 1.536458 -0.158963 7.411546
v 1.462225 0.094540 7.402351
v 1.520083 0.155685 7.415327
v 1.577555 0.204867 7.454479
v 1.538817 0.028255 7.373188
v 1.596675 0.089401 7.386164
v 1.654146 0.138583 7.425316
v 1.615408 -0.038029 7.344024
v 1.673266 0.023117 7.357000
v 1.730737 0.072299 7.396152
v 1.653476 0.232088 7.592002
v 1.662234 0.206651 7.672817
v 1.651220 0.162300 7.744695
v 1.730067 0.165803 7.562839
v 1.738825 0.140366 7.643653
v 1.727812 0.096016 7.715531
v 1.806658 0.099519 7.533675
v 1.815416 0.074082 7.614490
v 1.804403 0.029732 7.686368
v 1.877972 -0.224681 7.695099
v 1.820048 -0.285611 7.682248
v 1.762546 -0.334536 7.643223
v 1.949923 -0.297332 7.662687
v 1.891531 -0.356753 7.650709
v 1.833819 -0.403879 7.612573
v 2.013916 -0.380899 7.624707
v 1.954257 -0.436221 7.615098
v 1.895973 -0.478464 7.579375
v 1.686615 -0.361381 7.505856
v 1.677885 -0.335890 7.424951
v 1.688968 -0.291547 7.352809
v 1.757813 -0.428099 7.476298
v 1.749275 -0.402227 7.394757
v 1.760851 -0.357938 7.320777
v 1.819737 -0.495561 7.446124
v 1.811517 -0.468662 7.363261
v 1.824198 -0.424663 7.284605
v 1.768107 -0.170360 7.285132
v 1.826174 -0.109040 7.298181
v 1.884007 -0.059898 7.337197
v 1.841316 -0.234981 7.252014
v 1.900843 -0.172445 7.265566
v 1.961208 -0.123580 7.303637
v 1.908856 -0.295850 7.212347
v 1.971704 -0.230210 7.227425
v 2.038490 -0.182254 7.262777
v 1.960058 -0.033348 7.474556
v 1.968511 -0.059191 7.555467
v 1.957232 -0.103789 7.627415
v 2.038171 -0.101722 7.439849
v 2.044492 -0.130407 7.521429
v 2.031345 -0.176738 7.593863
v 2.118924 -0.174124 7.396008
v 2.119303 -0.210289 7.479302
v 2.101198 -0.261139 7.552823
v 0.693146 -2.481462 6.336946
v 0.702142 -2.525238 6.409668
v 0.690359 -2.550910 6.490258
v 0.616595 -2.550291 6.299747
v 0.623260 -2.592892 6.374971
v 0.610087 -2.617367 6.457393
v 0.532674 -2.618626 6.255332
v 0.533185 -2.657821 6.337243
v 0.516315 -2.679019 6.424333
v 0.607033 -2.526653 6.624223
v 0.546086 -2.479794 6.660591
v 0.485565 -2.420998 6.670754
v 0.527493 -2.591548 6.593118
v 0.468280 -2.544348 6.629858
v 0.409763 -2.485400 6.640190
v 0.435717 -2.648959 6.564791
v 0.381210 -2.600832 6.602539
v 0.328135 -2.541468 6.613332
v 0.405570 -2.303235 6.599420
v 0.396253 -2.259272 6.526948
v 0.407725 -2.233390 6.446376
v 0.332611 -2.367544 6.568834
v 0.323386 -2.323440 6.495615
v 0.334067 -2.297292 6.413331
v 0.258720 -2.423357 6.541977
v 0.249902 -2.378845 6.467156
v 0.258431 -2.351917 6.380636
v 0.491324 -2.257492 6.312361
v 0.552707 -2.304489 6.275953
v 0.613424 -2.363543 6.265561
v 0.418847 -2.321861 6.277205
v 0.481547 -2.370165 6.240146
v 0.541628 -2.431185 6.227989
v 0.347161 -2.377896 6.237691
v 0.413316 -2.429262 6.199341
v 0.471471 -2.495180 6.182521
v 0.983347 -2.204474 6.468487
v 0.992677 -2.248418 6.540852
v 0.981092 -2.274262 6.621180
v 0.910945 -2.273737 6.435761
v 0.920274 -2.317680 6.508126
v 0.908690 -2.343524 6.588455
v 0.838543 -2.342999 6.403036
v 0.847872 -2.386943 6.475401
v 0.836287 -2.412786 6.555729
v 0.897662 -2.250227 6.754893
v 0.836467 -2.203417 6.791208
v 0.775660 -2.144643 6.801347
v 0.825259 -2.319489 6.722168
v 0.764065 -2.272679 6.758483
v 0.703257 -2.213905 6.768622
v 0.752857 -2.388752 6.689442
v 0.691663 -2.341941 6.725758
v 0.630855 -2.283168 6.735897
v 0.695258 -2.026894 6.730016
v 0.685929 -1.982950 6.657651
v 0.697514 -1.957106 6.577323
v 0.622856 -2.096156 6.697290
v 0.613526 -2.052212 6.624926
v 0.625112 -2.026369 6.544598
v 0.550454 -2.165418 6.664565
v 0.541124 -2.121475 6.592200
v 0.552709 -2.095631 6.511872
v 0.780944 -1.981141 6.443610
v 0.842138 -2.027951 6.407295
v 0.902946 -2.086725 6.397155
v 0.708542 -2.050404 6.410884
v 0.769736 -2.097214 6.374569
v 0.830544 -2.155987 6.364430
v 0.636139 -2.119666 6.378159
v 0.697334 -2.166476 6.341844
v 0.758141 -2.225250 6.331705
v 1.272957 -1.927425 6.599389
v 1.282287 -1.971369 6.671753
v 1.270701 -1.997212 6.752082
v 1.200554 -1.996687 6.566663
v 1.209884 -2.040631 6.639028
v 1.198299 -2.066475 6.719357
v 1.128152 -2.065949 6.533938
v 1.137482 -2.109893 6.606303
v 1.125897 -2.135737 6.686631
v 1.187271 -1.973177 6.885795
v 1.126077 -1.926367 6.922111
v 1.065269 -1.867593 6.932249
v 1.114869 -2.042440 6.853069
v 1.053674 -1.995629 6.889384
v 0.992867 -1.936856 6.899524
v 1.042467 -2.111702 6.820344
v 0.981272 -2.064892 6.856659
v 0.920464 -2.006118 6.866798
v 0.984868 -1.749844 6.860918
v 0.975538 -1.705900 6.788553
v 0.987123 -1.680057 6.708225
v 0.912465 -1.819106 6.828192
v 0.903136 -1.775162 6.755828
v 0.914721 -1.749319 6.675499
v 0.840063 -1.888369 6.795467
v 0.830734 -1.844425 6.723102
v 0.842319 -1.818581 6.642774
v 1.070553 -1.704092 6.574512
v 1.131748 -1.750902 6.538197
v 1.192556 -1.809675 6.528057
v 0.998151 -1.773354 6.541786
v 1.059345 -1.820164 6.505471
v 1.120153 -1.878938 6.495332
v 0.925749 -1.842616 6.509061
v 0.986943 -1.889426 6.472745
v 1.047751 -1.948200 6.462606
v 1.562566 -1.650375 6.730290
v 1.571896 -1.694319 6.802655
v 1.560311 -1.720163 6.882984
v 1.490164 -1.719638 6.697565
v 1.499493 -1.763581 6.769930
v 1.487908 -1.789425 6.850258
v 1.417761 -1.788900 6.664840
v 1.427091 -1.832844 6.737205
v 1.415506 -1.858687 6.817533
v 1.476881 -1.696128 7.016697
v 1.415686 -1.649318 7.053012
v 1.354879 -1.590544 7.063151
v 1.404478 -1.765390 6.983972
v 1.343284 -1.718580 7.020287
v 1.282476 -1.659806 7.030426
v 1.332076 -1.834652 6.951246
v 1.270882 -1.787842 6.987561
v 1.210074 -1.729069 6.997700
v 1.274477 -1.472794 6.991819
v 1.265148 -1.428851 6.919455
v 1.276733 -1.403007 6.839127
v 1.202075 -1.542057 6.959094
v 1.192745 -1.498113 6.886729
v 1.204330 -1.472270 6.806401
v 1.129673 -1.611319 6.926369
v 1.120343 -1.567375 6.854004
v 1.131928 -1.541532 6.773676
v 1.360163 -1.427042 6.705413
v 1.421357 -1.473852 6.669098
v 1.482165 -1.532626 6.658959
v 1.287760 -1.496304 6.672688
v 1.348955 -1.543114 6.636373
v 1.409763 -1.601888 6.626234
v 1.215358 -1.565567 6.639963
v 1.276553 -1.612377 6.603647
v 1.337360 -1.671151 6.593508
v 1.852176 -1.373326 6.861193
v 1.861505 -1.417270 6.933557
v 1.849920 -1.443113 7.013885
v 1.779773 -1.442588 6.828467
v 1.789103 -1.486532 6.900832
v 1.777518 -1.512376 6.981160
v 1.707371 -1.511850 6.795742
v 1.716701 -1.555794 6.868106
v 1.705115 -1.581638 6.948434
v 1.766490 -1.419078 7.147599
v 1.705295 -1.372268 7.183914
v 1.644488 -1.313494 7.194053
v 1.694088 -1.488341 7.114873
v 1.632893 -1.441530 7.151188
v 1.572085 -1.382757 7.161327
v 1.621685 -1.557603 7.082148
v 1.560491 -1.510793 7.118463
v 1.499683 -1.452019 7.128602
v 1.564086 -1.195745 7.122721
v 1.554757 -1.151801 7.050357
v 1.566342 -1.125958 6.970028
v 1.491684 -1.265007 7.089996
v 1.482355 -1.221063 7.017632
v 1.493940 -1.195220 6.937303
v 1.419282 -1.334270 7.057271
v 1.409952 -1.290326 6.984906
v 1.421537 -1.264482 6.904577
v 1.649772 -1.149992 6.836315
v 1.710966 -1.196803 6.800000
v 1.771774 -1.255576 6.789861
v 1.577370 -1.219255 6.803590
v 1.638564 -1.266065 6.767274
v 1.699372 -1.324839 6.757135
v 1.504968 -1.288517 6.770864
v 1.566162 -1.335327 6.734549
v 1.626970 -1.394101 6.724410
v 2.138081 -1.090089 6.969308
v 2.151764 -1.126317 7.042607
v 2.144295 -1.142529 7.130561
v 2.068285 -1.163701 6.952646
v 2.078905 -1.205326 7.025486
v 2.068479 -1.228414 7.108307
v 1.996843 -1.234571 6.925803
v 2.006334 -1.278225 6.998227
v 1.994894 -1.303725 7.078867
v 2.049047 -1.115090 7.283214
v 1.978067 -1.076278 7.320991
v 1.913378 -1.025356 7.329438
v 1.981990 -1.203498 7.246923
v 1.917722 -1.158892 7.283813
v 1.855582 -1.102424 7.293545
v 1.911081 -1.279579 7.213193
v 1.849503 -1.233045 7.249580
v 1.788528 -1.174559 7.259668
v 1.832779 -0.917563 7.253443
v 1.824013 -0.873001 7.178645
v 1.837087 -0.841725 7.094180
v 1.775104 -0.987609 7.220833
v 1.765999 -0.943390 7.147669
v 1.778094 -0.915890 7.066023
v 1.708118 -1.057176 7.188164
v 1.698816 -1.013198 7.115700
v 1.710465 -0.987148 7.035207
v 1.926057 -0.867356 6.951588
v 1.989352 -0.920633 6.913657
v 2.051943 -0.980700 6.902189
v 1.862957 -0.940338 6.930015
v 1.924816 -0.989142 6.893135
v 1.986180 -1.048417 6.882543
v 1.794074 -1.011234 6.901206
v 1.855352 -1.058294 6.864821
v 1.916229 -1.117130 6.854625
v -0.455668 0.816007 8.012465
v -0.444385 0.841782 7.931903
v -0.453733 0.885833 7.859280
v -0.379562 0.881767 8.044484
v -0.370392 0.907061 7.962282
v -0.379870 0.951866 7.887847
v -0.297871 0.940891 8.074741
v -0.294359 0.964855 7.988582
v -0.303760 1.011593 7.909760
v -0.534327 1.003828 7.787785
v -0.595395 1.062650 7.797984
v -0.656673 1.109530 7.834301
v -0.461809 1.071578 7.815208
v -0.524703 1.130739 7.825830
v -0.586569 1.178111 7.862160
v -0.389970 1.136998 7.833454
v -0.457456 1.196902 7.845320
v -0.520467 1.245534 7.881678
v -0.739913 1.133882 7.967845
v -0.751339 1.108254 8.048069
v -0.741839 1.064494 8.120372
v -0.668473 1.204679 7.994524
v -0.678783 1.180562 8.074009
v -0.668095 1.138092 8.145884
v -0.598682 1.278106 8.010835
v -0.605967 1.258093 8.088320
v -0.592050 1.219120 8.159027
v -0.661138 0.946799 8.191880
v -0.600172 0.887822 8.182007
v -0.538800 0.840658 8.146023
v -0.585297 1.020778 8.218627
v -0.523223 0.960374 8.210613
v -0.460608 0.910733 8.176952
v -0.503593 1.102873 8.235120
v -0.438739 1.038813 8.232117
v -0.372728 0.982726 8.204865
v -0.745807 0.539457 7.881664
v -0.734221 0.565301 7.801336
v -0.743551 0.609245 7.728971
v -0.673404 0.608720 7.914390
v -0.661819 0.634563 7.834062
v -0.671149 0.678507 7.761697
v -0.601002 0.677982 7.947115
v -0.589417 0.703826 7.866787
v -0.598746 0.747770 7.794423
v -0.823952 0.726994 7.657640
v -0.884760 0.785768 7.667779
v -0.945954 0.832578 7.704094
v -0.751550 0.796257 7.690366
v -0.812358 0.855030 7.700504
v -0.873552 0.901841 7.736820
v -0.679148 0.865519 7.723091
v -0.739955 0.924293 7.733230
v -0.801150 0.971103 7.769546
v -1.029385 0.856613 7.837808
v -1.040970 0.830770 7.918136
v -1.031640 0.786826 7.990500
v -0.956982 0.925875 7.870533
v -0.968567 0.900032 7.950861
v -0.959238 0.856088 8.023226
v -0.884580 0.995138 7.903258
v -0.896165 0.969294 7.983587
v -0.886835 0.925351 8.055952
v -0.951239 0.669076 8.061832
v -0.890431 0.610303 8.051693
v -0.829237 0.563492 8.015377
v -0.878837 0.738339 8.094558
v -0.818029 0.679565 8.084418
v -0.756834 0.632755 8.048103
v -0.806434 0.807601 8.127283
v -0.745626 0.748827 8.117144
v -0.684432 0.702017 8.080829
v -1.035416 0.262408 7.750763
v -1.023831 0.288252 7.670434
v -1.033160 0.332195 7.598070
v -0.963014 0.331670 7.783488
v -0.951428 0.357514 7.703160
v -0.960758 0.401458 7.630795
v -0.890611 0.400933 7.816214
v -0.879026 0.426776 7.735886
v -0.888356 0.470720 7.663521
v -1.113562 0.449945 7.526738
v -1.174369 0.508718 7.536878
v -1.235564 0.555529 7.573193
v -1.041159 0.519207 7.559464
v -1.101967 0.577981 7.569603
v -1.163162 0.624791 7.605918
v -0.968757 0.588469 7.592189
v -1.029565 0.647243 7.602328
v -1.090759 0.694053 7.638643
v -1.318994 0.579564 7.706906
v -1.330579 0.553720 7.787234
v -1.321249 0.509776 7.859599
v -1.246592 0.648826 7.739631
v -1.258177 0.622982 7.819960
v -1.248847 0.579039 7.892324
v -1.174189 0.718088 7.772357
v -1.185775 0.692245 7.852685
v -1.176445 0.648301 7.925050
v -1.240848 0.392027 7.930930
v -1.180040 0.333253 7.920792
v -1.118846 0.286443 7.884476
v -1.168446 0.461289 7.963656
v -1.107638 0.402516 7.953516
v -1.046444 0.355705 7.917202
v -1.096044 0.530552 7.996381
v -1.035236 0.471778 7.986242
v -0.974041 0.424967 7.949927
v -1.325025 -0.014642 7.619861
v -1.313440 0.011202 7.539533
v -1.322770 0.055146 7.467168
v -1.252623 0.054621 7.652586
v -1.241038 0.080464 7.572258
v -1.250368 0.124408 7.499894
v -1.180221 0.123883 7.685312
v -1.168636 0.149727 7.604983
v -1.177965 0.193671 7.532619
v -1.403171 0.172895 7.395836
v -1.463979 0.231669 7.405976
v -1.525173 0.278479 7.442291
v -1.330769 0.242158 7.428562
v -1.391577 0.300931 7.438701
v -1.452771 0.347742 7.475017
v -1.258366 0.311420 7.461287
v -1.319174 0.370194 7.471426
v -1.380369 0.417004 7.507742
v -1.608603 0.302514 7.576004
v -1.620189 0.276670 7.656332
v -1.610859 0.232727 7.728697
v -1.536201 0.371776 7.608729
v -1.547786 0.345933 7.689058
v -1.538457 0.301989 7.761423
v -1.463799 0.441039 7.641455
v -1.475384 0.415195 7.721783
v -1.466054 0.371251 7.794148
v -1.530458 0.114977 7.800029
v -1.469650 0.056203 7.789889
v -1.408455 0.009393 7.753574
v -1.458055 0.184240 7.832754
v -1.397248 0.125466 7.822615
v -1.336053 0.078656 7.786300
v -1.385653 0.253502 7.865479
v -1.324845 0.194728 7.855340
v -1.263651 0.147918 7.819025
v -1.614635 -0.291691 7.488959
v -1.603050 -0.265847 7.408631
v -1.612379 -0.221904 7.336267
v -1.542232 -0.222429 7.521685
v -1.530647 -0.196585 7.441356
v -1.539977 -0.152641 7.368992
v -1.469830 -0.153166 7.554410
v -1.458245 -0.127323 7.474082
v -1.467575 -0.083379 7.401717
v -1.692780 -0.104154 7.264935
v -1.753588 -0.045381 7.275074
v -1.814783 0.001430 7.311389
v -1.620378 -0.034892 7.297660
v -1.681186 0.023882 7.307799
v -1.742380 0.070692 7.344115
v -1.547976 0.034370 7.330386
v -1.608784 0.093144 7.340525
v -1.669978 0.139954 7.376840
v -1.898213 0.025465 7.445102
v -1.909798 -0.000379 7.525431
v -1.900468 -0.044323 7.597795
v -1.825810 0.094727 7.477828
v -1.837395 0.068883 7.558156
v -1.828066 0.024940 7.630521
v -1.753408 0.163989 7.510553
v -1.764993 0.138146 7.590881
v -1.755664 0.094202 7.663246
v -1.820067 -0.162072 7.669127
v -1.759259 -0.220846 7.658988
v -1.698065 -0.267656 7.622672
v -1.747665 -0.092810 7.701852
v -1.686857 -0.151584 7.691713
v -1.625663 -0.198394 7.655398
v -1.675262 -0.023547 7.734577
v -1.614455 -0.082321 7.724439
v -1.553260 -0.129132 7.688123
v -1.883317 -0.569579 7.357594
v -1.872230 -0.542294 7.275194
v -1.882886 -0.498762 7.195979
v -1.825649 -0.499727 7.390628
v -1.814266 -0.473456 7.309563
v -1.824055 -0.429595 7.235072
v -1.758665 -0.430247 7.423489
v -1.747106 -0.404350 7.343069
v -1.756493 -0.360417 7.270438
v -1.969072 -0.373364 7.119636
v -2.035140 -0.310301 7.131633
v -2.105401 -0.265084 7.163709
v -1.905990 -0.309884 7.162426
v -1.968546 -0.249788 7.173059
v -2.032563 -0.203409 7.208157
v -1.837085 -0.242422 7.198942
v -1.898112 -0.183483 7.209144
v -1.959659 -0.136727 7.245306
v -2.192367 -0.260300 7.292938
v -2.195281 -0.296531 7.376153
v -2.178691 -0.346687 7.450502
v -2.116757 -0.184773 7.340517
v -2.125817 -0.213765 7.421728
v -2.114306 -0.259603 7.494752
v -2.043185 -0.113367 7.378850
v -2.054454 -0.139604 7.459289
v -2.044852 -0.183784 7.531736
v -2.090230 -0.462935 7.526588
v -2.028017 -0.515821 7.519893
v -1.966454 -0.555668 7.487035
v -2.031512 -0.376915 7.567502
v -1.970288 -0.433945 7.558383
v -1.908984 -0.478691 7.523093
v -1.964152 -0.301479 7.603245
v -1.903291 -0.360035 7.593233
v -1.842084 -0.406587 7.557046
vn 0.6312 0.7752 -0.0250
vn 0.6699 0.6718 0.3161
vn 0.6278 0.7053 0.3294
vn 0.5925 0.8055 -0.0046
vn 0.6185 0.4852 0.6181
vn 0.5721 0.5279 0.6277
vn 0.5424 0.7628 0.3519
vn 0.5148 0.8566 0.0345
vn 0.4786 0.6052 0.6361
vn 0.4935 0.7600 -0.4229
vn 0.6451 0.7635 -0.0315
vn 0.4816 0.7704 -0.4178
vn 0.6848 0.6589 0.3111
vn 0.6352 0.4692 0.6136
vn 0.4736 0.1730 0.8636
vn 0.4546 0.1891 0.8704
vn 0.4018 0.2322 0.8858
vn 0.2936 0.3126 0.9034
vn 0.0546 0.4595 0.8865
vn 0.3034 0.7188 0.6255
vn 0.3894 0.8414 0.3747
vn 0.3784 0.9215 0.0871
vn 0.3898 0.8468 -0.3619
vn 0.2873 0.9082 -0.3043
vn 0.4502 0.7985 -0.3997
vn -0.2209 0.1409 -0.9651
vn 0.0126 0.4092 -0.9124
vn 0.0117 0.3945 -0.9188
vn -0.1968 0.1069 -0.9746
vn 0.2473 0.6266 -0.7391
vn 0.2285 0.6391 -0.7344
vn 0.0093 0.3700 -0.9290
vn -0.1547 0.0379 -0.9872
vn 0.1946 0.6629 -0.7230
vn -0.4740 -0.1724 -0.8635
vn -0.2299 0.1537 -0.9610
vn -0.4587 -0.1842 -0.8693
vn 0.0133 0.4148 -0.9098
vn 0.2551 0.6223 -0.7401
vn 0.1426 0.6984 -0.7014
vn 0.0079 0.3480 -0.9375
vn -0.1009 -0.0316 -0.9944
vn -0.3362 -0.2786 -0.8997
vn -0.2261 -0.3888 -0.8931
vn -0.4171 -0.2149 -0.8831
vn -0.8664 0.2726 0.4183
vn -0.7717 0.4187 0.4787
vn -0.6775 0.6488 0.3466
vn -0.7286 0.6095 0.3124
vn -0.5757 0.7449 0.3371
vn -0.4339 0.8734 0.2213
vn -0.3974 0.9032 0.1622
vn -0.9492 -0.1288 0.2870
vn -0.8832 0.0462 0.4667
vn -0.9168 0.2285 0.3276
vn -0.8196 0.2408 0.5199
vn -0.7536 0.5894 0.2910
vn -0.4819 0.8739 -0.0641
vn -0.2153 0.9758 -0.0386
vn -0.7322 0.5537 0.3966
vn -0.0332 0.9981 -0.0525
vn 0.0034 0.9878 0.1555
vn -0.4306 0.8725 0.2310
vn 0.0223 0.9997 0.0077
vn -0.6532 -0.7566 0.0319
vn -0.6840 -0.6574 -0.3160
vn -0.6774 -0.6582 -0.3285
vn -0.6677 -0.7437 0.0334
vn -0.6242 -0.4737 -0.6212
vn -0.5923 -0.4889 -0.6404
vn -0.6689 -0.6572 -0.3474
vn -0.6977 -0.7151 0.0420
vn -0.5295 -0.5173 -0.6723
vn -0.4967 -0.7574 0.4239
vn -0.6478 -0.7612 0.0322
vn -0.5071 -0.7486 0.4272
vn -0.6866 -0.6571 -0.3112
vn -0.6358 -0.4678 -0.6139
vn -0.4571 -0.5700 -0.6828
vn -0.6639 -0.6583 -0.3547
vn -0.7470 -0.6610 0.0709
vn -0.5846 -0.6656 0.4640
vn -0.6596 -0.5564 0.5054
vn -0.5343 -0.7224 0.4389
vn 0.2099 -0.1410 0.9675
vn -0.0307 -0.4025 0.9149
vn -0.0719 -0.3695 0.9264
vn 0.1580 -0.1069 0.9816
vn -0.2706 -0.6091 0.7456
vn -0.3041 -0.5759 0.7588
vn -0.1500 -0.3021 0.9414
vn 0.0555 -0.0435 0.9975
vn -0.3665 -0.5055 0.7811
vn 0.2285 -0.1537 0.9613
vn -0.0155 -0.4141 0.9101
vn -0.2580 -0.6202 0.7408
vn -0.4628 -0.3760 0.8027
vn -0.2773 -0.1822 0.9433
vn -0.1234 0.0653 0.9902
vn 0.6470 0.7618 -0.0323
vn 0.6869 0.6571 0.3105
vn 0.6375 0.4669 0.6129
vn 0.4952 0.7585 -0.4235
vn 0.4952 0.7586 -0.4235
vn 0.4762 0.1707 0.8626
vn -0.1155 0.9846 -0.1311
vn -0.0191 0.9991 -0.0366
vn -0.0152 0.9824 -0.1861
vn -0.1428 0.9548 -0.2607
vn 0.0822 0.9886 -0.1264
vn 0.1169 0.9600 -0.2545
vn -0.0120 0.9548 -0.2970
vn 0.0711 0.9703 -0.2313
vn 0.0020 0.9988 0.0492
vn -0.2018 0.9257 -0.3198
vn -0.0231 0.9901 0.1384
vn -0.2873 0.8954 -0.3402
vn -0.0985 0.9669 -0.2355
vn 0.1801 0.9334 -0.3103
vn -0.0442 0.9979 0.0481
vn 0.2672 0.9067 -0.3265
vn -0.0179 0.9959 -0.0889
vn -0.2260 0.9327 -0.2811
vn 0.2014 0.9414 -0.2707
vn -0.2311 0.1555 -0.9604
vn 0.0134 0.4156 -0.9094
vn 0.2562 0.6217 -0.7401
vn -0.4762 -0.1707 -0.8626
vn -0.6470 -0.7618 0.0323
vn -0.6869 -0.6571 -0.3105
vn -0.6375 -0.4669 -0.6129
vn -0.4952 -0.7586 0.4235
vn -0.4952 -0.7585 0.4235
vn 0.2311 -0.1555 0.9604
vn -0.0134 -0.4156 0.9094
vn -0.2562 -0.6217 0.7401
vn 0.8485 -0.4877 -0.2052
vn 0.6183 -0.7843 -0.0506
vn 0.7702 -0.6041 -0.2047
vn 0.9114 -0.2909 -0.2909
vn 0.4659 -0.8804 -0.0890
vn 0.7234 -0.6471 -0.2405
vn 0.9129 -0.2307 -0.3367
vn 0.7998 -0.2354 -0.5521
vn 0.7065 -0.6914 -0.1512
vn 0.8883 0.0207 -0.4588
vn 0.4750 -0.8796 0.0270
vn 0.8929 0.1966 -0.4051
vn 0.0508 -0.9943 -0.0938
vn 0.3919 -0.9040 -0.1707
vn 0.2793 -0.9599 0.0240
vn 0.6978 -0.6667 -0.2617
vn 0.9651 0.1555 -0.2107
vn 0.9155 0.2268 -0.3324
vn 0.9144 -0.2915 -0.2811
vn 0.4965 0.7573 -0.4242
vn 0.6487 0.7603 -0.0330
vn 0.6889 0.6555 0.3096
vn 0.6399 0.4651 0.6117
vn 0.4788 0.1685 0.8616
vn -0.4784 -0.1690 -0.8617
vn -0.2330 0.1563 -0.9598
vn 0.0127 0.4155 -0.9095
vn 0.2567 0.6209 -0.7406
vn -0.4936 -0.7600 0.4228
vn -0.6462 -0.7625 0.0316
vn -0.6872 -0.6565 -0.3110
vn -0.6389 -0.4651 -0.6127
vn 0.8480 0.3258 -0.4180
vn 0.8994 0.2042 -0.3864
vn 0.8239 0.2563 -0.5055
vn 0.7684 0.3961 -0.5026
vn 0.8536 0.1460 -0.5001
vn 0.7757 0.1599 -0.6105
vn 0.7538 0.2920 -0.5886
vn 0.7944 0.1941 -0.5755
vn 0.9338 0.1515 -0.3243
vn 0.7182 0.4677 -0.5152
vn 0.9618 0.1378 -0.2366
vn 0.6824 0.5474 -0.4846
vn 0.7897 0.3484 -0.5049
vn 0.7287 0.1205 -0.6741
vn 0.9325 0.1935 -0.3051
vn 0.6976 0.0430 -0.7152
vn 0.8754 0.2229 -0.4290
vn 0.7402 0.4751 -0.4759
vn 0.7520 0.0863 -0.6535
vn 0.2333 -0.1578 0.9595
vn -0.0115 -0.4175 0.9086
vn -0.2542 -0.6233 0.7395
vn 0.7598 0.6465 -0.0687
vn 0.8063 0.5374 0.2473
vn 0.7403 0.6092 0.2843
vn 0.6959 0.7164 -0.0491
vn 0.7821 0.3438 0.5197
vn 0.7027 0.4155 0.5775
vn 0.7030 0.6435 0.3029
vn 0.6613 0.7492 -0.0377
vn 0.6573 0.4519 0.6032
vn 0.6851 0.5655 -0.4591
vn 0.8513 0.5153 -0.0992
vn 0.5924 0.6684 -0.4498
vn 0.8969 0.4044 0.1790
vn 0.8916 0.2101 0.4012
vn 0.7732 -0.1627 0.6129
vn 0.6326 0.0195 0.7743
vn 0.5460 0.1076 0.8309
vn 0.4974 0.1522 0.8541
vn 0.5064 0.7483 -0.4285
vn 0.5351 0.7227 -0.4375
vn -0.3471 0.2030 -0.9156
vn -0.0267 0.4077 -0.9127
vn -0.0068 0.4129 -0.9108
vn -0.2819 0.1755 -0.9432
vn 0.2995 0.5724 -0.7633
vn 0.2714 0.6015 -0.7513
vn 0.0073 0.4148 -0.9099
vn -0.2463 0.1616 -0.9556
vn 0.2601 0.6156 -0.7439
vn -0.6734 0.0663 -0.7363
vn -0.4039 0.2613 -0.8767
vn -0.6007 -0.0573 -0.7974
vn -0.0357 0.4075 -0.9125
vn 0.3590 0.5219 -0.7738
vn -0.4935 -0.1572 -0.8554
vn -0.5325 -0.1256 -0.8371
vn -0.5925 -0.8056 0.0022
vn -0.7081 -0.6205 -0.3369
vn -0.6971 -0.6402 -0.3227
vn -0.6243 -0.7810 0.0175
vn -0.7204 -0.3517 -0.5978
vn -0.6757 -0.4198 -0.6060
vn -0.6899 -0.6520 -0.3145
vn -0.6405 -0.7675 0.0269
vn -0.6492 -0.4529 -0.6110
vn -0.2594 -0.8982 0.3550
vn -0.5406 -0.8410 -0.0195
vn -0.3726 -0.8406 0.3931
vn -0.7179 -0.6025 -0.3486
vn -0.7670 -0.2795 -0.5776
vn -0.4811 -0.7703 0.4186
vn -0.4445 -0.7965 0.4099
vn 0.3595 -0.3048 0.8820
vn 0.1167 -0.5265 0.8421
vn 0.0422 -0.4650 0.8843
vn 0.2889 -0.2192 0.9319
vn -0.1137 -0.7128 0.6921
vn -0.1966 -0.6636 0.7218
vn 0.0028 -0.4306 0.9025
vn 0.2487 -0.1743 0.9528
vn -0.2394 -0.6347 0.7348
vn 0.4650 -0.4433 0.7663
vn 0.2319 -0.6186 0.7507
vn 0.0147 -0.7806 0.6248
vn -0.9071 -0.2938 -0.3014
vn -0.7158 -0.6163 -0.3283
vn -0.7007 -0.6378 -0.3196
vn -0.9051 -0.3491 -0.2428
vn -0.3943 -0.8623 -0.3177
vn -0.3907 -0.8481 -0.3578
vn -0.6913 -0.6512 -0.3131
vn -0.9020 -0.3784 -0.2080
vn -0.3872 -0.8404 -0.3791
vn -0.9398 0.1187 -0.3204
vn -0.8966 -0.2428 -0.3703
vn -0.9794 0.0582 -0.1933
vn -0.7277 -0.5978 -0.3363
vn -0.3962 -0.8823 -0.2542
vn 0.0523 -0.9880 -0.1451
vn 0.0437 -0.9606 -0.2745
vn 0.0331 -0.9341 -0.3556
vn 0.0283 -0.9170 -0.3978
vn 0.0280 -0.9103 -0.4131
vn -0.3849 -0.8378 -0.3873
vn -0.6875 -0.6563 -0.3108
vn -0.9003 -0.3896 -0.1941
vn -0.9988 -0.0090 -0.0479
vn -0.9995 -0.0186 -0.0270
vn -0.9948 0.0150 -0.1003
vn -0.4436 0.7834 0.4353
vn -0.7519 0.6149 0.2378
vn -0.7390 0.6226 0.2572
vn -0.4413 0.8046 0.3973
vn -0.9275 0.3737 0.0070
vn -0.9270 0.3653 0.0847
vn -0.7307 0.6268 0.2707
vn -0.4383 0.8158 0.3772
vn -0.9247 0.3582 0.1287
vn -0.0010 0.7578 0.6525
vn -0.4427 0.7480 0.4946
vn -0.0116 0.8373 0.5466
vn -0.7607 0.6089 0.2249
vn -0.9164 0.3940 -0.0701
vn -0.9233 0.3553 0.1460
vn -0.7272 0.6285 0.2759
vn -0.4361 0.8204 0.3699
vn -0.0279 0.9013 0.4324
vn -0.0282 0.9083 0.4173
vn -0.0229 0.8807 0.4731
vn 0.8647 0.3188 0.3881
vn 0.6697 0.5727 0.4728
vn 0.6822 0.6237 0.3814
vn 0.8906 0.3607 0.2769
vn 0.3936 0.7454 0.5380
vn 0.3891 0.8015 0.4542
vn 0.6858 0.6478 0.3316
vn 0.8981 0.3823 0.2173
vn 0.3853 0.8277 0.4080
vn 0.8621 -0.1882 0.4705
vn 0.7889 0.2394 0.5660
vn 0.9688 -0.0775 0.2353
vn 0.6284 0.4790 0.6129
vn 0.3842 0.6441 0.6615
vn 0.3845 0.8363 0.3908
vn 0.6868 0.6560 0.3131
vn 0.8998 0.3902 0.1952
vn 0.9987 0.0077 0.0506
vn 0.9995 0.0185 0.0272
vn 0.9933 -0.0214 0.1140
vn 0.4436 -0.8734 -0.2011
vn 0.7089 -0.6971 -0.1070
vn 0.7219 -0.6609 -0.2051
vn 0.4400 -0.8470 -0.2984
vn 0.8887 -0.4572 0.0338
vn 0.9141 -0.3993 -0.0701
vn 0.7256 -0.6388 -0.2558
vn 0.4365 -0.8294 -0.3486
vn 0.9213 -0.3681 -0.1252
vn 0.4319 -0.9008 -0.0439
vn 0.6662 -0.7438 0.0546
vn 0.8131 -0.5435 0.2085
vn 0.9229 -0.3565 -0.1457
vn 0.7265 -0.6301 -0.2741
vn 0.4358 -0.8221 -0.3664
vn -0.9000 -0.3913 -0.1921
vn -0.3845 -0.8374 -0.3884
vn -0.9995 -0.0200 -0.0239
vn 0.0281 -0.9093 -0.4152
vn -0.4357 0.8211 0.3688
vn -0.7266 0.6288 0.2767
vn -0.9230 0.3548 0.1485
vn -0.9230 0.3549 0.1485
vn -0.0281 0.9093 0.4152
vn 0.9000 0.3913 0.1921
vn 0.3845 0.8374 0.3884
vn 0.9995 0.0200 0.0239
vn 0.4357 -0.8211 -0.3688
vn 0.7266 -0.6288 -0.2767
vn 0.9230 -0.3549 -0.1485
vn 0.1462 0.5409 -0.8283
vn 0.3624 0.5132 -0.7780
vn 0.0208 0.4934 -0.8695
vn -0.2576 0.4985 -0.8277
vn 0.4286 0.4785 -0.7664
vn -0.0181 0.4389 -0.8984
vn -0.3868 0.3684 -0.8454
vn 0.4668 0.2523 -0.8476
vn 0.6589 0.3566 -0.6623
vn -0.0997 0.4893 -0.8664
vn 0.7680 0.3795 -0.5159
vn -0.4340 0.4517 -0.7795
vn 0.7687 0.4417 -0.4626
vn -0.5886 0.3113 -0.7461
vn -0.1296 0.5466 0.8273
vn -0.1598 0.4294 0.8889
vn -0.0307 0.5025 0.8640
vn -0.0311 0.6264 0.7788
vn -0.0299 0.4005 0.9158
vn 0.0999 0.4346 0.8951
vn 0.0680 0.5505 0.8321
vn -0.2196 0.3665 0.9041
vn -0.0080 0.6909 0.7229
vn -0.3051 0.3319 0.8926
vn -0.0308 0.7529 0.6574
vn -0.0313 0.5848 0.8106
vn 0.1845 0.4090 0.8937
vn -0.2430 0.4000 0.8837
vn 0.2491 0.3431 0.9057
vn -0.1152 0.4560 0.8825
vn -0.0542 0.6899 0.7218
vn 0.1616 0.3739 0.9133
vn 0.9230 -0.3548 -0.1485
vn 0.7266 -0.6289 -0.2767
vn -0.6724 -0.7296 -0.1249
vn -0.7538 -0.6535 0.0691
vn -0.6455 -0.7174 -0.2620
vn -0.4582 -0.7551 -0.4689
vn -0.7860 -0.6066 0.1190
vn -0.6568 -0.6808 -0.3241
vn -0.4233 -0.6588 -0.6219
vn -0.9104 -0.4114 0.0441
vn -0.8462 -0.4237 0.3231
vn -0.5778 -0.7322 -0.3607
vn -0.7818 -0.3845 0.4909
vn -0.3298 -0.7255 -0.6040
vn -0.7283 -0.4272 0.5358
vn -0.2406 -0.6086 -0.7561
vn 0.5288 0.7670 0.3636
vn 0.7307 0.4487 0.5146
vn 0.6337 0.6750 0.3779
vn 0.3876 0.8898 0.2410
vn 0.8338 0.3066 0.4590
vn 0.6879 0.6378 0.3463
vn 0.3528 0.9182 0.1801
vn 0.4491 0.8925 -0.0418
vn 0.6897 0.5821 0.4306
vn 0.1777 0.9836 -0.0292
vn 0.7835 0.2728 0.5583
vn -0.0042 0.9986 -0.0518
vn 0.9388 -0.0911 0.3321
vn 0.8902 0.2646 0.3708
vn 0.8574 0.0810 0.5083
vn 0.7147 0.6187 0.3261
vn -0.0503 0.9868 0.1542
vn -0.0626 0.9980 0.0057
vn 0.3839 0.8888 0.2505
vn -0.7266 0.6289 0.2767
vn 0.0281 -0.9083 -0.4173
vn -0.3849 -0.8368 -0.3895
vn -0.6875 -0.6568 -0.3098
vn -0.9003 -0.3917 -0.1899
vn -0.9995 -0.0213 -0.0213
vn -0.9233 0.3535 0.1501
vn -0.7271 0.6283 0.2769
vn -0.4361 0.8213 0.3679
vn -0.0283 0.9101 0.4134
vn 0.3844 0.8385 0.3862
vn 0.6868 0.6583 0.3080
vn 0.8999 0.3929 0.1893
vn 0.9996 0.0215 0.0206
vn 0.9230 -0.3537 -0.1516
vn 0.7266 -0.6277 -0.2793
vn 0.4358 -0.8199 -0.3712
vn -0.9020 -0.3951 -0.1742
vn -0.6911 -0.6552 -0.3050
vn -0.7000 -0.6517 -0.2921
vn -0.9054 -0.4034 -0.1325
vn -0.3869 -0.8323 -0.3969
vn -0.3894 -0.8213 -0.4171
vn -0.7148 -0.6447 -0.2710
vn -0.9097 -0.4120 -0.0512
vn -0.3911 -0.8003 -0.4545
vn -0.9995 -0.0307 -0.0035
vn 0.0288 -0.9013 -0.4323
vn 0.0348 -0.8805 -0.4728
vn 0.0479 -0.8366 -0.5457
vn 0.0601 -0.7568 -0.6508
vn -0.3905 -0.7656 -0.5112
vn -0.7271 -0.6387 -0.2517
vn -0.9040 -0.4261 0.0357
vn -0.9855 -0.0974 0.1387
vn -0.9975 -0.0557 0.0438
vn -0.4380 0.8232 0.3613
vn -0.7301 0.6240 0.2786
vn -0.7377 0.6129 0.2831
vn -0.4412 0.8293 0.3431
vn -0.9252 0.3436 0.1612
vn -0.9293 0.3165 0.1906
vn -0.7495 0.5964 0.2871
vn -0.4424 0.8439 0.3034
vn -0.9321 0.2654 0.2467
vn -0.0286 0.9158 0.4006
vn -0.0178 0.9571 0.2892
vn -0.0265 0.9309 0.3642
vn 0.8988 0.4046 0.1690
vn 0.6860 0.6671 0.2905
vn 0.6826 0.6897 0.2415
vn 0.8928 0.4359 0.1140
vn 0.3847 0.8455 0.3703
vn 0.3866 0.8632 0.3247
vn 0.6714 0.7268 0.1447
vn 0.8698 0.4933 0.0093
vn 0.3898 0.8912 0.2322
vn 0.9995 0.0322 -0.0029
vn 0.3879 0.9189 0.0717
vn 0.6359 0.7715 -0.0206
vn 0.7995 0.5762 -0.1699
vn 0.9751 0.1165 -0.1888
vn 0.9959 0.0612 -0.0664
vn 0.4371 -0.8112 -0.3884
vn 0.7262 -0.6196 -0.2979
vn 0.7240 -0.5956 -0.3478
vn 0.4420 -0.7848 -0.4343
vn 0.9220 -0.3459 -0.1738
vn 0.9165 -0.3245 -0.2337
vn 0.7138 -0.5451 -0.4397
vn 0.4483 -0.7286 -0.5179
vn 0.8943 -0.2836 -0.3461
vn 0.8239 -0.2072 -0.5274
vn 0.6756 -0.4530 -0.5817
vn 0.4408 -0.6276 -0.6417
vn 0.7907 0.6090 -0.0624
vn 0.8082 0.5292 0.2586
vn 0.7418 0.6049 0.2897
vn 0.7121 0.7005 -0.0473
vn 0.7590 0.3619 0.5413
vn 0.6918 0.4231 0.5851
vn 0.7035 0.6421 0.3047
vn 0.6668 0.7443 -0.0371
vn 0.6535 0.4539 0.6057
vn 0.8986 0.4311 -0.0823
vn 0.6510 0.5910 -0.4764
vn 0.8974 0.3897 0.2069
vn 0.8477 0.2514 0.4671
vn 0.6742 0.0113 0.7384
vn 0.5882 0.0888 0.8038
vn 0.5250 0.1344 0.8404
vn 0.4901 0.1591 0.8570
vn 0.4779 0.1692 0.8620
vn 0.6394 0.4653 0.6121
vn 0.6889 0.6553 0.3098
vn 0.6494 0.7597 -0.0329
vn 0.5164 0.7397 -0.4315
vn 0.4978 0.7563 -0.4245
vn 0.5648 0.6924 -0.4489
vn -0.0888 0.0580 -0.9944
vn 0.1431 0.2907 -0.9460
vn 0.0690 0.3637 -0.9290
vn -0.1715 0.1136 -0.9786
vn 0.3843 0.4633 -0.7985
vn 0.3141 0.5578 -0.7683
vn 0.0297 0.4005 -0.9158
vn -0.2143 0.1428 -0.9663
vn 0.2738 0.6034 -0.7489
vn -0.2408 -0.3167 -0.9174
vn 0.0387 -0.0387 -0.9985
vn -0.3536 -0.2489 -0.9017
vn 0.2570 0.1601 -0.9531
vn 0.4885 0.2841 -0.8250
vn 0.2584 0.6195 -0.7412
vn 0.0154 0.4138 -0.9102
vn -0.2291 0.1539 -0.9612
vn -0.4621 -0.1823 -0.8679
vn -0.4746 -0.1722 -0.8632
vn -0.4255 -0.2064 -0.8811
vn -0.7317 -0.6724 0.1118
vn -0.7103 -0.6529 -0.2630
vn -0.6986 -0.6550 -0.2880
vn -0.6875 -0.7230 0.0673
vn -0.5840 -0.5193 -0.6239
vn -0.6153 -0.4911 -0.6167
vn -0.6905 -0.6566 -0.3034
vn -0.6599 -0.7501 0.0432
vn -0.6311 -0.4748 -0.6134
vn -0.7056 -0.5100 0.4920
vn -0.7795 -0.6091 0.1459
vn -0.6222 -0.6277 0.4679
vn -0.7203 -0.6501 -0.2420
vn -0.5325 -0.5601 -0.6347
vn -0.6367 -0.4680 -0.6129
vn -0.6873 -0.6571 -0.3096
vn -0.6486 -0.7604 0.0337
vn -0.5142 -0.7417 0.4306
vn -0.4977 -0.7564 0.4245
vn -0.5545 -0.7030 0.4453
vn 0.7359 -0.2623 0.6242
vn 0.7587 -0.3656 0.5391
vn 0.8083 -0.2237 0.5446
vn 0.7514 -0.1293 0.6470
vn 0.8394 -0.2921 0.4583
vn 0.8874 -0.1685 0.4291
vn 0.8339 -0.1123 0.5405
vn 0.7348 -0.4459 0.5111
vn 0.7228 -0.0569 0.6887
vn 0.6793 -0.5204 0.5174
vn 0.6637 -0.0158 0.7478
vn 0.9224 -0.1146 0.3689
vn 0.7106 -0.4389 0.5498
vn 0.9540 -0.0992 0.2829
vn 0.7781 -0.3170 0.5422
vn 0.6999 -0.0919 0.7083
vn 0.9239 -0.1559 0.3496
vn 0.2800 -0.2099 0.9368
vn -0.0612 -0.4221 0.9045
vn -0.0371 -0.4184 0.9075
vn 0.2509 -0.1806 0.9510
vn -0.3789 -0.5487 0.7453
vn -0.3122 -0.5894 0.7450
vn -0.0209 -0.4167 0.9088
vn 0.2364 -0.1638 0.9577
vn -0.2738 -0.6120 0.7420
vn 0.3270 -0.2531 0.9105
vn -0.0774 -0.4252 0.9018
vn -0.4379 -0.4942 0.7510
vn -0.2585 -0.6205 0.7404
vn -0.0144 -0.4158 0.9093
vn 0.2317 -0.1566 0.9601
vn -0.8339 0.1123 -0.5405
vn -0.8874 0.1685 -0.4291
vn -0.8083 0.2237 -0.5446
vn -0.7514 0.1293 -0.6470
vn -0.8394 0.2921 -0.4583
vn -0.7587 0.3656 -0.5391
vn -0.7359 0.2623 -0.6242
vn -0.7780 0.3170 -0.5424
vn -0.9238 0.1564 -0.3495
vn -0.6999 0.0919 -0.7083
vn -0.9541 0.0995 -0.2824
vn -0.6637 0.0158 -0.7478
vn -0.7731 0.1628 -0.6130
vn -0.7109 0.4392 -0.5494
vn -0.9225 0.1144 -0.3686
vn -0.6797 0.5201 -0.5171
vn -0.8621 0.1881 -0.4706
vn -0.7228 0.0569 -0.6887
vn -0.7350 0.4456 -0.5111
vn 0.4745 0.1721 0.8633
vn 0.6355 0.4687 0.6136
vn 0.6848 0.6588 0.3114
vn 0.6447 0.7638 -0.0311
vn 0.4926 0.7608 -0.4225
vn 0.2537 0.6236 -0.7394
vn 0.0113 0.4173 -0.9087
vn -0.2330 0.1573 -0.9597
vn -0.4779 -0.1693 -0.8619
vn -0.6385 -0.4664 -0.6122
vn -0.6865 -0.6578 -0.3099
vn -0.6450 -0.7635 0.0324
vn -0.4927 -0.7607 0.4226
vn -0.2549 -0.6236 0.7390
vn -0.0136 -0.4165 0.9090
vn 0.2299 -0.1551 0.9608
vn 0.6280 0.7779 -0.0223
vn 0.6699 0.6711 0.3175
vn 0.6277 0.7036 0.3331
vn 0.5813 0.8137 0.0025
vn 0.6218 0.4814 0.6178
vn 0.5832 0.5171 0.6265
vn 0.5423 0.7592 0.3598
vn 0.4872 0.8717 0.0532
vn 0.5059 0.5810 0.6376
vn 0.4736 0.7767 -0.4152
vn 0.4626 0.1830 0.8675
vn 0.4313 0.2155 0.8761
vn 0.3714 0.2764 0.8864
vn 0.2695 0.3616 0.8925
vn 0.3701 0.6648 0.6489
vn 0.3890 0.8296 0.4005
vn 0.3106 0.9399 0.1416
vn 0.3121 0.8843 -0.3473
vn 0.4207 0.8172 -0.3940
vn -0.2461 0.1703 -0.9542
vn -0.0039 0.4295 -0.9030
vn -0.0450 0.4624 -0.8855
vn -0.2800 0.2076 -0.9373
vn 0.2350 0.6370 -0.7341
vn 0.1833 0.6710 -0.7185
vn -0.1227 0.5208 -0.8448
vn -0.3419 0.2770 -0.8980
vn 0.0808 0.7260 -0.6830
vn -0.4897 -0.1584 -0.8574
vn -0.0995 0.7929 -0.6011
vn -0.2513 0.6000 -0.7595
vn -0.4390 0.3747 -0.8166
vn -0.5703 -0.0615 -0.8192
vn -0.6449 0.0330 -0.7636
vn -0.5191 -0.1254 -0.8455
vn -0.6312 -0.7749 0.0322
vn -0.6835 -0.6627 -0.3061
vn -0.6753 -0.6752 -0.2969
vn -0.5952 -0.8029 0.0322
vn -0.6452 -0.4626 -0.6080
vn -0.6623 -0.4504 -0.5988
vn -0.6627 -0.6941 -0.2812
vn -0.5285 -0.8482 0.0345
vn -0.6928 -0.4252 -0.5825
vn -0.4759 -0.7749 0.4161
vn -0.7372 -0.3829 -0.5567
vn -0.6511 -0.7100 -0.2683
vn -0.4543 -0.8906 0.0221
vn -0.3506 -0.8626 0.3645
vn -0.2288 -0.9227 0.3104
vn -0.4324 -0.8087 0.3988
vn 0.2222 -0.1514 0.9632
vn -0.0143 -0.4224 0.9063
vn -0.0154 -0.4372 0.8992
vn 0.2033 -0.1394 0.9691
vn -0.2456 -0.6364 0.7313
vn -0.2216 -0.6678 0.7105
vn -0.0187 -0.4589 0.8883
vn 0.1692 -0.1140 0.9790
vn -0.1805 -0.7203 0.6697
vn -0.1252 -0.7648 0.6319
vn -0.0217 -0.4734 0.8806
vn 0.1165 -0.0709 0.9907
vn 0.4059 0.8948 0.1859
vn 0.6848 0.7152 0.1396
vn 0.6892 0.6840 0.2390
vn 0.3942 0.8674 0.3038
vn 0.8860 0.4617 0.0432
vn 0.8978 0.4208 0.1300
vn 0.6881 0.6653 0.2897
vn 0.3873 0.8472 0.3637
vn 0.9000 0.3995 0.1740
vn 0.4135 0.9102 -0.0229
vn -0.0241 0.9812 0.1917
vn 0.6612 0.7496 -0.0302
vn 0.8469 0.5217 -0.1031
vn 0.9920 0.0833 -0.0953
vn 0.9987 0.0437 -0.0261
vn 0.9996 0.0259 0.0091
vn 0.9995 0.0206 0.0221
vn 0.9000 0.3923 0.1899
vn 0.6871 0.6581 0.3079
vn 0.3848 0.8387 0.3854
vn -0.0277 0.9211 0.3882
vn -0.0281 0.9108 0.4119
vn -0.0266 0.9460 0.3229
vn -0.1531 -0.5349 0.8309
vn -0.1358 -0.7092 0.6918
vn -0.1002 -0.4247 0.8998
vn -0.1372 -0.1568 0.9781
vn -0.1051 -0.7585 0.6432
vn -0.0409 -0.3878 0.9208
vn -0.0184 -0.0178 0.9997
vn 0.1363 -0.7743 0.6179
vn -0.0227 -0.9072 0.4200
vn -0.1043 -0.3127 0.9441
vn -0.0964 -0.9607 0.2602
vn -0.1237 0.0310 0.9918
vn -0.2939 -0.9041 0.3101
vn -0.1457 -0.7065 0.6926
vn -0.1746 -0.9559 0.2364
vn -0.0075 -0.3701 0.9290
vn 0.1977 0.3453 0.9174
vn -0.0174 0.2133 0.9768
vn 0.0911 0.0094 0.9958
vn -0.8992 0.4376 -0.0048
vn -0.7149 0.6914 0.1043
vn -0.7247 0.6582 0.2038
vn -0.9166 0.3910 0.0830
vn -0.4484 0.8784 0.1652
vn -0.4419 0.8511 0.2835
vn -0.7267 0.6378 0.2554
vn -0.9220 0.3650 0.1291
vn -0.4376 0.8308 0.3439
vn -0.9567 0.1231 -0.2637
vn -0.8563 0.4949 -0.1479
vn -0.9867 0.0587 -0.1517
vn -0.6857 0.7251 -0.0634
vn -0.4476 0.8932 -0.0433
vn -0.4359 0.8223 0.3658
vn -0.7267 0.6299 0.2741
vn -0.9230 0.3560 0.1462
vn -0.9991 -0.0117 -0.0409
vn -0.9995 -0.0191 -0.0260
vn -0.9967 0.0123 -0.0800
vn -0.3462 -0.8997 -0.2658
vn -0.6582 -0.6937 -0.2926
vn -0.6738 -0.6744 -0.3021
vn -0.3713 -0.8657 -0.3359
vn -0.8922 -0.3667 -0.2637
vn -0.8964 -0.3824 -0.2240
vn -0.6828 -0.6625 -0.3082
vn -0.3806 -0.8463 -0.3727
vn -0.8986 -0.3895 -0.2021
vn -0.3244 -0.9276 -0.1850
vn 0.0220 -0.9693 -0.2449
vn -0.6442 -0.7104 -0.2833
vn -0.8834 -0.3391 -0.3236
vn -0.8998 -0.3911 -0.1934
vn -0.6863 -0.6578 -0.3102
vn -0.3839 -0.8386 -0.3865
vn 0.0265 -0.9187 -0.3942
vn 0.0279 -0.9105 -0.4125
vn 0.0225 -0.9385 -0.3446
vn 0.5289 0.7709 0.3549
vn 0.3834 0.7602 0.5245
vn 0.6352 0.7204 0.2786
vn 0.7380 0.6745 0.0204
vn 0.3468 0.7332 0.5850
vn 0.6890 0.6716 0.2725
vn 0.8413 0.5384 -0.0480
vn 0.4380 0.5475 0.7130
vn 0.1660 0.6197 0.7671
vn 0.6935 0.6988 0.1753
vn -0.0166 0.6145 0.7888
vn 0.7938 0.5918 -0.1398
vn -0.0575 0.7629 0.6439
vn 0.3799 0.7668 0.5174
vn -0.0736 0.6582 0.7493
vn 0.7155 0.6435 0.2720
vn 0.9476 0.1810 -0.2632
vn 0.8686 0.4277 -0.2503
vn 0.8960 0.4436 -0.0207
vn 0.1296 -0.5466 -0.8273
vn 0.0311 -0.6264 -0.7788
vn 0.0307 -0.5025 -0.8640
vn 0.1598 -0.4294 -0.8889
vn -0.0680 -0.5505 -0.8321
vn -0.0999 -0.4346 -0.8951
vn 0.0299 -0.4005 -0.9158
vn -0.0545 -0.4593 -0.8866
vn 0.0080 -0.6906 -0.7232
vn 0.2198 -0.3663 -0.9041
vn 0.0304 -0.7527 -0.6577
vn 0.3056 -0.3320 -0.8924
vn 0.1153 -0.4562 -0.8824
vn -0.1616 -0.3739 -0.9133
vn 0.0536 -0.6901 -0.7218
vn -0.2491 -0.3431 -0.9057
vn 0.0311 -0.5848 -0.8106
vn 0.2432 -0.4005 -0.8835
vn -0.1845 -0.4090 -0.8937
vn 0.9180 -0.3334 -0.2146
vn 0.7025 -0.6602 -0.2657
vn 0.7153 -0.6445 -0.2702
vn 0.9205 -0.3491 -0.1754
vn 0.3939 -0.8821 -0.2582
vn 0.4179 -0.8494 -0.3224
vn 0.7232 -0.6337 -0.2748
vn 0.9221 -0.3539 -0.1566
vn 0.4306 -0.8298 -0.3551
vn 0.4351 -0.8221 -0.3671
vn 0.7262 -0.6294 -0.2765
vn 0.9229 -0.3548 -0.1496
vn 0.1608 0.2855 -0.9448
vn 0.1557 0.0656 -0.9856
vn 0.1007 0.4068 -0.9079
vn 0.1222 0.6430 -0.7561
vn 0.1287 -0.0048 -0.9917
vn 0.0391 0.4438 -0.8953
vn -0.0041 0.7441 -0.6680
vn -0.1110 -0.0465 -0.9927
vn 0.0592 -0.2747 -0.9597
vn 0.0981 0.5137 -0.8523
vn 0.1393 -0.4266 -0.8936
vn 0.0988 0.7754 -0.6236
vn 0.3324 -0.3419 -0.8790
vn 0.1654 0.0686 -0.9838
vn 0.2177 -0.4374 -0.8725
vn 0.0048 0.4599 -0.8880
vn -0.2365 0.9083 -0.3450
vn -0.0163 0.8779 -0.4787
vn -0.1146 0.7533 -0.6476
vn 0.8659 0.3553 -0.3521
vn 0.8541 0.2894 -0.4321
vn 0.8480 0.4075 -0.3390
vn 0.8345 0.4972 -0.2375
vn 0.8136 0.2455 -0.5270
vn 0.8149 0.3516 -0.4608
vn 0.8518 0.4881 -0.1904
vn 0.8091 0.5876 -0.0097
vn 0.8229 0.4346 -0.3659
vn 0.9094 0.1321 -0.3944
vn 0.8781 0.0971 -0.4685
vn 0.8326 0.0690 -0.5495
vn 0.7191 0.0741 -0.6910
vn 0.7009 0.2526 -0.6670
vn 0.6989 0.3486 -0.6245
vn 0.6961 0.4283 -0.5762
vn 0.6740 0.5187 -0.5260
vn 0.8139 0.5214 -0.2562
vn 0.8377 0.5460 -0.0137
vn 0.7620 0.5913 0.2639
vn -0.6844 0.2697 -0.6774
vn -0.7561 0.2304 -0.6126
vn -0.6570 0.3190 -0.6831
vn -0.5510 0.3800 -0.7429
vn -0.8231 0.2210 -0.5232
vn -0.7524 0.3040 -0.5844
vn -0.5207 0.3560 -0.7760
vn -0.3310 0.4110 -0.8494
vn -0.6637 0.3564 -0.6576
vn -0.7733 0.0612 -0.6311
vn -0.8259 0.0531 -0.5614
vn -0.8763 0.0560 -0.4785
vn -0.8855 0.2849 -0.3671
vn -0.8348 0.3651 -0.4120
vn -0.7810 0.4286 -0.4542
vn -0.7146 0.5052 -0.4839
vn -0.5534 0.4117 -0.7241
vn -0.3545 0.3673 -0.8599
vn -0.0730 0.3517 -0.9333
vn -0.8480 -0.3258 0.4180
vn -0.7684 -0.3961 0.5026
vn -0.8239 -0.2563 0.5055
vn -0.8994 -0.2042 0.3864
vn -0.7538 -0.2920 0.5886
vn -0.7757 -0.1599 0.6105
vn -0.8536 -0.1460 0.5001
vn -0.7945 -0.1939 0.5755
vn -0.7180 -0.4675 0.5157
vn -0.9338 -0.1515 0.3243
vn -0.6820 -0.5476 0.4849
vn -0.9618 -0.1377 0.2366
vn -0.8754 -0.2230 0.4290
vn -0.7522 -0.0866 0.6533
vn -0.7400 -0.4754 0.4758
vn -0.6979 -0.0429 0.7149
vn -0.7897 -0.3483 0.5051
vn -0.9325 -0.1935 0.3051
vn -0.7289 -0.1200 0.6740
vn 0.9995 0.0190 0.0260
vn 0.8999 0.3903 0.1946
vn 0.6869 0.6559 0.3130
vn 0.3847 0.8360 0.3914
vn -0.0281 0.9078 0.4185
vn -0.4360 0.8196 0.3718
vn -0.7266 0.6276 0.2796
vn -0.9230 0.3536 0.1516
vn -0.9995 -0.0218 -0.0222
vn -0.8992 -0.3925 -0.1931
vn -0.6859 -0.6566 -0.3138
vn -0.3840 -0.8356 -0.3928
vn 0.0277 -0.9076 -0.4190
vn 0.4350 -0.8205 -0.3709
vn 0.7262 -0.6292 -0.2770
vn 0.9229 -0.3557 -0.1474
vn -0.0526 -0.0790 0.9955
vn -0.0794 0.1656 0.9830
vn -0.0537 0.2960 0.9537
vn -0.0425 0.1314 0.9904
vn -0.0124 0.3334 0.9427
vn -0.0065 0.4296 0.9030
vn -0.0850 0.4207 0.9032
vn -0.0984 0.3032 0.9478
vn -0.0376 0.5240 0.8509
vn 0.0498 -0.3316 0.9421
vn 0.1545 0.4743 0.8667
vn 0.1309 0.5483 0.8260
vn 0.0921 0.6226 0.7771
vn -0.0322 0.7226 0.6905
vn -0.1623 0.6219 0.7660
vn -0.2148 0.5432 0.8117
vn -0.2528 0.4661 0.8478
vn -0.1161 0.1677 0.9790
vn -0.3072 0.3790 0.8729
vn -0.0098 -0.0521 0.9986
vn -0.4502 -0.6910 -0.5655
vn -0.2474 -0.6663 -0.7034
vn -0.1503 -0.6085 -0.7792
vn -0.2951 -0.6485 -0.7017
vn -0.1387 -0.5648 -0.8135
vn -0.0527 -0.5203 -0.8523
vn -0.0196 -0.5807 -0.8139
vn -0.1196 -0.6372 -0.7613
vn 0.0559 -0.4960 -0.8665
vn -0.6696 -0.6180 -0.4120
vn -0.0859 -0.3693 -0.9253
vn -0.0013 -0.3497 -0.9369
vn 0.0949 -0.3362 -0.9370
vn 0.2696 -0.3589 -0.8936
vn 0.2286 -0.5204 -0.8228
vn 0.1771 -0.6009 -0.7794
vn 0.1233 -0.6644 -0.7372
vn -0.2255 -0.6909 -0.6868
vn 0.0751 -0.7345 -0.6744
vn -0.4530 -0.6568 -0.6028
vn 0.3864 0.8251 0.4122
vn 0.6870 0.6468 0.3312
vn 0.6852 0.6212 0.3803
vn 0.3911 0.7930 0.4672
vn 0.8989 0.3832 0.2125
vn 0.8933 0.3651 0.2622
vn 0.6760 0.5672 0.4704
vn 0.3990 0.7219 0.5655
vn 0.8755 0.3284 0.3545
vn -0.0285 0.8967 0.4418
vn 0.9991 0.0127 0.0416
vn 0.9963 -0.0007 0.0860
vn 0.9853 -0.0238 0.1689
vn 0.9545 -0.0667 0.2908
vn 0.8331 0.2556 0.4905
vn 0.6490 0.4612 0.6050
vn 0.4022 0.5741 0.7132
vn -0.0305 0.7874 0.6157
vn -0.0293 0.8636 0.5033
vn -0.9226 0.3450 0.1727
vn -0.7260 0.6188 0.3001
vn -0.7227 0.5939 0.3536
vn -0.9191 0.3217 0.2274
vn -0.4378 0.8086 0.3930
vn -0.4428 0.7765 0.4484
vn -0.7128 0.5400 0.4477
vn -0.9066 0.2722 0.3223
vn -0.4519 0.7051 0.5465
vn -0.9993 -0.0349 -0.0111
vn -0.4564 0.5559 0.6947
vn -0.6856 0.4285 0.5884
vn -0.8670 0.1622 0.4711
vn -0.9850 -0.1690 0.0347
vn -0.9972 -0.0742 0.0122
vn -0.8126 -0.2790 0.5117
vn -0.8208 -0.1597 0.5484
vn -0.8596 -0.0329 0.5100
vn -0.8575 -0.1807 0.4818
vn -0.8353 -0.0342 0.5487
vn -0.8709 0.1317 0.4735
vn -0.8531 0.1030 0.5115
vn -0.8745 -0.0778 0.4788
vn -0.8376 0.3355 0.4311
vn -0.6971 -0.3743 0.6114
vn -0.8220 -0.4123 0.3927
vn -0.7010 -0.2794 0.6561
vn -0.7035 -0.1906 0.6847
vn -0.6871 -0.0926 0.7206
vn -0.8333 0.1058 0.5426
vn -0.8639 0.3037 0.4017
vn -0.7972 0.5469 0.2558
vn -0.9055 -0.2580 0.3370
vn -0.8708 -0.3351 0.3598
vn 0.2361 -0.9615 0.1407
vn 0.1205 -0.9744 0.1900
vn 0.2231 -0.9699 0.0977
vn 0.3595 -0.9331 0.0049
vn -0.0037 -0.9790 0.2038
vn 0.0766 -0.9891 0.1261
vn 0.3476 -0.9361 0.0544
vn 0.5268 -0.8454 -0.0884
vn 0.1703 -0.9821 0.0809
vn 0.2436 -0.8981 0.3662
vn 0.1405 -0.9210 0.3633
vn 0.3615 -0.9282 0.0877
vn 0.0477 -0.9274 0.3710
vn -0.0572 -0.9282 0.3678
vn -0.1729 -0.9741 0.1456
vn -0.1129 -0.9911 0.0712
vn -0.0496 -0.9987 0.0110
vn 0.6473 -0.7032 -0.2942
vn 0.4875 -0.8658 -0.1129
vn 0.0120 -0.9548 0.2970
vn -0.1169 -0.9600 0.2545
vn 0.0152 -0.9824 0.1861
vn 0.1428 -0.9548 0.2607
vn -0.0822 -0.9886 0.1264
vn 0.0191 -0.9991 0.0366
vn 0.1155 -0.9846 0.1311
vn 0.0178 -0.9959 0.0888
vn -0.2017 -0.9413 0.2709
vn 0.2260 -0.9327 0.2811
vn -0.2673 -0.9065 0.3270
vn 0.2873 -0.8954 0.3402
vn 0.0986 -0.9669 0.2354
vn 0.0442 -0.9979 -0.0478
vn -0.1797 -0.9334 0.3107
vn 0.0235 -0.9901 -0.1381
vn -0.0712 -0.9703 0.2311
vn 0.2018 -0.9257 0.3198
vn -0.0014 -0.9988 -0.0493
vn -0.3792 -0.8234 -0.4223
vn -0.6774 -0.6538 -0.3370
vn -0.6471 -0.6512 -0.3966
vn -0.3589 -0.7932 -0.4919
vn -0.8932 -0.4022 -0.2012
vn -0.8709 -0.4346 -0.2294
vn -0.5760 -0.6531 -0.4916
vn -0.3097 -0.7464 -0.5891
vn -0.8075 -0.5096 -0.2970
vn 0.0262 -0.8952 -0.4448
vn 0.0429 -0.8061 -0.5903
vn 0.0288 -0.8622 -0.5057
vn 0.9223 -0.3605 -0.1389
vn 0.7242 -0.6307 -0.2790
vn 0.7211 -0.6321 -0.2837
vn 0.9220 -0.3698 -0.1145
vn 0.4313 -0.8156 -0.3856
vn 0.4255 -0.8006 -0.4219
vn 0.7172 -0.6327 -0.2920
vn 0.9207 -0.3841 -0.0697
vn 0.4191 -0.7724 -0.4772
vn 0.4175 -0.7315 -0.5390
vn 0.7137 -0.6320 -0.3021
vn 0.9135 -0.4069 -0.0049
vn -0.0266 0.9303 -0.3657
vn -0.0365 0.9630 -0.2672
vn 0.0162 0.9163 -0.4001
vn 0.0479 0.8545 -0.5172
vn -0.0090 0.9869 -0.1611
vn 0.0422 0.9613 -0.2722
vn 0.0126 0.8359 -0.5488
vn 0.0333 0.7027 -0.7107
vn 0.0607 0.9189 -0.3898
vn -0.1987 0.9565 -0.2134
vn -0.1780 0.9754 -0.1303
vn -0.1419 0.9890 -0.0412
vn -0.0209 0.9954 0.0939
vn 0.1124 0.9933 -0.0286
vn 0.1677 0.9789 -0.1167
vn 0.2088 0.9578 -0.1977
vn 0.2669 0.9225 -0.2787
vn 0.0845 0.8547 -0.5121
vn -0.0109 0.7205 -0.6934
vn -0.0547 0.4921 -0.8688
vn 0.8089 -0.0014 0.5880
vn 0.7994 -0.1273 0.5872
vn 0.8348 0.0009 0.5505
vn 0.8413 0.1660 0.5144
vn 0.7977 -0.2468 0.5502
vn 0.8400 -0.1468 0.5223
vn 0.8229 0.1365 0.5516
vn 0.8020 0.3682 0.4703
vn 0.8530 -0.0433 0.5201
vn 0.6551 -0.0657 0.7527
vn 0.6770 -0.1631 0.7177
vn 0.8015 0.1385 0.5817
vn 0.6795 -0.2518 0.6891
vn 0.6815 -0.3468 0.6444
vn 0.7011 -0.4819 0.5256
vn 0.8181 -0.3796 0.4320
vn 0.8653 -0.3004 0.4013
vn 0.8979 -0.2219 0.3801
vn 0.7616 0.5780 0.2930
vn 0.8309 0.3376 0.4422
vn -0.8237 0.2988 0.4819
vn -0.8645 0.2685 0.4249
vn -0.6833 0.6891 0.2412
vn -0.6864 0.6875 0.2372
vn -0.8938 0.2750 0.3541
vn -0.6804 0.6904 0.2457
vn -0.4123 0.9102 0.0391
vn -0.4421 0.8969 -0.0096
vn -0.3872 0.9169 0.0966
vn -0.6787 -0.0597 0.7320
vn -0.7570 -0.1594 0.6337
vn -0.7775 0.3510 0.5218
vn -0.8358 -0.2169 0.5044
vn -0.9084 -0.2134 0.3596
vn -0.9626 -0.1612 0.2179
vn -0.9099 0.3052 0.2809
vn -0.6828 0.6861 0.2512
vn -0.3718 0.9134 0.1659
vn -0.4889 0.8710 -0.0477
vn -0.6921 0.6813 0.2385
vn 0.3958 0.6016 0.6938
vn 0.6446 0.6636 0.3796
vn 0.6414 0.6675 0.3782
vn 0.3642 0.6456 0.6712
vn 0.7958 0.6013 -0.0709
vn 0.8395 0.5405 -0.0555
vn 0.6384 0.6716 0.3762
vn 0.3375 0.6921 0.6381
vn 0.8701 0.4928 -0.0035
vn 0.4448 0.5584 0.7003
vn 0.6506 0.6608 0.3743
vn 0.7462 0.6631 -0.0588
vn 0.6636 0.5484 -0.5089
vn 0.7491 0.4130 -0.5179
vn 0.8338 0.2818 -0.4748
vn 0.9095 0.1785 -0.3755
vn 0.9642 0.1083 -0.2420
vn 0.8863 0.4581 0.0676
vn 0.6408 0.6730 0.3694
vn 0.3206 0.7413 0.5896
vn 0.4580 0.3251 -0.8274
vn 0.0738 0.4077 -0.9101
vn 0.0609 0.4100 -0.9100
vn 0.4515 0.3848 -0.8050
vn -0.3841 0.4384 -0.8126
vn -0.4084 0.3651 -0.8366
vn 0.0502 0.4118 -0.9099
vn 0.4341 0.4388 -0.7867
vn -0.3919 0.2974 -0.8706
vn 0.4449 0.2664 -0.8550
vn 0.0779 0.4069 -0.9102
vn -0.3348 0.5053 -0.7953
vn -0.6910 0.5305 -0.4910
vn -0.7608 0.3884 -0.5200
vn -0.7852 0.2364 -0.5724
vn -0.7532 0.0979 -0.6504
vn -0.6764 -0.0134 -0.7364
vn -0.3447 0.2430 -0.9067
vn 0.0421 0.4143 -0.9092
vn 0.3998 0.4961 -0.7708
vn 0.4421 -0.8834 -0.1556
vn 0.4640 -0.8820 -0.0824
vn 0.7647 -0.5644 -0.3109
vn 0.7667 -0.5644 -0.3059
vn 0.5135 -0.8576 -0.0289
vn 0.7623 -0.5649 -0.3157
vn 0.8775 -0.1976 -0.4370
vn 0.9031 -0.1908 -0.3847
vn 0.8456 -0.2147 -0.4887
vn -0.0061 -0.9892 -0.1464
vn 0.0002 -0.9999 0.0136
vn 0.4410 -0.8665 -0.2340
vn 0.0513 -0.9847 0.1665
vn 0.1517 -0.9457 0.2875
vn 0.2780 -0.8874 0.3676
vn 0.5751 -0.8181 0.0054
vn 0.7580 -0.5709 -0.3155
vn 0.8060 -0.2482 -0.5373
vn 0.9235 -0.2054 -0.3240
vn 0.7644 -0.5705 -0.3004
vn -0.8912 0.4401 -0.1104
vn -0.7585 0.6104 0.2282
vn -0.7517 0.6150 0.2384
vn -0.8605 0.4920 -0.1321
vn -0.4420 0.6981 0.5633
vn -0.4606 0.6393 0.6157
vn -0.7460 0.6185 0.2469
vn -0.8287 0.5416 -0.1411
vn -0.5074 0.5810 0.6364
vn -0.0106 0.6434 0.7654
vn -0.0643 0.5176 0.8532
vn -0.1662 0.4008 0.9009
vn -0.2935 0.3036 0.9064
vn -0.5694 0.5302 0.6282
vn -0.7409 0.6222 0.2527
vn -0.7899 0.5980 -0.1356
vn 0.8178 -0.5633 0.1175
vn 0.8615 -0.4956 0.1105
vn 0.7066 -0.6311 -0.3200
vn 0.7012 -0.6310 -0.3319
vn 0.8946 -0.4422 0.0649
vn 0.7110 -0.6311 -0.3102
vn 0.4417 -0.6421 -0.6265
vn 0.4678 -0.5918 -0.6564
vn 0.4250 -0.6863 -0.5902
vn 0.6598 -0.5215 0.5409
vn 0.7393 -0.3822 0.5545
vn 0.7698 -0.6307 0.0981
vn 0.8202 -0.2465 0.5162
vn 0.8962 -0.1391 0.4213
vn 0.5073 -0.5407 -0.6710
vn 0.6995 -0.6308 -0.3358
vn -0.8892 0.4540 -0.0564
vn -0.8576 0.5015 -0.1138
vn -0.7000 0.6413 0.3143
vn -0.6921 0.6449 0.3241
vn -0.8153 0.5637 -0.1328
vn -0.7063 0.6383 0.3061
vn -0.4447 0.6376 0.6291
vn -0.4077 0.6840 0.6050
vn -0.4846 0.5950 0.6412
vn -0.9549 0.0695 -0.2886
vn -0.8964 0.1415 -0.4201
vn -0.9072 0.4202 0.0194
vn -0.8197 0.2474 -0.5166
vn -0.7379 0.3816 -0.5567
vn -0.6584 0.5202 -0.5440
vn -0.7691 0.6281 -0.1186
vn -0.7118 0.6349 0.3004
vn -0.5362 0.5497 0.6406
vn -0.3832 0.7307 0.5649
vn -0.6895 0.6461 0.3273
vn 0.3580 0.9247 0.1295
vn 0.6505 0.7017 0.2907
vn 0.6587 0.6923 0.2946
vn 0.3967 0.9145 0.0796
vn 0.8659 0.2996 0.4005
vn 0.8333 0.2858 0.4732
vn 0.6654 0.6845 0.2979
vn 0.4385 0.8978 0.0404
vn 0.7883 0.3099 0.5316
vn 0.3321 0.9238 0.1905
vn 0.6477 0.7047 0.2895
vn 0.8838 0.3357 0.3258
vn 0.9566 -0.1236 0.2639
vn 0.8975 -0.1789 0.4030
vn 0.8178 -0.1865 0.5445
vn 0.7302 -0.1332 0.6701
vn 0.6435 -0.0370 0.7646
vn 0.7385 0.3603 0.5699
vn 0.6712 0.6783 0.2992
vn 0.4923 0.8704 0.0078
vn -0.3926 -0.7175 -0.5754
vn -0.4162 -0.6625 -0.6228
vn -0.7274 -0.6427 -0.2403
vn -0.7295 -0.6391 -0.2436
vn -0.4682 -0.6086 -0.6406
vn -0.7249 -0.6466 -0.2375
vn -0.8558 -0.5040 0.1167
vn -0.8830 -0.4613 0.0869
vn -0.8219 -0.5525 0.1384
vn 0.0506 -0.6434 -0.7639
vn -0.0048 -0.5206 -0.8538
vn -0.1099 -0.4088 -0.9060
vn -0.4765 -0.8777 -0.0507
vn -0.4246 -0.8996 -0.1024
vn -0.7262 -0.5941 -0.3459
vn -0.7230 -0.5958 -0.3498
vn -0.4003 -0.8995 -0.1754
vn -0.7292 -0.5929 -0.3416
vn -0.8395 -0.2342 -0.4902
vn -0.8066 -0.2461 -0.5374
vn -0.8702 -0.2311 -0.4352
vn -0.1272 -0.9512 0.2811
vn -0.0199 -0.9861 0.1649
vn 0.0388 -0.9991 0.0145
vn -0.4546 -0.4356 0.7769
vn -0.0732 -0.4245 0.9025
vn -0.0605 -0.4222 0.9045
vn -0.4517 -0.3794 0.8075
vn 0.3801 -0.3073 0.8724
vn 0.4086 -0.3722 0.8334
vn -0.0499 -0.4204 0.9059
vn -0.4375 -0.3294 0.8367
vn 0.3964 -0.4430 0.8042
vn 0.7519 -0.0999 0.6517
vn 0.7852 -0.2375 0.5719
vn 0.7622 -0.3886 0.5177
vn 0.6932 -0.5302 0.4882
vn 0.3529 -0.5082 0.7857
vn -0.0420 -0.4178 0.9076
vn -0.4065 -0.2781 0.8703
vn 0.8358 -0.5194 0.1780
vn 0.7607 -0.6169 -0.2020
vn 0.7632 -0.6129 -0.2047
vn 0.8687 -0.4695 0.1579
vn 0.5222 -0.5888 -0.6169
vn 0.4716 -0.6447 -0.6016
vn 0.7652 -0.6093 -0.2079
vn 0.8955 -0.4257 0.1295
vn 0.4480 -0.7007 -0.5553
vn 0.7954 -0.5776 0.1836
vn 0.7564 -0.6206 -0.2067
vn 0.5841 -0.5377 -0.6080
vn 0.2968 -0.3060 -0.9046
vn 0.1693 -0.4032 -0.8993
vn 0.0664 -0.5192 -0.8521
vn 0.0117 -0.6442 -0.7648
vn 0.0014 -0.7580 -0.6522
vn 0.4448 -0.7489 -0.4913
vn 0.7632 -0.6090 -0.2161
vn 0.9175 -0.3897 0.0792
vn -0.4163 -0.4592 0.7847
vn -0.4328 -0.3890 0.8133
vn 0.0340 -0.4203 0.9067
vn 0.0234 -0.4190 0.9077
vn -0.4087 -0.3231 0.8535
vn 0.0469 -0.4221 0.9054
vn 0.4274 -0.3618 0.8285
vn 0.4099 -0.3124 0.8570
vn 0.4340 -0.4178 0.7982
vn -0.6940 -0.5579 0.4550
vn -0.7699 -0.4192 0.4811
vn -0.3694 -0.5226 0.7684
vn -0.8015 -0.2692 0.5339
vn -0.7775 -0.1304 0.6151
vn -0.7087 -0.0163 0.7054
vn -0.3597 -0.2668 0.8941
vn 0.0511 -0.4227 0.9048
vn 0.4209 -0.4770 0.7715
vn 0.3752 -0.2625 0.8890
vn 0.0152 -0.4167 0.9089
vn 0.0804 -0.0521 -0.9954
vn 0.0179 -0.0603 -0.9980
vn 0.0160 0.3395 -0.9405
vn 0.0215 0.3391 -0.9405
vn -0.0407 -0.0577 -0.9975
vn 0.0108 0.3404 -0.9402
vn 0.0016 0.7479 -0.6638
vn -0.0716 0.7303 -0.6794
vn 0.0760 0.7342 -0.6747
vn 0.1463 -0.0262 -0.9889
vn 0.1458 0.9579 -0.2475
vn -0.0140 0.9740 -0.2263
vn -0.1718 0.9515 -0.2554
vn -0.1358 0.6915 -0.7095
vn -0.3084 0.8962 -0.3189
vn 0.0242 0.3455 -0.9381
vn -0.3372 -0.9337 -0.1209
vn -0.3657 -0.9281 -0.0699
vn -0.6433 -0.7155 -0.2723
vn -0.6412 -0.7155 -0.2772
vn -0.4033 -0.9148 -0.0210
vn -0.6458 -0.7150 -0.2676
vn -0.8325 -0.3022 -0.4643
vn -0.8651 -0.3086 -0.3955
vn -0.7876 -0.3322 -0.5190
vn -0.7318 0.1294 -0.6692
vn -0.8188 0.1839 -0.5438
vn -0.8980 0.1775 -0.4027
vn 0.0486 -0.0205 0.9986
vn -0.0209 -0.4697 0.8826
vn -0.0188 -0.4583 0.8886
vn -0.0279 0.0056 0.9996
vn -0.0602 -0.7769 0.6268
vn 0.0033 -0.7731 0.6343
vn -0.0172 -0.4488 0.8935
vn -0.1037 -0.0102 0.9946
vn 0.0599 -0.7599 0.6473
vn 0.1287 0.4395 0.8890
vn 0.1186 -0.7325 0.6704
vn -0.0145 -0.4415 0.8971
vn -0.1683 -0.0572 0.9841
vn -0.1896 0.4351 0.8802
vn -0.3271 0.3528 0.8767
vn -0.0311 0.4689 0.8827
vn 0.2896 0.8265 -0.4828
vn 0.4173 0.6970 -0.5831
vn 0.5287 0.7382 -0.4188
vn 0.3984 0.8343 -0.3811
vn 0.6348 0.4985 -0.5904
vn 0.6952 0.5693 -0.4388
vn 0.6067 0.7587 -0.2375
vn 0.4223 0.8738 -0.2412
vn 0.7720 0.5706 -0.2800
vn 0.0968 0.7986 -0.5941
vn 0.2689 0.6232 -0.7344
vn 0.5166 0.3878 -0.7634
vn 0.5806 0.2041 -0.7882
vn 0.4288 0.0306 -0.9029
vn 0.5543 -0.1204 -0.8235
vn 0.6949 0.0395 -0.7180
vn 0.3186 -0.1562 -0.9349
vn 0.4320 -0.2328 -0.8713
vn 0.6409 -0.2800 -0.7147
vn 0.7930 -0.1070 -0.5997
vn 0.4621 -0.3663 -0.8077
vn 0.4630 0.3672 -0.8067
vn 0.2765 0.1787 -0.9443
vn 0.1230 -0.0656 -0.9902
vn 0.4584 -0.5568 -0.6926
vn 0.6951 -0.4343 -0.5729
vn 0.8651 -0.2217 -0.4499
vn -0.7793 0.5323 -0.3308
vn -0.6767 0.5247 -0.5165
vn -0.5354 0.7076 -0.4612
vn -0.6263 0.7308 -0.2715
vn -0.5588 0.4688 -0.6841
vn -0.4063 0.6674 -0.6242
vn -0.4132 0.8159 -0.4045
vn -0.4463 0.8555 -0.2627
vn -0.2974 0.8126 -0.5012
vn 0.1671 -0.8106 -0.5612
vn 0.0262 -0.8477 -0.5298
vn 0.0111 -0.9238 -0.3826
vn 0.2125 -0.9005 -0.3795
vn -0.1124 -0.8155 -0.5678
vn -0.1865 -0.9044 -0.3837
vn -0.0263 -0.9874 -0.1563
vn 0.1442 -0.9839 -0.1055
vn -0.2010 -0.9697 -0.1387
vn 0.3589 -0.7054 -0.6112
vn -0.3034 -0.7191 -0.6252
vn -0.3913 -0.8420 -0.3715
vn -0.3834 -0.9202 -0.0790
vn 0.3661 -0.9296 -0.0426
vn 0.4245 -0.8286 -0.3651
vn -0.1123 -0.9622 -0.2482
vn 0.0295 -0.9555 -0.2936
vn 0.0451 -0.8934 -0.4471
vn -0.1572 -0.8860 -0.4362
vn 0.1671 -0.9560 -0.2410
vn 0.2413 -0.8714 -0.4271
vn 0.0803 -0.7621 -0.6424
vn -0.0912 -0.7302 -0.6772
vn 0.2535 -0.7283 -0.6366
vn -0.3080 -0.9410 -0.1405
vn 0.3542 -0.9266 -0.1262
vn 0.4424 -0.8109 -0.3832
vn 0.4316 -0.6416 -0.6341
vn -0.3170 -0.6586 -0.6825
vn -0.3729 -0.8390 -0.3963
vn -0.4080 -0.3837 -0.8285
vn -0.3803 -0.2491 -0.8907
vn -0.5091 -0.1416 -0.8490
vn -0.5943 -0.3047 -0.7442
vn -0.2671 -0.1679 -0.9489
vn -0.3861 0.0143 -0.9224
vn -0.6608 0.0124 -0.7504
vn -0.7586 -0.1380 -0.6368
vn -0.5500 0.1815 -0.8152
vn -0.4022 -0.5741 -0.7132
vn -0.0728 -0.0695 -0.9949
vn -0.2380 0.1684 -0.9566
vn -0.4382 0.3492 -0.8283
vn -0.8331 -0.2556 -0.4905
vn -0.6490 -0.4612 -0.6050
vn -0.9357 0.2927 -0.1970
vn -0.9820 0.1859 0.0327
vn -0.9978 -0.0008 -0.0657
vn -0.9557 0.0974 -0.2779
vn -0.9803 0.0375 0.1940
vn -0.9932 -0.0725 0.0916
vn -0.9702 -0.1964 -0.1419
vn -0.9239 -0.0904 -0.3719
vn -0.9723 -0.2211 0.0760
vn -0.8701 0.4737 -0.1360
vn -0.9207 0.3651 0.1377
vn -0.9173 0.1737 0.3584
vn -0.8986 -0.4311 0.0823
vn -0.8974 -0.3897 -0.2069
vn -0.8477 -0.2514 -0.4671
vn 0.4080 0.3837 0.8285
vn 0.5943 0.3047 0.7442
vn 0.5091 0.1416 0.8490
vn 0.3803 0.2491 0.8907
vn 0.7586 0.1380 0.6368
vn 0.6608 -0.0124 0.7504
vn 0.3861 -0.0143 0.9223
vn 0.2671 0.1679 0.9489
vn 0.5500 -0.1815 0.8152
vn 0.4382 -0.3492 0.8283
vn 0.2380 -0.1684 0.9566
vn 0.0728 0.0695 0.9949
vn 0.3397 0.5005 0.7963
vn 0.5445 0.3479 0.7632
vn 0.4423 0.1995 0.8744
vn 0.2534 0.3402 0.9056
vn 0.6609 0.1648 0.7321
vn 0.5645 0.0896 0.8206
vn 0.3362 0.0289 0.9413
vn 0.1311 0.1810 0.9747
vn 0.5201 -0.0510 0.8526
vn 0.4595 -0.2651 0.8477
vn 0.2174 -0.1506 0.9644
vn -0.0107 0.0392 0.9992
vn 0.5578 0.0725 -0.8268
vn 0.3817 -0.0146 -0.9242
vn 0.4912 -0.1808 -0.8521
vn 0.6062 -0.0662 -0.7926
vn 0.1846 -0.1747 -0.9672
vn 0.3097 -0.3289 -0.8921
vn 0.5938 -0.3251 -0.7360
vn 0.7012 -0.1376 -0.6996
vn 0.3971 -0.4858 -0.7787
vn -0.6767 -0.6540 0.3382
vn -0.5833 -0.6727 0.4552
vn -0.4613 -0.7867 0.4104
vn -0.5590 -0.7986 0.2229
vn -0.5413 -0.6054 0.5835
vn -0.3588 -0.7268 0.5857
vn -0.2716 -0.9044 0.3290
vn -0.3534 -0.9258 0.1342
vn -0.1528 -0.8539 0.4976
vn -0.7997 -0.5758 0.1699
vn -0.4830 -0.4622 0.7437
vn -0.2426 -0.6281 0.7393
vn -0.0133 -0.7812 0.6242
vn -0.3930 -0.9173 -0.0636
vn -0.6378 -0.7698 0.0234
vn -0.9435 0.0531 0.3272
vn -0.9632 -0.1357 0.2320
vn -0.9991 -0.0391 0.0180
vn -0.9829 0.1574 0.0952
vn -0.9316 -0.3300 0.1523
vn -0.9711 -0.2250 -0.0794
vn -0.9897 0.0329 -0.1390
vn -0.9756 0.1822 -0.1225
vn -0.9676 -0.0764 -0.2406
vn -0.8784 0.2169 0.4258
vn -0.8560 -0.5082 0.0947
vn -0.8978 -0.4014 -0.1812
vn -0.8914 -0.2099 -0.4017
vn -0.9101 0.3949 -0.1255
vn -0.9211 0.3533 0.1634
vn 0.7793 -0.5323 0.3308
vn 0.6263 -0.7308 0.2715
vn 0.5354 -0.7076 0.4612
vn 0.6767 -0.5247 0.5165
vn 0.4463 -0.8555 0.2627
vn 0.4132 -0.8159 0.4045
vn 0.4063 -0.6674 0.6242
vn 0.5588 -0.4688 0.6841
vn 0.2974 -0.8126 0.5012
vn 0.8563 -0.4949 0.1479
vn 0.6857 -0.7251 0.0634
vn 0.4476 -0.8932 0.0433
vn 0.0995 -0.7929 0.6011
vn 0.2513 -0.6000 0.7595
vn 0.4390 -0.3747 0.8166
vn 0.9758 -0.1785 0.1260
vn 0.9892 -0.0310 0.1431
vn 0.9988 0.0499 -0.0019
vn 0.9874 -0.1379 -0.0773
vn 0.9672 0.0756 0.2423
vn 0.9704 0.2260 0.0852
vn 0.9637 0.1761 -0.2006
vn 0.9497 0.0373 -0.3110
vn 0.9307 0.3382 -0.1392
vn 0.9105 -0.3931 0.1279
vn 0.8872 -0.1550 -0.4346
vn 0.9278 -0.3417 -0.1498
vn 0.5365 -0.5839 0.6093
vn 0.5873 -0.6493 0.4832
vn 0.4722 -0.7680 0.4327
vn 0.3591 -0.7125 0.6028
vn 0.6854 -0.6267 0.3707
vn 0.5792 -0.7759 0.2501
vn 0.2915 -0.8932 0.3424
vn 0.1629 -0.8475 0.5051
vn 0.3833 -0.9111 0.1518
vn -0.2883 -0.8243 0.4872
vn -0.3991 -0.8321 0.3850
vn -0.5281 -0.7288 0.4358
vn -0.4086 -0.6837 0.6047
vn -0.4238 -0.8729 0.2419
vn -0.6089 -0.7555 0.2419
vn -0.6791 -0.5518 0.4841
vn -0.5717 -0.4914 0.6570
vn -0.7723 -0.5633 0.2937
vn -0.0964 -0.7968 0.5965
vn -0.4131 -0.9104 0.0227
vn -0.6584 -0.7520 0.0312
vn -0.8419 -0.5288 0.1073
vn -0.4622 -0.3927 0.7951
vn -0.2632 -0.6103 0.7472
vn 0.9357 -0.2926 0.1970
vn 0.9557 -0.0974 0.2779
vn 0.9978 0.0008 0.0657
vn 0.9820 -0.1859 -0.0327
vn 0.9239 0.0904 0.3719
vn 0.9702 0.1964 0.1419
vn 0.9932 0.0725 -0.0916
vn 0.9803 -0.0375 -0.1941
vn 0.9723 0.2211 -0.0760
vn 0.8701 -0.4737 0.1360
vn 0.9173 -0.1737 -0.3584
vn 0.9207 -0.3651 -0.1377
vn 0.1826 0.8898 -0.4183
vn 0.3791 0.7300 -0.5686
vn 0.4766 0.7833 -0.3990
vn 0.3049 0.9071 -0.2902
vn 0.5450 0.6055 -0.5800
vn 0.5869 0.6711 -0.4529
vn 0.5639 0.7957 -0.2212
vn 0.3656 0.9223 -0.1252
vn 0.6779 0.6525 -0.3386
vn 0.0185 0.8188 -0.5738
vn 0.2592 0.6316 -0.7307
vn 0.4855 0.4622 -0.7421
vn -0.5615 -0.0700 0.8245
vn -0.6097 0.0667 0.7898
vn -0.5066 0.1864 0.8418
vn -0.4026 0.0285 0.9149
vn -0.7023 0.1363 0.6987
vn -0.5985 0.3243 0.7325
vn -0.3440 0.3582 0.8679
vn -0.2181 0.2565 0.9416
vn -0.4093 0.4896 0.7699
vn -0.4911 -0.2830 0.8239
vn -0.8237 0.2075 0.5277
vn -0.6739 0.4563 0.5811
vn -0.4360 0.6350 0.6378
vn -0.0470 0.1011 0.9938
vn -0.2740 -0.1521 0.9496
vn -0.6865 0.6253 -0.3712
vn -0.5910 0.6476 -0.4811
vn -0.4879 0.7640 -0.4221
vn -0.5840 0.7727 -0.2486
vn -0.5404 0.5838 -0.6059
vn -0.3804 0.7148 -0.5868
vn -0.3267 0.8945 -0.3053
vn -0.3958 0.9071 -0.1434
vn -0.1978 0.8822 -0.4274
vn -0.8128 0.5440 -0.2084
vn -0.4676 0.4431 -0.7649
vn -0.2490 0.6214 -0.7428
vn -0.0238 0.8180 -0.5748
vn -0.4273 0.9026 0.0522
vn -0.6645 0.7455 -0.0517
vn -0.5680 -0.2081 0.7963
vn -0.6628 -0.0682 0.7457
vn -0.5392 0.1149 0.8343
vn -0.4235 -0.0299 0.9054
vn -0.7684 0.0277 0.6394
vn -0.6255 0.2677 0.7328
vn -0.4280 0.2322 0.8734
vn -0.3172 0.1574 0.9352
vn -0.4587 0.3639 0.8106
vn 0.1881 0.9734 0.1307
vn 0.1832 0.9069 0.3795
vn -0.0275 0.9275 0.3729
vn -0.0232 0.9894 0.1436
vn 0.1124 0.8165 0.5662
vn -0.0296 0.8493 0.5271
vn -0.2372 0.8985 0.3694
vn -0.2329 0.9650 0.1207
vn -0.1719 0.8109 0.5594
vn -0.3614 0.7055 0.6097
vn -0.4402 0.8248 0.3549
vn -0.4186 0.9056 0.0681
vn 0.1171 0.9612 0.2497
vn 0.1822 0.8784 0.4419
vn -0.0287 0.8892 0.4566
vn -0.0262 0.9547 0.2965
vn 0.1804 0.7338 0.6550
vn -0.0307 0.7563 0.6535
vn -0.2381 0.8700 0.4318
vn -0.1672 0.9555 0.2429
vn -0.2406 0.7254 0.6449
vn -0.4269 0.6488 0.6299
vn -0.4406 0.8130 0.3807
vn -0.3543 0.9267 0.1257
vn -0.3397 -0.5005 -0.7963
vn -0.2534 -0.3402 -0.9056
vn -0.4423 -0.1995 -0.8744
vn -0.5445 -0.3479 -0.7632
vn -0.1311 -0.1810 -0.9747
vn -0.3362 -0.0289 -0.9413
vn -0.5645 -0.0896 -0.8206
vn -0.6609 -0.1648 -0.7321
vn -0.5201 0.0510 -0.8526
vn -0.3842 -0.6441 -0.6615
vn 0.0107 -0.0392 -0.9992
vn -0.2174 0.1506 -0.9644
vn -0.4595 0.2651 -0.8477
vn -0.7889 -0.2394 -0.5660
vn -0.6284 -0.4790 -0.6129
vn 0.6687 -0.7413 0.0582
vn 0.7300 -0.6231 -0.2809
vn 0.7377 -0.6099 -0.2895
vn 0.6538 -0.7552 0.0477
vn 0.6962 -0.4240 -0.5793
vn 0.7218 -0.3867 -0.5740
vn 0.7487 -0.5891 -0.3040
vn 0.6242 -0.7807 0.0303
vn 0.7623 -0.3177 -0.5639
vn 0.5028 -0.7401 0.4466
vn 0.6739 -0.7361 0.0631
vn 0.4910 -0.7508 0.4418
vn 0.7270 -0.6281 -0.2772
vn 0.6857 -0.4384 -0.5811
vn 0.5256 -0.1485 -0.8376
vn 0.5412 -0.1334 -0.8302
vn 0.5792 -0.0950 -0.8096
vn 0.6423 -0.0252 -0.7660
vn 0.3868 -0.8254 0.4111
vn 0.4559 -0.7785 0.4314
vn 0.2873 0.1742 -0.9419
vn 0.0209 0.4148 -0.9097
vn 0.0372 0.4136 -0.9097
vn 0.3245 0.1932 -0.9260
vn -0.2500 0.6040 -0.7568
vn -0.2635 0.5872 -0.7654
vn 0.0615 0.4101 -0.9100
vn 0.3889 0.2234 -0.8938
vn -0.2907 0.5558 -0.7789
vn 0.2725 0.1666 -0.9476
vn 0.0144 0.4155 -0.9095
vn -0.2457 0.6107 -0.7528
vn -0.5059 0.7370 -0.4482
vn -0.5175 0.7260 -0.4528
vn -0.5507 0.6955 -0.4615
vn -0.6106 0.6349 -0.4734
vn -0.6898 0.7206 -0.0694
vn -0.7423 0.6138 0.2687
vn -0.7783 0.5762 0.2496
vn -0.7260 0.6830 -0.0801
vn -0.7029 0.4244 0.5708
vn -0.7456 0.3858 0.5433
vn -0.8400 0.4998 0.2113
vn -0.7889 0.6065 -0.0991
vn -0.8191 0.3106 0.4823
vn -0.6765 0.7336 -0.0647
vn -0.7286 0.6270 0.2757
vn -0.6865 0.4385 0.5800
vn -0.5258 0.1484 0.8376
vn -0.5433 0.1314 0.8292
vn -0.5889 0.0848 0.8038
vn -0.6691 -0.0066 0.7432
vn -0.2868 -0.1850 0.9400
vn -0.0287 -0.4312 0.9018
vn -0.0658 -0.4672 0.8817
vn -0.3241 -0.2315 0.9172
vn 0.2292 -0.6253 0.7460
vn 0.1882 -0.6559 0.7310
vn -0.1357 -0.5316 0.8361
vn -0.3887 -0.3197 0.8641
vn 0.1089 -0.7084 0.6974
vn -0.2724 -0.1679 0.9474
vn -0.0153 -0.4176 0.9085
vn 0.2433 -0.6134 0.7514
vn 0.6746 -0.7354 0.0639
vn 0.6841 -0.4405 -0.5813
vn 0.5043 -0.7386 0.4474
vn 0.5233 -0.1508 -0.8387
vn 0.2703 0.1655 -0.9484
vn -0.2452 0.6117 -0.7521
vn -0.5043 0.7386 -0.4474
vn -0.6746 0.7354 -0.0639
vn -0.6841 0.4405 0.5813
vn -0.5233 0.1508 0.8387
vn -0.2703 -0.1655 0.9484
vn 0.2452 -0.6117 0.7521
vn 0.5059 -0.7371 0.4481
vn 0.6756 -0.7345 0.0639
vn 0.7263 -0.6289 -0.2776
vn 0.6823 -0.4417 -0.5826
vn 0.5210 -0.1530 -0.8398
vn 0.2691 0.1633 -0.9492
vn 0.0136 0.4148 -0.9098
vn -0.2441 0.6123 -0.7520
vn -0.5027 0.7401 -0.4468
vn -0.6728 0.7371 -0.0630
vn -0.7247 0.6307 0.2775
vn -0.6820 0.4428 0.5821
vn -0.5208 0.1531 0.8398
vn -0.2679 -0.1636 0.9495
vn -0.0114 -0.4139 0.9103
vn 0.2470 -0.6099 0.7530
vn 0.7274 -0.6816 0.0788
vn 0.7062 -0.6313 -0.3205
vn 0.7164 -0.6307 -0.2982
vn 0.6984 -0.7125 0.0684
vn 0.5734 -0.5007 -0.6485
vn 0.6356 -0.4698 -0.6127
vn 0.7236 -0.6293 -0.2836
vn 0.6821 -0.7284 0.0643
vn 0.6693 -0.4498 -0.5913
vn 0.5916 -0.6294 0.5039
vn 0.3859 -0.2710 -0.8819
vn 0.4637 -0.2055 -0.8618
vn 0.5050 -0.1680 -0.8466
vn 0.5170 -0.7259 0.4536
vn 0.5444 -0.6937 0.4715
vn 0.2003 0.0404 -0.9789
vn 0.0212 0.3673 -0.9299
vn 0.0167 0.3926 -0.9196
vn 0.2384 0.1101 -0.9649
vn -0.1857 0.6544 -0.7330
vn -0.2184 0.6298 -0.7455
vn 0.0147 0.4085 -0.9126
vn 0.2605 0.1484 -0.9540
vn -0.2365 0.6168 -0.7508
vn -0.4056 0.8309 -0.3810
vn -0.4621 0.7803 -0.4215
vn -0.4914 0.7510 -0.4411
vn -0.5497 0.8353 0.0090
vn -0.5887 0.7402 0.3248
vn -0.6705 0.6793 0.2983
vn -0.6233 0.7812 -0.0337
vn -0.5322 0.5850 0.6119
vn -0.6220 0.5041 0.5992
vn -0.7106 0.6442 0.2831
vn -0.6598 0.7494 -0.0558
vn -0.6662 0.4595 0.5874
vn -0.3487 0.2998 0.8880
vn -0.4526 0.2152 0.8654
vn -0.5029 0.1700 0.8475
vn -0.1018 -0.0453 0.9938
vn 0.1156 -0.2912 0.9497
vn 0.0420 -0.3641 0.9304
vn -0.2005 -0.1132 0.9731
vn 0.3481 -0.4795 0.8055
vn 0.2909 -0.5577 0.7774
vn 0.0030 -0.4009 0.9161
vn -0.2501 -0.1499 0.9566
vn 0.2592 -0.5966 0.7595
vn 0.7021 -0.4240 -0.5721
vn 0.7439 -0.6124 -0.2677
vn 0.7820 -0.5726 -0.2461
vn 0.7414 -0.3855 -0.5494
vn 0.6936 -0.7169 0.0703
vn 0.7366 -0.6711 0.0838
vn 0.8451 -0.4925 -0.2080
vn 0.8045 -0.3089 -0.5073
vn 0.8106 -0.5765 0.1032
vn 0.5244 -0.1486 -0.8384
vn 0.6864 -0.4384 -0.5802
vn 0.5313 -0.1330 -0.8367
vn 0.7288 -0.6268 -0.2756
vn 0.6770 -0.7332 0.0647
vn 0.5068 -0.7362 0.4485
vn 0.5243 -0.7189 0.4564
vn 0.5699 -0.6697 0.4760
vn 0.6506 -0.5651 0.5074
vn 0.5393 0.0092 -0.8421
vn 0.5428 -0.0887 -0.8351
vn 0.2616 -0.5927 0.7617
vn 0.0019 -0.3999 0.9166
vn 0.0390 -0.3615 0.9315
vn 0.2990 -0.5456 0.7829
vn -0.2543 -0.1521 0.9551
vn -0.2133 -0.1213 0.9694
vn 0.1093 -0.2857 0.9521
vn 0.3639 -0.4483 0.8164
vn -0.1338 -0.0624 0.9890
vn 0.2472 -0.6094 0.7533
vn -0.0116 -0.4137 0.9103
vn -0.2684 -0.1639 0.9493
vn -0.5217 0.1523 0.8394
vn -0.5097 0.1628 0.8448
vn -0.4739 0.1880 0.8603
vn -0.4035 0.2324 0.8850
vn -0.6767 0.4486 0.5838
vn -0.7275 0.6295 0.2730
vn -0.7299 0.6289 0.2677
vn -0.6580 0.4645 0.5927
vn -0.6852 0.7246 -0.0741
vn -0.7093 0.6988 -0.0922
vn -0.7347 0.6265 0.2604
vn -0.6228 0.4909 0.6092
vn -0.7467 0.6549 -0.1161
vn -0.6833 0.4416 0.5815
vn -0.7267 0.6290 0.2761
vn -0.6759 0.7341 -0.0653
vn -0.5069 0.7357 -0.4491
vn -0.5253 0.7163 -0.4593
vn -0.5714 0.6677 -0.4772
vn -0.6395 0.5922 -0.4903
vn -0.2736 0.5893 -0.7602
vn -0.0130 0.4063 -0.9137
vn -0.0781 0.3912 -0.9170
vn -0.3370 0.5437 -0.7687
vn 0.2574 0.1742 -0.9505
vn 0.2168 0.2001 -0.9555
vn -0.1953 0.3766 -0.9056
vn -0.4361 0.4790 -0.7618
vn 0.1144 0.2611 -0.9585
vn -0.2487 0.6088 -0.7533
vn 0.0102 0.4143 -0.9101
vn 0.2689 0.1665 -0.9487
vn 0.0134 0.4157 -0.9094
vn 0.5219 -0.1519 -0.8394
vn 0.6825 -0.4421 -0.5821
vn 0.7248 -0.6306 -0.2777
vn 0.6725 -0.7375 0.0626
vn 0.5018 -0.7409 0.4463
vn 0.2427 -0.6137 0.7513
vn -0.0155 -0.4174 0.9086
vn -0.2721 -0.1674 0.9476
vn -0.5249 0.1493 0.8379
vn -0.6851 0.4400 0.5806
vn -0.7263 0.6295 0.2761
vn -0.6729 0.7370 -0.0638
vn -0.5024 0.7405 -0.4464
vn -0.2443 0.6133 -0.7511
vn 0.0133 0.4163 -0.9091
vn 0.2694 0.1652 -0.9487
vn 0.5640 -0.5481 -0.6176
vn 0.5916 -0.7327 -0.3363
vn 0.6722 -0.6752 -0.3037
vn 0.6359 -0.4860 -0.5995
vn 0.5244 -0.8509 -0.0301
vn 0.6133 -0.7894 0.0255
vn 0.7111 -0.6428 -0.2849
vn 0.6704 -0.4535 -0.5873
vn 0.6569 -0.7521 0.0529
vn 0.4302 -0.2440 -0.8691
vn 0.3303 -0.8715 0.3626
vn 0.4337 -0.8001 0.4144
vn 0.4839 -0.7576 0.4381
vn 0.5119 -0.1607 -0.8439
vn 0.4849 -0.1875 -0.8542
vn 0.0770 -0.7228 0.6868
vn -0.1420 -0.5261 0.8385
vn -0.0688 -0.4646 0.8828
vn 0.1754 -0.6638 0.7270
vn -0.3730 -0.2913 0.8809
vn -0.3160 -0.2195 0.9230
vn -0.0299 -0.4302 0.9022
vn 0.2249 -0.6278 0.7451
vn -0.2844 -0.1809 0.9415
vn -0.6107 0.0377 0.7910
vn -0.5635 0.1037 0.8196
vn -0.5360 0.1379 0.8329
vn -0.7363 0.3955 0.5490
vn -0.7039 0.6647 0.2506
vn -0.7161 0.6458 0.2648
vn -0.7077 0.4225 0.5663
vn -0.5631 0.8244 -0.0580
vn -0.6287 0.7754 -0.0590
vn -0.7236 0.6340 0.2728
vn -0.6915 0.4357 0.5761
vn -0.6610 0.7478 -0.0625
vn -0.3743 0.8452 -0.3816
vn -0.4527 0.7873 -0.4187
vn -0.4891 0.7537 -0.4391
vn -0.1836 0.7072 -0.6828
vn 0.0049 0.4519 -0.8921
vn 0.0104 0.4339 -0.9009
vn -0.2200 0.6544 -0.7235
vn 0.2158 0.1270 -0.9681
vn 0.2474 0.1528 -0.9568
vn 0.0124 0.4213 -0.9069
vn -0.2377 0.6246 -0.7439
vn 0.2632 0.1625 -0.9510
vn 0.3419 -0.2770 0.8980
vn 0.1227 -0.5208 0.8448
vn 0.0450 -0.4624 0.8855
vn 0.2800 -0.2076 0.9373
vn -0.0808 -0.7259 0.6830
vn -0.1833 -0.6710 0.7185
vn 0.0039 -0.4295 0.9030
vn 0.2461 -0.1703 0.9542
vn -0.2350 -0.6370 0.7341
vn 0.5696 0.0585 0.8199
vn -0.3122 -0.8843 0.3473
vn -0.4207 -0.8172 0.3940
vn -0.4736 -0.7767 0.4152
vn -0.4926 -0.7608 0.4225
vn -0.2536 -0.6236 0.7394
vn -0.0113 -0.4173 0.9087
vn 0.2330 -0.1573 0.9597
vn 0.4897 0.1581 0.8575
vn 0.4779 0.1693 0.8619
vn 0.5190 0.1240 0.8457
vn -0.4857 -0.8726 -0.0513
vn -0.5344 -0.7675 -0.3541
vn -0.6231 -0.7094 -0.3294
vn -0.5802 -0.8145 -0.0012
vn -0.4871 -0.5819 -0.6512
vn -0.5742 -0.5216 -0.6310
vn -0.6682 -0.6733 -0.3164
vn -0.6275 -0.7783 0.0228
vn -0.6186 -0.4839 -0.6190
vn -0.3312 -0.1563 -0.9305
vn -0.4180 -0.1791 -0.8906
vn -0.4591 -0.1756 -0.8708
vn -0.4741 -0.1715 -0.8636
vn -0.6351 -0.4690 -0.6137
vn -0.6846 -0.6591 -0.3112
vn -0.6446 -0.7639 0.0312
vn -0.1478 0.3169 -0.9369
vn -0.0208 0.5960 -0.8027
vn -0.0120 0.4971 -0.8676
vn -0.2024 0.2126 -0.9560
vn 0.1309 0.7751 -0.6181
vn 0.1873 0.6994 -0.6898
vn 0.0032 0.4396 -0.8982
vn -0.2240 0.1695 -0.9597
vn 0.2325 0.6466 -0.7265
vn 0.3439 0.8722 -0.3478
vn 0.4183 0.8186 -0.3936
vn 0.4700 0.7783 -0.4163
vn 0.4919 0.7611 -0.4228
vn 0.2531 0.6249 -0.7386
vn 0.0120 0.4186 -0.9081
vn -0.2303 0.1571 -0.9604
vn 0.5523 0.8335 -0.0153
vn 0.6781 0.6703 0.3013
vn 0.6833 0.6636 0.3045
vn 0.6021 0.7980 -0.0275
vn 0.6948 0.4093 0.5914
vn 0.6640 0.4430 0.6024
vn 0.6860 0.6594 0.3075
vn 0.6330 0.7735 -0.0323
vn 0.6459 0.4607 0.6088
vn 0.6385 0.4662 0.6123
vn 0.6868 0.6574 0.3100
vn 0.6452 0.7633 -0.0325
vn -0.4978 -0.7563 0.4245
vn -0.2585 -0.6195 0.7412
vn -0.0158 -0.4137 0.9103
vn 0.2287 -0.1536 0.9613
vn 0.4750 0.1729 0.8628
vn -0.4779 -0.1692 -0.8620
vn -0.6394 -0.4653 -0.6121
vn -0.6889 -0.6553 -0.3098
vn -0.6494 -0.7597 0.0329
vn 0.4985 0.7560 -0.4243
vn 0.2583 0.6207 -0.7403
vn 0.0139 0.4159 -0.9093
vn -0.2319 0.1566 -0.9600
vn 0.6382 0.4677 0.6115
vn 0.6893 0.6556 0.3084
vn 0.6503 0.7589 -0.0340
vn 0.2113 -0.1400 0.9673
vn -0.0327 -0.4002 0.9158
vn -0.0773 -0.3635 0.9284
vn 0.1654 -0.1046 0.9807
vn -0.2745 -0.6034 0.7487
vn -0.3158 -0.5579 0.7674
vn -0.1558 -0.2898 0.9443
vn 0.0842 -0.0353 0.9958
vn -0.3866 -0.4635 0.7973
vn 0.4673 0.1881 0.8639
vn -0.5164 -0.7397 0.4315
vn -0.5649 -0.6924 0.4489
vn -0.6509 -0.5910 0.4764
vn 0.4417 0.3255 0.8360
vn 0.4520 0.2313 0.8615
vn -0.6668 -0.7443 0.0371
vn -0.7035 -0.6421 -0.3047
vn -0.7418 -0.6049 -0.2897
vn -0.7121 -0.7005 0.0473
vn -0.6535 -0.4539 -0.6057
vn -0.6918 -0.4231 -0.5851
vn -0.8081 -0.5292 -0.2586
vn -0.7907 -0.6090 0.0624
vn -0.7590 -0.3619 -0.5413
vn -0.4904 -0.1592 -0.8568
vn -0.5260 -0.1348 -0.8397
vn -0.5902 -0.0901 -0.8022
vn -0.2384 0.1635 -0.9573
vn 0.0169 0.4172 -0.9087
vn 0.0226 0.4178 -0.9083
vn -0.2582 0.1786 -0.9494
vn 0.2721 0.6130 -0.7418
vn 0.3042 0.5904 -0.7476
vn 0.0317 0.4169 -0.9084
vn -0.2946 0.2038 -0.9336
vn 0.3512 0.5504 -0.7574
vn 0.5199 0.7379 -0.4303
vn 0.5670 0.6906 -0.4491
vn 0.6259 0.6134 -0.4817
vn 0.6721 0.7390 -0.0471
vn 0.7054 0.6458 0.2922
vn 0.7435 0.6234 0.2420
vn 0.7193 0.6894 -0.0856
vn 0.6441 0.4739 0.6005
vn 0.6638 0.4942 0.5613
vn 0.7951 0.5900 0.1405
vn 0.7749 0.6124 -0.1566
vn 0.7064 0.5387 0.4592
vn 0.9269 -0.3753 -0.0073
vn 0.7521 -0.6154 -0.2360
vn 0.7386 -0.6229 -0.2577
vn 0.9261 -0.3668 -0.0887
vn 0.4441 -0.7836 -0.4345
vn 0.4413 -0.8047 -0.3972
vn 0.7305 -0.6268 -0.2710
vn 0.9243 -0.3586 -0.1306
vn 0.4383 -0.8158 -0.3772
vn 0.9809 -0.0581 0.1857
vn 0.0117 -0.8374 -0.5465
vn 0.0230 -0.8807 -0.4731
vn 0.0279 -0.9013 -0.4324
vn 0.0282 -0.9083 -0.4173
vn 0.4361 -0.8204 -0.3699
vn 0.7272 -0.6286 -0.2760
vn 0.9232 -0.3553 -0.1463
vn 0.9990 0.0092 0.0443
vn 0.9995 0.0186 0.0265
vn 0.9957 -0.0159 0.0914
vn -0.3936 -0.7454 -0.5380
vn -0.6697 -0.5727 -0.4728
vn -0.6822 -0.6237 -0.3814
vn -0.3891 -0.8015 -0.4542
vn -0.8647 -0.3188 -0.3881
vn -0.8906 -0.3607 -0.2769
vn -0.6858 -0.6478 -0.3316
vn -0.3853 -0.8277 -0.4080
vn -0.8981 -0.3823 -0.2173
vn -0.9688 0.0776 -0.2352
vn -0.9933 0.0214 -0.1139
vn -0.9987 -0.0077 -0.0506
vn -0.9995 -0.0185 -0.0272
vn -0.8998 -0.3902 -0.1952
vn -0.6868 -0.6560 -0.3131
vn -0.3845 -0.8363 -0.3908
vn -0.8883 0.4582 -0.0327
vn -0.7060 0.6993 0.1118
vn -0.7204 0.6617 0.2080
vn -0.9139 0.3998 0.0708
vn -0.4357 0.8747 0.2124
vn -0.4358 0.8468 0.3050
vn -0.7251 0.6389 0.2568
vn -0.9212 0.3682 0.1255
vn -0.4354 0.8291 0.3507
vn -0.0343 0.9568 0.2888
vn -0.0282 0.9309 0.3642
vn -0.0272 0.9158 0.4007
vn -0.0279 0.9101 0.4134
vn -0.4356 0.8221 0.3666
vn -0.7265 0.6301 0.2743
vn -0.9229 0.3565 0.1457
vn 0.3934 0.8606 0.3234
vn 0.7106 0.6256 0.3221
vn 0.6983 0.6416 0.3174
vn 0.3908 0.8459 0.3629
vn 0.9079 0.3021 0.2907
vn 0.9057 0.3531 0.2344
vn 0.6904 0.6524 0.3126
vn 0.3870 0.8397 0.3810
vn 0.9020 0.3801 0.2048
vn 0.9003 0.3899 0.1937
vn 0.6873 0.6565 0.3107
vn 0.3848 0.8377 0.3875
vn 0.0281 -0.9103 -0.4131
vn 0.4361 -0.8214 -0.3676
vn 0.7272 -0.6281 -0.2769
vn 0.9233 -0.3534 -0.1504
vn 0.9996 0.0210 0.0212
vn -0.9996 -0.0215 -0.0206
vn -0.8999 -0.3929 -0.1893
vn -0.6868 -0.6583 -0.3079
vn -0.3846 -0.8385 -0.3860
vn -0.0279 0.9085 0.4169
vn -0.4357 0.8201 0.3710
vn -0.7265 0.6278 0.2792
vn -0.9230 0.3538 0.1516
vn 0.9003 0.3916 0.1901
vn 0.6874 0.6569 0.3099
vn 0.3848 0.8369 0.3892
vn 0.9248 -0.3437 -0.1631
vn 0.7306 -0.6233 -0.2788
vn 0.7390 -0.6107 -0.2843
vn 0.9276 -0.3175 -0.1967
vn 0.4381 -0.8240 -0.3593
vn 0.4404 -0.8318 -0.3377
vn 0.7529 -0.5896 -0.2925
vn 0.9306 -0.2615 -0.2563
vn 0.4420 -0.8463 -0.2973
vn 0.9996 0.0283 0.0024
vn 0.0274 -0.9170 -0.3979
vn 0.0212 -0.9343 -0.3558
vn 0.0077 -0.9613 -0.2753
vn 0.9857 0.0914 -0.1414
vn 0.9977 0.0476 -0.0475
vn -0.3859 -0.8459 -0.3682
vn -0.6864 -0.6670 -0.2896
vn -0.6843 -0.6890 -0.2387
vn -0.3911 -0.8636 -0.3183
vn -0.8989 -0.4045 -0.1688
vn -0.8931 -0.4355 -0.1133
vn -0.6746 -0.7248 -0.1401
vn -0.3983 -0.8902 -0.2212
vn -0.8703 -0.4924 -0.0083
vn -0.9995 -0.0322 0.0029
vn -0.9959 -0.0610 0.0664
vn -0.9751 -0.1162 0.1889
vn -0.9220 0.3461 0.1738
vn -0.7257 0.6204 0.2974
vn -0.7224 0.5983 0.3466
vn -0.9163 0.3254 0.2336
vn -0.4360 0.8126 0.3868
vn -0.4377 0.7896 0.4300
vn -0.7109 0.5501 0.4383
vn -0.8939 0.2850 0.3461
vn -0.4401 0.7379 0.5117
vn -0.0276 0.9026 0.4296
vn -0.0297 0.8849 0.4649
vn -0.0379 0.8449 0.5336
vn 0.3868 0.8333 0.3950
vn 0.6905 0.6556 0.3056
vn 0.6986 0.6521 0.2945
vn 0.3901 0.8236 0.4116
vn 0.9024 0.3936 0.1754
vn 0.9072 0.3982 0.1358
vn 0.7112 0.6450 0.2797
vn 0.3915 0.8034 0.4487
vn 0.9113 0.4074 0.0605
vn 0.9220 -0.3650 -0.1291
vn 0.7267 -0.6378 -0.2554
vn 0.7247 -0.6582 -0.2038
vn 0.9166 -0.3910 -0.0830
vn 0.4376 -0.8308 -0.3439
vn 0.4419 -0.8511 -0.2835
vn 0.7149 -0.6914 -0.1043
vn 0.8992 -0.4376 0.0048
vn 0.4484 -0.8784 -0.1652
vn 0.9995 0.0191 0.0260
vn 0.9230 -0.3560 -0.1462
vn 0.9991 0.0117 0.0409
vn 0.7267 -0.6299 -0.2741
vn 0.4359 -0.8223 -0.3658
vn 0.0281 -0.9108 -0.4119
vn 0.0277 -0.9211 -0.3882
vn 0.0266 -0.9461 -0.3229
vn 0.0242 -0.9812 -0.1917
vn 0.9867 -0.0588 0.1518
vn 0.9967 -0.0123 0.0800
vn -0.3872 -0.8473 -0.3636
vn -0.6876 -0.6660 -0.2892
vn -0.6873 -0.6864 -0.2376
vn -0.3935 -0.8678 -0.3035
vn -0.8995 -0.4014 -0.1727
vn -0.8953 -0.4272 -0.1263
vn -0.6809 -0.7193 -0.1377
vn -0.4046 -0.8955 -0.1856
vn -0.8802 -0.4731 -0.0378
vn -0.3848 -0.8387 -0.3854
vn -0.6870 -0.6582 -0.3079
vn -0.9000 -0.3925 -0.1897
vn -0.9995 -0.0209 -0.0218
vn -0.9996 -0.0283 -0.0068
vn -0.9981 -0.0521 0.0323
vn -0.9897 -0.0980 0.1045
vn -0.9220 0.3532 0.1585
vn -0.7223 0.6349 0.2742
vn -0.7127 0.6482 0.2681
vn -0.9205 0.3466 0.1804
vn -0.4303 0.8313 0.3519
vn -0.4175 0.8528 0.3138
vn -0.6965 0.6690 0.2594
vn -0.9173 0.3318 0.2203
vn -0.3906 0.8871 0.2459
vn -0.9229 0.3547 0.1498
vn -0.7261 0.6296 0.2764
vn -0.4350 0.8224 0.3667
vn -0.0281 0.9107 0.4121
vn -0.0278 0.9199 0.3911
vn -0.0269 0.9410 0.3373
vn -0.0249 0.9710 0.2380
vn 0.3796 0.8473 0.3715
vn 0.6826 0.6628 0.3080
vn 0.6734 0.6748 0.3019
vn 0.3682 0.8678 0.3335
vn 0.8986 0.3895 0.2021
vn 0.8965 0.3823 0.2240
vn 0.6584 0.6928 0.2942
vn 0.3446 0.9002 0.2664
vn 0.8924 0.3659 0.2642
vn 0.3838 0.8387 0.3863
vn 0.6863 0.6578 0.3102
vn 0.8998 0.3911 0.1934
vn 0.9995 0.0210 0.0218
vn 0.9230 -0.3538 -0.1510
vn 0.7267 -0.6276 -0.2792
vn 0.4360 -0.8196 -0.3717
vn 0.0282 -0.9078 -0.4185
vn -0.3847 -0.8360 -0.3914
vn -0.6869 -0.6559 -0.3130
vn -0.8999 -0.3903 -0.1946
vn -0.9995 -0.0189 -0.0260
vn -0.9229 0.3557 0.1476
vn -0.7261 0.6292 0.2774
vn -0.4351 0.8203 0.3712
vn -0.0281 0.9079 0.4183
vn 0.3837 0.8367 0.3908
vn 0.6863 0.6574 0.3112
vn 0.8998 0.3922 0.1912
vn 0.9039 -0.2928 -0.3120
vn 0.7198 -0.5393 -0.4370
vn 0.7268 -0.5930 -0.3465
vn 0.9187 -0.3289 -0.2189
vn 0.4540 -0.7048 -0.5451
vn 0.4443 -0.7763 -0.4472
vn 0.7273 -0.6186 -0.2974
vn 0.9226 -0.3468 -0.1689
vn 0.4383 -0.8086 -0.3925
vn 0.9907 0.0654 -0.1194
vn 0.0305 -0.7873 -0.6158
vn 0.0293 -0.8636 -0.5033
vn 0.0285 -0.8967 -0.4418
vn 0.9996 0.0274 0.0065
vn 0.9985 0.0414 -0.0372
vn -0.3990 -0.7219 -0.5655
vn -0.6760 -0.5672 -0.4704
vn -0.6852 -0.6212 -0.3803
vn -0.3911 -0.7930 -0.4672
vn -0.8755 -0.3284 -0.3545
vn -0.8933 -0.3651 -0.2622
vn -0.6870 -0.6468 -0.3312
vn -0.3864 -0.8251 -0.4122
vn -0.8989 -0.3832 -0.2125
vn -0.9856 0.0257 -0.1669
vn -0.9964 0.0014 -0.0850
vn -0.9991 -0.0125 -0.0413
vn -0.9158 0.3931 0.0823
vn -0.6997 0.6413 0.3149
vn -0.7138 0.6347 0.2960
vn -0.9198 0.3733 0.1210
vn -0.3963 0.7720 0.4970
vn -0.4198 0.8003 0.4281
vn -0.7225 0.6309 0.2827
vn -0.9218 0.3612 0.1407
vn -0.4309 0.8150 0.3874
vn -0.0303 0.8156 0.5778
vn -0.0291 0.8711 0.4902
vn -0.0284 0.8980 0.4390
vn 0.3389 0.7855 0.5178
vn 0.6552 0.6688 0.3514
vn 0.6722 0.6626 0.3304
vn 0.3660 0.8157 0.4480
vn 0.8937 0.4301 0.1275
vn 0.8971 0.4099 0.1650
vn 0.6823 0.6590 0.3166
vn 0.3789 0.8311 0.4071
vn 0.8988 0.3977 0.1843
vn 0.1632 -0.0439 0.9856
vn -0.0071 -0.3784 0.9256
vn -0.0115 -0.3971 0.9177
vn 0.2031 -0.1073 0.9733
vn -0.1994 -0.6590 0.7252
vn -0.2324 -0.6352 0.7365
vn -0.0128 -0.4100 0.9120
vn 0.2228 -0.1412 0.9646
vn -0.2489 -0.6253 0.7396
vn 0.3394 0.2835 0.8969
vn -0.3968 -0.8377 0.3753
vn -0.4546 -0.7923 0.4068
vn -0.4832 -0.7683 0.4197
vn -0.4937 -0.7597 0.4231
vn -0.2553 -0.6221 0.7401
vn -0.0133 -0.4150 0.9097
vn 0.2301 -0.1537 0.9609
vn 0.4600 0.1862 0.8682
vn 0.4742 0.1727 0.8633
vn 0.4215 0.2216 0.8793
vn -0.5207 -0.8535 -0.0223
vn -0.5454 -0.7631 -0.3467
vn -0.6296 -0.7050 -0.3265
vn -0.5960 -0.8029 0.0110
vn -0.4794 -0.6058 -0.6350
vn -0.5726 -0.5281 -0.6271
vn -0.6705 -0.6716 -0.3152
vn -0.6324 -0.7742 0.0267
vn -0.6187 -0.4852 -0.6179
vn -0.2937 -0.3128 -0.9033
vn -0.4018 -0.2323 -0.8858
vn -0.4546 -0.1892 -0.8704
vn -0.4736 -0.1730 -0.8636
vn -0.6352 -0.4692 -0.6135
vn -0.6849 -0.6589 -0.3111
vn -0.6452 -0.7633 0.0317
vn -0.0560 0.0421 -0.9975
vn 0.1491 0.2965 -0.9433
vn 0.0718 0.3664 -0.9277
vn -0.1582 0.1061 -0.9817
vn 0.3668 0.4938 -0.7885
vn 0.3052 0.5696 -0.7632
vn 0.0308 0.4015 -0.9153
vn -0.2099 0.1407 -0.9676
vn 0.2712 0.6072 -0.7469
vn 0.5893 0.6531 -0.4756
vn 0.5382 0.7154 -0.4456
vn 0.5087 0.7464 -0.4291
vn 0.4969 0.7571 -0.4241
vn 0.2581 0.6200 -0.7409
vn 0.0156 0.4139 -0.9102
vn -0.2285 0.1537 -0.9613
vn 0.7021 0.7107 -0.0439
vn 0.6629 0.6596 0.3541
vn 0.6758 0.6586 0.3308
vn 0.6718 0.7399 -0.0356
vn 0.5214 0.5239 0.6736
vn 0.5894 0.4944 0.6388
vn 0.6837 0.6574 0.3169
vn 0.6547 0.7552 -0.0324
vn 0.6232 0.4754 0.6209
vn 0.6357 0.4680 0.6139
vn 0.6865 0.6571 0.3113
vn 0.6480 0.7610 -0.0322
vn -0.4969 -0.7571 0.4242
vn -0.2570 -0.6207 0.7407
vn -0.0129 -0.4154 0.9096
vn 0.2332 -0.1563 0.9598
vn 0.4795 0.1685 0.8612
vn -0.4788 -0.1685 -0.8616
vn -0.6399 -0.4651 -0.6118
vn -0.6889 -0.6554 -0.3096
vn -0.6489 -0.7601 0.0330
vn 0.4940 0.7601 -0.4221
vn 0.2538 0.6237 -0.7393
vn 0.0111 0.4176 -0.9086
vn -0.2334 0.1578 -0.9595
vn 0.6408 0.4637 0.6119
vn 0.6892 0.6545 0.3108
vn 0.6477 0.7613 -0.0308
vn 0.2470 -0.1627 0.9553
vn -0.0100 -0.4141 0.9102
vn -0.0042 -0.4134 0.9105
vn 0.2793 -0.1822 0.9428
vn -0.2635 -0.6141 0.7440
vn -0.2833 -0.5980 0.7497
vn 0.0048 -0.4142 0.9102
vn 0.3264 -0.2163 0.9201
vn -0.3196 -0.5692 0.7576
vn 0.5009 0.1518 0.8521
vn -0.5094 -0.7465 0.4281
vn -0.5448 -0.7172 0.4345
vn -0.6086 -0.6588 0.4422
vn 0.6071 0.0303 0.7941
vn 0.5481 0.1061 0.8297
vn -0.6630 -0.7477 0.0371
vn -0.7035 -0.6427 -0.3033
vn -0.7418 -0.6066 -0.2860
vn -0.7011 -0.7115 0.0459
vn -0.6573 -0.4516 -0.6033
vn -0.7028 -0.4148 -0.5779
vn -0.8083 -0.5328 -0.2507
vn -0.7679 -0.6376 0.0619
vn -0.7821 -0.3426 -0.5205
vn -0.4974 -0.1522 -0.8541
vn -0.5460 -0.1075 -0.8309
vn -0.6324 -0.0194 -0.7744
vn -0.2494 0.1742 -0.9526
vn -0.0058 0.4308 -0.9024
vn -0.0505 0.4649 -0.8839
vn -0.2907 0.2186 -0.9315
vn 0.2364 0.6373 -0.7335
vn 0.1904 0.6711 -0.7165
vn -0.1294 0.5260 -0.8406
vn -0.3618 0.3037 -0.8814
vn 0.1089 0.7288 -0.6760
vn 0.4861 0.7710 -0.4114
vn 0.4703 0.7976 -0.3776
vn 0.4583 0.8401 -0.2900
vn 0.6532 0.7569 -0.0187
vn 0.7051 0.6357 0.3143
vn 0.7422 0.5826 0.3312
vn 0.6718 0.7404 0.0227
vn 0.6624 0.4405 0.6059
vn 0.7093 0.3784 0.5948
vn 0.7916 0.4835 0.3736
vn 0.7113 0.6918 0.1242
vn 0.7640 0.2737 0.5843
vn 0.6851 -0.4523 -0.5710
vn 0.7086 -0.6505 -0.2735
vn 0.6669 -0.6998 -0.2561
vn 0.6868 -0.4882 -0.5386
vn 0.6476 -0.7598 0.0571
vn 0.5863 -0.8085 0.0505
vn 0.5932 -0.7782 -0.2060
vn 0.6832 -0.5720 -0.4539
vn 0.4863 -0.8719 0.0566
vn 0.5253 -0.1499 -0.8376
vn 0.6843 -0.4418 -0.5802
vn 0.5396 -0.1451 -0.8293
vn 0.7244 -0.6315 -0.2765
vn 0.6712 -0.7386 0.0629
vn 0.5017 -0.7414 0.4457
vn 0.4828 -0.7601 0.4350
vn 0.4319 -0.8018 0.4130
vn 0.3482 -0.8543 0.3860
vn 0.6518 -0.1556 -0.7422
vn 0.5775 -0.1395 -0.8043
vn 0.2366 -0.6253 0.7436
vn -0.0117 -0.4188 0.9080
vn -0.0110 -0.4240 0.9056
vn 0.2137 -0.6529 0.7267
vn -0.2618 -0.1591 0.9519
vn -0.2448 -0.1407 0.9593
vn -0.0118 -0.4322 0.9017
vn 0.1734 -0.6926 0.7002
vn -0.2153 -0.1060 0.9708
vn 0.2442 -0.6135 0.7510
vn -0.0131 -0.4161 0.9092
vn -0.2692 -0.1649 0.9489
vn -0.5104 0.1639 0.8442
vn -0.4811 0.1985 0.8539
vn -0.4245 0.2631 0.8663
vn -0.6693 0.4556 0.5869
vn -0.7106 0.6435 0.2845
vn -0.6705 0.6776 0.3020
vn -0.6327 0.4928 0.5974
vn -0.6567 0.7522 -0.0531
vn -0.6128 0.7898 -0.0261
vn -0.5888 0.7366 0.3328
vn -0.5586 0.5597 0.6122
vn -0.5236 0.8515 0.0290
vn -0.6823 0.4423 0.5821
vn -0.7247 0.6307 0.2777
vn -0.6724 0.7375 -0.0626
vn -0.5018 0.7409 -0.4463
vn -0.4839 0.7576 -0.4381
vn -0.4337 0.8001 -0.4144
vn -0.3302 0.8714 -0.3628
vn -0.2250 0.6284 -0.7447
vn 0.0301 0.4329 -0.9009
vn 0.0687 0.4720 -0.8789
vn -0.1759 0.6652 -0.7257
vn 0.2873 0.1835 -0.9401
vn 0.3250 0.2243 -0.9187
vn 0.1422 0.5369 -0.8316
vn -0.0778 0.7245 -0.6849
vn 0.3942 0.2921 -0.8714
vn -0.2427 0.6138 -0.7512
vn 0.0155 0.4178 -0.9084
vn 0.2725 0.1678 -0.9474
vn 0.5218 -0.1523 -0.8394
vn 0.6834 -0.4416 -0.5813
vn 0.7270 -0.6288 -0.2758
vn 0.6761 -0.7339 0.0654
vn 0.5066 -0.7363 0.4485
vn 0.2474 -0.6104 0.7525
vn -0.0125 -0.4158 0.9094
vn -0.2709 -0.1667 0.9481
vn -0.5249 0.1492 0.8380
vn -0.6860 0.4388 0.5804
vn -0.7286 0.6269 0.2759
vn -0.6769 0.7332 -0.0647
vn -0.5068 0.7362 -0.4485
vn -0.2472 0.6094 -0.7533
vn 0.0116 0.4137 -0.9103
vn 0.2684 0.1639 -0.9493
vn 0.6334 -0.4950 -0.5948
vn 0.7476 -0.6238 -0.2282
vn 0.7372 -0.6263 -0.2537
vn 0.6631 -0.4655 -0.5861
vn 0.7518 -0.6427 0.1473
vn 0.7118 -0.6951 0.1008
vn 0.7298 -0.6283 -0.2695
vn 0.6781 -0.4486 -0.5821
vn 0.6865 -0.7232 0.0753
vn 0.4059 -0.2338 -0.8835
vn 0.6237 -0.6028 0.4977
vn 0.5603 -0.6807 0.4719
vn 0.5223 -0.7210 0.4554
vn 0.5100 -0.1628 -0.8446
vn 0.4750 -0.1884 -0.8596
vn 0.3645 -0.5338 0.7630
vn 0.0347 -0.4202 0.9068
vn 0.0104 -0.4174 0.9087
vn 0.2996 -0.5772 0.7597
vn -0.3158 -0.2218 0.9225
vn -0.2887 -0.1914 0.9381
vn -0.0059 -0.4165 0.9091
vn 0.2622 -0.6013 0.7548
vn -0.2752 -0.1740 0.9455
vn -0.6290 0.0644 0.7747
vn -0.5695 0.1125 0.8142
vn -0.5365 0.1386 0.8324
vn -0.7978 0.3308 0.5040
vn -0.8401 0.4962 0.2192
vn -0.7783 0.5745 0.2533
vn -0.7353 0.3946 0.5510
vn -0.8105 0.5770 -0.1007
vn -0.7364 0.6716 -0.0819
vn -0.7423 0.6132 0.2702
vn -0.6993 0.4269 0.5733
vn -0.6934 0.7171 -0.0697
vn -0.6506 0.5650 -0.5075
vn -0.5700 0.6697 -0.4760
vn -0.5243 0.7189 -0.4564
vn -0.3639 0.4483 -0.8164
vn -0.1093 0.2857 -0.9521
vn -0.0390 0.3615 -0.9315
vn -0.2990 0.5456 -0.7829
vn 0.1338 0.0624 -0.9890
vn 0.2133 0.1213 -0.9694
vn -0.0019 0.3999 -0.9166
vn -0.2616 0.5927 -0.7617
vn 0.2543 0.1521 -0.9551
vn 0.6568 -0.7521 0.0546
vn 0.7089 -0.6449 -0.2855
vn 0.6661 -0.6806 -0.3052
vn 0.6147 -0.7881 0.0330
vn 0.6658 -0.4595 -0.5879
vn 0.6209 -0.5037 -0.6007
vn 0.5811 -0.7417 -0.3350
vn 0.5313 -0.8472 -0.0013
vn 0.5308 -0.5843 -0.6139
vn 0.5023 -0.7399 0.4475
vn 0.6724 -0.7375 0.0628
vn 0.4877 -0.7489 0.4487
vn 0.7245 -0.6309 -0.2778
vn 0.6819 -0.4428 -0.5821
vn 0.5208 -0.1531 -0.8398
vn 0.5028 -0.1700 -0.8475
vn 0.4526 -0.2152 -0.8654
vn 0.3488 -0.2998 -0.8879
vn 0.3604 -0.7878 0.4995
vn 0.4472 -0.7682 0.4582
vn 0.2501 0.1499 -0.9566
vn -0.0030 0.4009 -0.9161
vn -0.0420 0.3641 -0.9304
vn 0.2005 0.1132 -0.9731
vn -0.2592 0.5966 -0.7595
vn -0.2909 0.5577 -0.7774
vn -0.1156 0.2912 -0.9497
vn 0.1018 0.0453 -0.9938
vn -0.3481 0.4795 -0.8055
vn 0.2679 0.1636 -0.9495
vn 0.0114 0.4139 -0.9103
vn -0.2470 0.6099 -0.7530
vn -0.5059 0.7370 -0.4481
vn -0.5170 0.7257 -0.4539
vn -0.5442 0.6931 -0.4726
vn -0.5908 0.6282 -0.5063
vn -0.6826 0.7278 -0.0662
vn -0.7258 0.6282 0.2804
vn -0.7233 0.6287 0.2856
vn -0.6996 0.7105 -0.0757
vn -0.6708 0.4489 0.5904
vn -0.6413 0.4700 0.6065
vn -0.7183 0.6310 0.2929
vn -0.7284 0.6785 -0.0947
vn -0.5936 0.5051 0.6265
vn -0.6756 0.7344 -0.0641
vn -0.7265 0.6287 0.2772
vn -0.6825 0.4415 0.5826
vn -0.5202 0.1531 0.8402
vn -0.4993 0.1704 0.8495
vn -0.4503 0.2166 0.8662
vn -0.3798 0.2900 0.8784
vn -0.2482 -0.1377 0.9589
vn -0.0047 -0.3910 0.9204
vn 0.0068 -0.3295 0.9441
vn -0.2067 -0.0732 0.9757
vn 0.2374 -0.6024 0.7621
vn 0.2135 -0.5725 0.7916
vn 0.0090 -0.2154 0.9765
vn -0.1559 0.0333 0.9872
vn 0.1532 -0.4927 0.8566
vn -0.2674 -0.1621 0.9499
vn -0.0121 -0.4127 0.9108
vn 0.2443 -0.6107 0.7532
vn 0.5059 -0.7370 0.4482
vn 0.6765 -0.7336 0.0647
vn 0.7286 -0.6270 -0.2757
vn 0.6865 -0.4385 -0.5800
vn 0.5258 -0.1484 -0.8376
vn 0.2725 0.1679 -0.9474
vn 0.0157 0.4176 -0.9085
vn -0.2429 0.6138 -0.7512
vn -0.5032 0.7402 -0.4459
vn -0.6754 0.7348 -0.0625
vn -0.7289 0.6262 0.2769
vn -0.6873 0.4371 0.5801
vn -0.5264 0.1484 0.8372
vn -0.2723 -0.1664 0.9477
vn -0.0140 -0.4154 0.9095
vn 0.2459 -0.6107 0.7527
vn 0.7889 -0.6065 0.0991
vn 0.8400 -0.4998 -0.2113
vn 0.7783 -0.5762 -0.2496
vn 0.7260 -0.6830 0.0801
vn 0.8191 -0.3106 -0.4823
vn 0.7456 -0.3858 -0.5433
vn 0.7423 -0.6138 -0.2687
vn 0.6898 -0.7206 0.0694
vn 0.7029 -0.4244 -0.5708
vn 0.6126 -0.6344 0.4714
vn 0.6690 0.0066 -0.7433
vn 0.5889 -0.0849 -0.8038
vn 0.5433 -0.1314 -0.8292
vn 0.5178 -0.7260 0.4527
vn 0.5517 -0.6953 0.4607
vn 0.3910 0.3188 -0.8634
vn 0.1483 0.5316 -0.8339
vn 0.0741 0.4674 -0.8810
vn 0.3259 0.2309 -0.9168
vn -0.1055 0.7245 -0.6811
vn -0.1827 0.6636 -0.7254
vn 0.0317 0.4316 -0.9015
vn 0.2874 0.1849 -0.9398
vn -0.2264 0.6281 -0.7445
vn -0.4771 0.8214 -0.3124
vn -0.4832 0.7785 -0.4004
vn -0.4963 0.7514 -0.4349
vn -0.7435 0.6627 0.0894
vn -0.8273 0.4511 0.3349
vn -0.7798 0.5522 0.2948
vn -0.7011 0.7130 -0.0101
vn -0.8013 0.2424 0.5469
vn -0.7514 0.3492 0.5599
vn -0.7441 0.6067 0.2797
vn -0.6813 0.7303 -0.0507
vn -0.7077 0.4131 0.5732
vn -0.6450 0.0053 0.7641
vn -0.5909 0.0834 0.8024
vn -0.5467 0.1309 0.8270
vn -0.3611 -0.2300 0.9037
vn -0.0318 -0.4149 0.9093
vn -0.0228 -0.4138 0.9101
vn -0.3165 -0.1941 0.9285
vn 0.3055 -0.5567 0.7725
vn 0.2708 -0.5869 0.7630
vn -0.0170 -0.4142 0.9100
vn -0.2857 -0.1733 0.9425
vn 0.2520 -0.6038 0.7563
g Cube.015_Cube.016_Material
usemtl Material
s 1
f 2425//1 2426//2 2429//3 2428//4
f 2426//2 2427//5 2430//6 2429//3
f 2428//4 2429//3 2432//7 2431//8
f 2429//3 2430//6 2433//9 2432//7
f 108//10 1356//11 2425//1 1366//12
f 1356//11 1355//13 2426//2 2425//1
f 1355//13 1354//14 2427//5 2426//2
f 1354//14 105//15 1359//16 2427//5
f 2427//5 1359//16 1358//17 2430//6
f 2430//6 1358//17 1357//18 2433//9
f 2433//9 1357//18 109//19 516//20
f 2432//7 2433//9 516//20 515//21
f 2431//8 2432//7 515//21 514//22
f 1368//23 2431//8 514//22 112//24
f 1367//25 2428//4 2431//8 1368//23
f 1366//12 2425//1 2428//4 1367//25
f 2434//26 2435//27 2438//28 2437//29
f 2435//27 2436//30 2439//31 2438//28
f 2437//29 2438//28 2441//32 2440//33
f 2438//28 2439//31 2442//34 2441//32
f 107//35 1353//36 2434//26 1363//37
f 1353//36 1352//38 2435//27 2434//26
f 1352//38 1351//39 2436//30 2435//27
f 1351//39 108//10 1366//12 2436//30
f 2436//30 1366//12 1367//25 2439//31
f 2439//31 1367//25 1368//23 2442//34
f 2442//34 1368//23 112//24 462//40
f 2441//32 2442//34 462//40 461//41
f 2440//33 2441//32 461//41 460//42
f 1365//43 2440//33 460//42 111//44
f 1364//45 2437//29 2440//33 1365//43
f 1363//37 2434//26 2437//29 1364//45
f 2444//46 2445//47 2443//48 2449//49
f 2446//50 2447//51 2443//48 2445//47
f 2448//52 2449//49 2443//48 2447//51
f 60//53 453//54 2444//46 442//55
f 453//54 452//56 2445//47 2444//46
f 442//55 2444//46 2449//49 443//57
f 335//58 432//59 2446//50 451//60
f 432//59 431//61 2447//51 2446//50
f 451//60 2446//50 2445//47 452//56
f 59//62 444//63 2448//52 430//64
f 444//63 443//57 2449//49 2448//52
f 430//64 2448//52 2447//51 431//61
f 2450//65 2451//66 2454//67 2453//68
f 2451//66 2452//69 2455//70 2454//67
f 2453//68 2454//67 2457//71 2456//72
f 2454//67 2455//70 2458//73 2457//71
f 106//74 1347//75 2450//65 1360//76
f 1347//75 1346//77 2451//66 2450//65
f 1346//77 1345//78 2452//69 2451//66
f 1345//78 107//35 1363//37 2452//69
f 2452//69 1363//37 1364//45 2455//70
f 2455//70 1364//45 1365//43 2458//73
f 2458//73 1365//43 111//44 550//79
f 2457//71 2458//73 550//79 551//80
f 2456//72 2457//71 551//80 552//81
f 1362//82 2456//72 552//81 110//83
f 1361//84 2453//68 2456//72 1362//82
f 1360//76 2450//65 2453//68 1361//84
f 2459//85 2460//86 2463//87 2462//88
f 2460//86 2461//89 2464//90 2463//87
f 2462//88 2463//87 2466//91 2465//92
f 2463//87 2464//90 2467//93 2466//91
f 105//15 1341//94 2459//85 1359//16
f 1341//94 1340//95 2460//86 2459//85
f 1340//95 1339//96 2461//89 2460//86
f 1339//96 106//74 1360//76 2461//89
f 2461//89 1360//76 1361//84 2464//90
f 2464//90 1361//84 1362//82 2467//93
f 2467//93 1362//82 110//83 553//97
f 2466//91 2467//93 553//97 554//98
f 2465//92 2466//91 554//98 555//99
f 1357//18 2465//92 555//99 109//19
f 1358//17 2462//88 2465//92 1357//18
f 1359//16 2459//85 2462//88 1358//17
f 2468//100 2469//101 2472//101 2471//100
f 2469//101 2470//102 2473//102 2472//101
f 2471//100 2472//101 2475//101 2474//100
f 2472//101 2473//102 2476//102 2475//101
f 104//103 1332//100 2468//100 1348//104
f 1332//100 1331//101 2469//101 2468//100
f 1331//101 1330//102 2470//102 2469//101
f 1330//102 101//105 1335//105 2470//102
f 2470//102 1335//105 1334//105 2473//102
f 2473//102 1334//105 1333//105 2476//102
f 2476//102 1333//105 105//15 1354//14
f 2475//101 2476//102 1354//14 1355//13
f 2474//100 2475//101 1355//13 1356//11
f 1350//104 2474//100 1356//11 108//10
f 1349//104 2471//100 2474//100 1350//104
f 1348//104 2468//100 2471//100 1349//104
f 2478//106 2479//107 2477//108 2483//109
f 2480//110 2481//111 2477//108 2479//107
f 2482//112 2483//109 2477//108 2481//111
f 32//113 376//114 2478//106 373//115
f 376//114 377//116 2479//107 2478//106
f 373//115 2478//106 2483//109 374//117
f 284//118 351//119 2480//110 378//120
f 351//119 350//121 2481//111 2480//110
f 378//120 2480//110 2479//107 377//116
f 28//122 375//123 2482//112 349//124
f 375//123 374//117 2483//109 2482//112
f 349//124 2482//112 2481//111 350//121
f 2484//125 2485//126 2488//126 2487//125
f 2485//126 2486//127 2489//127 2488//126
f 2487//125 2488//126 2491//126 2490//125
f 2488//126 2489//127 2492//127 2491//126
f 103//128 1329//125 2484//125 1342//128
f 1329//125 1328//126 2485//126 2484//125
f 1328//126 1327//127 2486//127 2485//126
f 1327//127 104//103 1348//104 2486//127
f 2486//127 1348//104 1349//104 2489//127
f 2489//127 1349//104 1350//104 2492//127
f 2492//127 1350//104 108//10 1351//39
f 2491//126 2492//127 1351//39 1352//38
f 2490//125 2491//126 1352//38 1353//36
f 1344//128 2490//125 1353//36 107//35
f 1343//128 2487//125 2490//125 1344//128
f 1342//128 2484//125 2487//125 1343//128
f 2493//129 2494//130 2497//130 2496//129
f 2494//130 2495//131 2498//131 2497//130
f 2496//129 2497//130 2500//130 2499//129
f 2497//130 2498//131 2501//131 2500//130
f 102//132 1323//129 2493//129 1336//133
f 1323//129 1322//130 2494//130 2493//129
f 1322//130 1321//131 2495//131 2494//130
f 1321//131 103//128 1342//128 2495//131
f 2495//131 1342//128 1343//128 2498//131
f 2498//131 1343//128 1344//128 2501//131
f 2501//131 1344//128 107//35 1345//78
f 2500//130 2501//131 1345//78 1346//77
f 2499//129 2500//130 1346//77 1347//75
f 1338//132 2499//129 1347//75 106//74
f 1337//133 2496//129 2499//129 1338//132
f 1336//133 2493//129 2496//129 1337//133
f 2502//134 2503//135 2506//135 2505//134
f 2503//135 2504//136 2507//136 2506//135
f 2505//134 2506//135 2509//135 2508//134
f 2506//135 2507//136 2510//136 2509//135
f 101//105 1317//134 2502//134 1335//105
f 1317//134 1316//135 2503//135 2502//134
f 1316//135 1315//136 2504//136 2503//135
f 1315//136 102//132 1336//133 2504//136
f 2504//136 1336//133 1337//133 2507//136
f 2507//136 1337//133 1338//132 2510//136
f 2510//136 1338//132 106//74 1339//96
f 2509//135 2510//136 1339//96 1340//95
f 2508//134 2509//135 1340//95 1341//94
f 1333//105 2508//134 1341//94 105//15
f 1334//105 2505//134 2508//134 1333//105
f 1335//105 2502//134 2505//134 1334//105
f 2511//100 2512//101 2515//101 2514//100
f 2512//101 2513//102 2516//102 2515//101
f 2514//100 2515//101 2518//101 2517//100
f 2515//101 2516//102 2519//102 2518//101
f 100//103 1308//100 2511//100 1324//104
f 1308//100 1307//101 2512//101 2511//100
f 1307//101 1306//102 2513//102 2512//101
f 1306//102 97//105 1311//105 2513//102
f 2513//102 1311//105 1310//105 2516//102
f 2516//102 1310//105 1309//105 2519//102
f 2519//102 1309//105 101//105 1330//102
f 2518//101 2519//102 1330//102 1331//101
f 2517//100 2518//101 1331//101 1332//100
f 1326//103 2517//100 1332//100 104//103
f 1325//104 2514//100 2517//100 1326//103
f 1324//104 2511//100 2514//100 1325//104
f 2520//125 2521//126 2524//126 2523//125
f 2521//126 2522//127 2525//127 2524//126
f 2523//125 2524//126 2527//126 2526//125
f 2524//126 2525//127 2528//127 2527//126
f 99//128 1305//125 2520//125 1318//128
f 1305//125 1304//126 2521//126 2520//125
f 1304//126 1303//127 2522//127 2521//126
f 1303//127 100//103 1324//104 2522//127
f 2522//127 1324//104 1325//104 2525//127
f 2525//127 1325//104 1326//103 2528//127
f 2528//127 1326//103 104//103 1327//127
f 2527//126 2528//127 1327//127 1328//126
f 2526//125 2527//126 1328//126 1329//125
f 1320//128 2526//125 1329//125 103//128
f 1319//128 2523//125 2526//125 1320//128
f 1318//128 2520//125 2523//125 1319//128
f 2530//137 2531//138 2529//139 2535//140
f 2532//141 2533//142 2529//139 2531//138
f 2534//143 2535//140 2529//139 2533//142
f 281//144 405//145 2530//137 340//146
f 405//145 404//147 2531//138 2530//137
f 340//146 2530//137 2535//140 341//148
f 26//149 354//150 2532//141 403//151
f 354//150 353//152 2533//142 2532//141
f 403//151 2532//141 2531//138 404//147
f 25//153 342//154 2534//143 352//155
f 342//154 341//148 2535//140 2534//143
f 352//155 2534//143 2533//142 353//152
f 2536//129 2537//130 2540//130 2539//129
f 2537//130 2538//131 2541//131 2540//130
f 2539//129 2540//130 2543//130 2542//129
f 2540//130 2541//131 2544//131 2543//130
f 98//133 1299//129 2536//129 1312//133
f 1299//129 1298//130 2537//130 2536//129
f 1298//130 1297//131 2538//131 2537//130
f 1297//131 99//128 1318//128 2538//131
f 2538//131 1318//128 1319//128 2541//131
f 2541//131 1319//128 1320//128 2544//131
f 2544//131 1320//128 103//128 1321//131
f 2543//130 2544//131 1321//131 1322//130
f 2542//129 2543//130 1322//130 1323//129
f 1314//133 2542//129 1323//129 102//132
f 1313//133 2539//129 2542//129 1314//133
f 1312//133 2536//129 2539//129 1313//133
f 2545//134 2546//135 2549//135 2548//134
f 2546//135 2547//136 2550//136 2549//135
f 2548//134 2549//135 2552//135 2551//134
f 2549//135 2550//136 2553//136 2552//135
f 97//105 1293//134 2545//134 1311//105
f 1293//134 1292//135 2546//135 2545//134
f 1292//135 1291//136 2547//136 2546//135
f 1291//136 98//133 1312//133 2547//136
f 2547//136 1312//133 1313//133 2550//136
f 2550//136 1313//133 1314//133 2553//136
f 2553//136 1314//133 102//132 1315//136
f 2552//135 2553//136 1315//136 1316//135
f 2551//134 2552//135 1316//135 1317//134
f 1309//105 2551//134 1317//134 101//105
f 1310//105 2548//134 2551//134 1309//105
f 1311//105 2545//134 2548//134 1310//105
f 2554//100 2555//101 2558//101 2557//100
f 2555//101 2556//102 2559//102 2558//101
f 2557//100 2558//101 2561//101 2560//100
f 2558//101 2559//102 2562//102 2561//101
f 96//103 1284//100 2554//100 1300//103
f 1284//100 1283//101 2555//101 2554//100
f 1283//101 1282//102 2556//102 2555//101
f 1282//102 93//105 1287//105 2556//102
f 2556//102 1287//105 1286//105 2559//102
f 2559//102 1286//105 1285//105 2562//102
f 2562//102 1285//105 97//105 1306//102
f 2561//101 2562//102 1306//102 1307//101
f 2560//100 2561//101 1307//101 1308//100
f 1302//104 2560//100 1308//100 100//103
f 1301//104 2557//100 2560//100 1302//104
f 1300//103 2554//100 2557//100 1301//104
f 2563//125 2564//126 2567//126 2566//125
f 2564//126 2565//127 2568//127 2567//126
f 2566//125 2567//126 2570//126 2569//125
f 2567//126 2568//127 2571//127 2570//126
f 95//128 1281//125 2563//125 1294//128
f 1281//125 1280//126 2564//126 2563//125
f 1280//126 1279//127 2565//127 2564//126
f 1279//127 96//103 1300//103 2565//127
f 2565//127 1300//103 1301//104 2568//127
f 2568//127 1301//104 1302//104 2571//127
f 2571//127 1302//104 100//103 1303//127
f 2570//126 2571//127 1303//127 1304//126
f 2569//125 2570//126 1304//126 1305//125
f 1296//128 2569//125 1305//125 99//128
f 1295//128 2566//125 2569//125 1296//128
f 1294//128 2563//125 2566//125 1295//128
f 2572//129 2573//130 2576//130 2575//129
f 2573//130 2574//131 2577//131 2576//130
f 2575//129 2576//130 2579//130 2578//129
f 2576//130 2577//131 2580//131 2579//130
f 94//132 1275//129 2572//129 1288//133
f 1275//129 1274//130 2573//130 2572//129
f 1274//130 1273//131 2574//131 2573//130
f 1273//131 95//128 1294//128 2574//131
f 2574//131 1294//128 1295//128 2577//131
f 2577//131 1295//128 1296//128 2580//131
f 2580//131 1296//128 99//128 1297//131
f 2579//130 2580//131 1297//131 1298//130
f 2578//129 2579//130 1298//130 1299//129
f 1290//133 2578//129 1299//129 98//133
f 1289//133 2575//129 2578//129 1290//133
f 1288//133 2572//129 2575//129 1289//133
f 2581//134 2582//135 2585//135 2584//134
f 2582//135 2583//136 2586//136 2585//135
f 2584//134 2585//135 2588//135 2587//134
f 2585//135 2586//136 2589//136 2588//135
f 93//105 1269//134 2581//134 1287//105
f 1269//134 1268//135 2582//135 2581//134
f 1268//135 1267//136 2583//136 2582//135
f 1267//136 94//132 1288//133 2583//136
f 2583//136 1288//133 1289//133 2586//136
f 2586//136 1289//133 1290//133 2589//136
f 2589//136 1290//133 98//133 1291//136
f 2588//135 2589//136 1291//136 1292//135
f 2587//134 2588//135 1292//135 1293//134
f 1285//105 2587//134 1293//134 97//105
f 1286//105 2584//134 2587//134 1285//105
f 1287//105 2581//134 2584//134 1286//105
f 2590//100 2591//101 2594//101 2593//100
f 2591//101 2592//102 2595//102 2594//101
f 2593//100 2594//101 2597//101 2596//100
f 2594//101 2595//102 2598//102 2597//101
f 92//156 1260//157 2590//100 1276//103
f 1260//157 1259//158 2591//101 2590//100
f 1259//158 1258//159 2592//102 2591//101
f 1258//159 89//160 1263//105 2592//102
f 2592//102 1263//105 1262//105 2595//102
f 2595//102 1262//105 1261//105 2598//102
f 2598//102 1261//105 93//105 1282//102
f 2597//101 2598//102 1282//102 1283//101
f 2596//100 2597//101 1283//101 1284//100
f 1278//103 2596//100 1284//100 96//103
f 1277//103 2593//100 2596//100 1278//103
f 1276//103 2590//100 2593//100 1277//103
f 2599//125 2600//126 2603//126 2602//125
f 2600//126 2601//127 2604//127 2603//126
f 2602//125 2603//126 2606//126 2605//125
f 2603//126 2604//127 2607//127 2606//126
f 91//161 1257//162 2599//125 1270//128
f 1257//162 1256//163 2600//126 2599//125
f 1256//163 1255//164 2601//127 2600//126
f 1255//164 92//156 1276//103 2601//127
f 2601//127 1276//103 1277//103 2604//127
f 2604//127 1277//103 1278//103 2607//127
f 2607//127 1278//103 96//103 1279//127
f 2606//126 2607//127 1279//127 1280//126
f 2605//125 2606//126 1280//126 1281//125
f 1272//128 2605//125 1281//125 95//128
f 1271//128 2602//125 2605//125 1272//128
f 1270//128 2599//125 2602//125 1271//128
f 2608//129 2609//130 2612//130 2611//129
f 2609//130 2610//131 2613//131 2612//130
f 2611//129 2612//130 2615//130 2614//129
f 2612//130 2613//131 2616//131 2615//130
f 90//165 1251//166 2608//129 1264//133
f 1251//166 1250//167 2609//130 2608//129
f 1250//167 1249//168 2610//131 2609//130
f 1249//168 91//161 1270//128 2610//131
f 2610//131 1270//128 1271//128 2613//131
f 2613//131 1271//128 1272//128 2616//131
f 2616//131 1272//128 95//128 1273//131
f 2615//130 2616//131 1273//131 1274//130
f 2614//129 2615//130 1274//130 1275//129
f 1266//132 2614//129 1275//129 94//132
f 1265//133 2611//129 2614//129 1266//132
f 1264//133 2608//129 2611//129 1265//133
f 2618//169 2619//170 2617//171 2623//172
f 2620//173 2621//174 2617//171 2619//170
f 2622//175 2623//172 2617//171 2621//174
f 334//176 463//177 2618//169 397//178
f 463//177 464//179 2619//170 2618//169
f 397//178 2618//169 2623//172 398//180
f 56//181 466//182 2620//173 465//183
f 466//182 467//184 2621//174 2620//173
f 465//183 2620//173 2619//170 464//179
f 58//185 399//186 2622//175 468//187
f 399//186 398//180 2623//172 2622//175
f 468//187 2622//175 2621//174 467//184
f 2624//134 2625//135 2628//135 2627//134
f 2625//135 2626//136 2629//136 2628//135
f 2627//134 2628//135 2631//135 2630//134
f 2628//135 2629//136 2632//136 2631//135
f 89//160 1245//188 2624//134 1263//105
f 1245//188 1244//189 2625//135 2624//134
f 1244//189 1243//190 2626//136 2625//135
f 1243//190 90//165 1264//133 2626//136
f 2626//136 1264//133 1265//133 2629//136
f 2629//136 1265//133 1266//132 2632//136
f 2632//136 1266//132 94//132 1267//136
f 2631//135 2632//136 1267//136 1268//135
f 2630//134 2631//135 1268//135 1269//134
f 1261//105 2630//134 1269//134 93//105
f 1262//105 2627//134 2630//134 1261//105
f 1263//105 2624//134 2627//134 1262//105
f 2633//191 2634//192 2637//193 2636//194
f 2634//192 2635//195 2638//196 2637//193
f 2636//194 2637//193 2640//197 2639//198
f 2637//193 2638//196 2641//199 2640//197
f 88//200 636//201 2633//191 1252//202
f 636//201 635//203 2634//192 2633//191
f 635//203 634//204 2635//195 2634//192
f 634//204 85//205 1239//206 2635//195
f 2635//195 1239//206 1238//207 2638//196
f 2638//196 1238//207 1237//208 2641//199
f 2641//199 1237//208 89//160 1258//159
f 2640//197 2641//199 1258//159 1259//158
f 2639//198 2640//197 1259//158 1260//157
f 1254//209 2639//198 1260//157 92//156
f 1253//210 2636//194 2639//198 1254//209
f 1252//202 2633//191 2636//194 1253//210
f 2642//211 2643//212 2646//213 2645//214
f 2643//212 2644//215 2647//216 2646//213
f 2645//214 2646//213 2649//217 2648//218
f 2646//213 2647//216 2650//219 2649//217
f 87//220 600//221 2642//211 1246//222
f 600//221 599//223 2643//212 2642//211
f 599//223 598//224 2644//215 2643//212
f 598//224 88//200 1252//202 2644//215
f 2644//215 1252//202 1253//210 2647//216
f 2647//216 1253//210 1254//209 2650//219
f 2650//219 1254//209 92//156 1255//164
f 2649//217 2650//219 1255//164 1256//163
f 2648//218 2649//217 1256//163 1257//162
f 1248//225 2648//218 1257//162 91//161
f 1247//226 2645//214 2648//218 1248//225
f 1246//222 2642//211 2645//214 1247//226
f 2651//227 2652//228 2655//229 2654//230
f 2652//228 2653//231 2656//232 2655//229
f 2654//230 2655//229 2658//233 2657//234
f 2655//229 2656//232 2659//235 2658//233
f 86//236 651//237 2651//227 1240//238
f 651//237 650//239 2652//228 2651//227
f 650//239 649//240 2653//231 2652//228
f 649//240 87//220 1246//222 2653//231
f 2653//231 1246//222 1247//226 2656//232
f 2656//232 1247//226 1248//225 2659//235
f 2659//235 1248//225 91//161 1249//168
f 2658//233 2659//235 1249//168 1250//167
f 2657//234 2658//233 1250//167 1251//166
f 1242//241 2657//234 1251//166 90//165
f 1241//242 2654//230 2657//234 1242//241
f 1240//238 2651//227 2654//230 1241//242
f 2660//243 2661//244 2664//245 2663//246
f 2661//244 2662//247 2665//248 2664//245
f 2663//246 2664//245 2667//249 2666//250
f 2664//245 2665//248 2668//251 2667//249
f 85//205 652//252 2660//243 1239//206
f 652//252 653//253 2661//244 2660//243
f 653//253 654//254 2662//247 2661//244
f 654//254 86//236 1240//238 2662//247
f 2662//247 1240//238 1241//242 2665//248
f 2665//248 1241//242 1242//241 2668//251
f 2668//251 1242//241 90//165 1243//190
f 2667//249 2668//251 1243//190 1244//189
f 2666//250 2667//249 1244//189 1245//188
f 1237//208 2666//250 1245//188 89//160
f 1238//207 2663//246 2666//250 1237//208
f 1239//206 2660//243 2663//246 1238//207
f 2669//255 2670//256 2673//257 2672//258
f 2670//256 2671//259 2674//260 2673//257
f 2672//258 2673//257 2676//261 2675//262
f 2673//257 2674//260 2677//263 2676//261
f 84//264 645//265 2669//255 1234//266
f 645//265 644//267 2670//256 2669//255
f 644//267 643//268 2671//259 2670//256
f 643//268 81//269 1227//270 2671//259
f 2671//259 1227//270 1226//271 2674//260
f 2674//260 1226//271 1225//272 2677//263
f 2677//263 1225//272 77//273 1224//274
f 2676//261 2677//263 1224//274 1223//275
f 2675//262 2676//261 1223//275 1222//276
f 1236//277 2675//262 1222//276 80//278
f 1235//279 2672//258 2675//262 1236//277
f 1234//266 2669//255 2672//258 1235//279
f 2678//280 2679//281 2682//282 2681//283
f 2679//281 2680//284 2683//285 2682//282
f 2681//283 2682//282 2685//286 2684//287
f 2682//282 2683//285 2686//288 2685//286
f 83//289 615//290 2678//280 1231//291
f 615//290 614//292 2679//281 2678//280
f 614//292 613//293 2680//284 2679//281
f 613//293 84//264 1234//266 2680//284
f 2680//284 1234//266 1235//279 2683//285
f 2683//285 1235//279 1236//277 2686//288
f 2686//288 1236//277 80//278 1218//294
f 2685//286 2686//288 1218//294 1217//295
f 2684//287 2685//286 1217//295 1216//296
f 1233//297 2684//287 1216//296 79//298
f 1232//299 2681//283 2684//287 1233//297
f 1231//291 2678//280 2681//283 1232//299
f 2687//300 2688//301 2691//302 2690//303
f 2688//301 2689//304 2692//305 2691//302
f 2690//303 2691//302 2694//306 2693//307
f 2691//302 2692//305 2695//308 2694//306
f 82//309 624//310 2687//300 1228//311
f 624//310 623//312 2688//301 2687//300
f 623//312 622//313 2689//304 2688//301
f 622//313 83//289 1231//291 2689//304
f 2689//304 1231//291 1232//299 2692//305
f 2692//305 1232//299 1233//297 2695//308
f 2695//308 1233//297 79//298 1212//314
f 2694//306 2695//308 1212//314 1211//315
f 2693//307 2694//306 1211//315 1210//316
f 1230//317 2693//307 1210//316 78//318
f 1229//319 2690//303 2693//307 1230//317
f 1228//311 2687//300 2690//303 1229//319
f 2696//320 2697//321 2700//322 2699//323
f 2697//321 2698//324 2701//325 2700//322
f 2699//323 2700//322 2703//326 2702//327
f 2700//322 2701//325 2704//328 2703//326
f 81//269 658//329 2696//320 1227//270
f 658//329 659//330 2697//321 2696//320
f 659//330 660//331 2698//324 2697//321
f 660//331 82//309 1228//311 2698//324
f 2698//324 1228//311 1229//319 2701//325
f 2701//325 1229//319 1230//317 2704//328
f 2704//328 1230//317 78//318 1206//332
f 2703//326 2704//328 1206//332 1205//333
f 2702//327 2703//326 1205//333 1204//334
f 1225//272 2702//327 1204//334 77//273
f 1226//271 2699//323 2702//327 1225//272
f 1227//270 2696//320 2699//323 1226//271
f 2705//335 2706//130 2709//130 2708//335
f 2706//130 2707//336 2710//336 2709//130
f 2708//335 2709//130 2712//130 2711//335
f 2709//130 2710//336 2713//336 2712//130
f 80//278 1222//276 2705//335 1219//337
f 1222//276 1223//275 2706//130 2705//335
f 1223//275 1224//274 2707//336 2706//130
f 1224//274 77//273 1203//338 2707//336
f 2707//336 1203//338 1202//338 2710//336
f 2710//336 1202//338 1201//338 2713//336
f 2713//336 1201//338 73//338 1200//336
f 2712//130 2713//336 1200//336 1199//130
f 2711//335 2712//130 1199//130 1198//335
f 1221//337 2711//335 1198//335 76//337
f 1220//337 2708//335 2711//335 1221//337
f 1219//337 2705//335 2708//335 1220//337
f 2714//339 2715//340 2718//340 2717//339
f 2715//340 2716//341 2719//342 2718//340
f 2717//339 2718//340 2721//340 2720//339
f 2718//340 2719//342 2722//342 2721//340
f 79//298 1216//296 2714//339 1213//343
f 1216//296 1217//295 2715//340 2714//339
f 1217//295 1218//294 2716//341 2715//340
f 1218//294 80//278 1219//337 2716//341
f 2716//341 1219//337 1220//337 2719//342
f 2719//342 1220//337 1221//337 2722//342
f 2722//342 1221//337 76//337 1194//341
f 2721//340 2722//342 1194//341 1193//340
f 2720//339 2721//340 1193//340 1192//339
f 1215//343 2720//339 1192//339 75//343
f 1214//343 2717//339 2720//339 1215//343
f 1213//343 2714//339 2717//339 1214//343
f 2723//344 2724//101 2727//101 2726//344
f 2724//101 2725//345 2728//345 2727//101
f 2726//344 2727//101 2730//101 2729//344
f 2727//101 2728//345 2731//345 2730//101
f 78//318 1210//316 2723//344 1207//346
f 1210//316 1211//315 2724//101 2723//344
f 1211//315 1212//314 2725//345 2724//101
f 1212//314 79//298 1213//343 2725//345
f 2725//345 1213//343 1214//343 2728//345
f 2728//345 1214//343 1215//343 2731//345
f 2731//345 1215//343 75//343 1188//345
f 2730//101 2731//345 1188//345 1187//101
f 2729//344 2730//101 1187//101 1186//344
f 1209//346 2729//344 1186//344 74//346
f 1208//346 2726//344 2729//344 1209//346
f 1207//346 2723//344 2726//344 1208//346
f 2732//347 2733//348 2736//348 2735//347
f 2733//348 2734//349 2737//349 2736//348
f 2735//347 2736//348 2739//348 2738//347
f 2736//348 2737//349 2740//349 2739//348
f 77//273 1204//334 2732//347 1203//338
f 1204//334 1205//333 2733//348 2732//347
f 1205//333 1206//332 2734//349 2733//348
f 1206//332 78//318 1207//346 2734//349
f 2734//349 1207//346 1208//346 2737//349
f 2737//349 1208//346 1209//346 2740//349
f 2740//349 1209//346 74//346 1182//349
f 2739//348 2740//349 1182//349 1181//348
f 2738//347 2739//348 1181//348 1180//347
f 1201//338 2738//347 1180//347 73//338
f 1202//338 2735//347 2738//347 1201//338
f 1203//338 2732//347 2735//347 1202//338
f 2741//335 2742//130 2745//130 2744//335
f 2742//130 2743//336 2746//336 2745//130
f 2744//335 2745//130 2748//130 2747//335
f 2745//130 2746//336 2749//336 2748//130
f 76//337 1198//335 2741//335 1195//337
f 1198//335 1199//130 2742//130 2741//335
f 1199//130 1200//336 2743//336 2742//130
f 1200//336 73//338 1179//338 2743//336
f 2743//336 1179//338 1178//338 2746//336
f 2746//336 1178//338 1177//338 2749//336
f 2749//336 1177//338 69//338 1176//336
f 2748//130 2749//336 1176//336 1175//130
f 2747//335 2748//130 1175//130 1174//335
f 1197//337 2747//335 1174//335 72//337
f 1196//337 2744//335 2747//335 1197//337
f 1195//337 2741//335 2744//335 1196//337
f 2750//339 2751//340 2754//340 2753//339
f 2751//340 2752//341 2755//342 2754//340
f 2753//339 2754//340 2757//340 2756//339
f 2754//340 2755//342 2758//342 2757//340
f 75//343 1192//339 2750//339 1189//343
f 1192//339 1193//340 2751//340 2750//339
f 1193//340 1194//341 2752//341 2751//340
f 1194//341 76//337 1195//337 2752//341
f 2752//341 1195//337 1196//337 2755//342
f 2755//342 1196//337 1197//337 2758//342
f 2758//342 1197//337 72//337 1170//341
f 2757//340 2758//342 1170//341 1169//340
f 2756//339 2757//340 1169//340 1168//339
f 1191//343 2756//339 1168//339 71//343
f 1190//343 2753//339 2756//339 1191//343
f 1189//343 2750//339 2753//339 1190//343
f 2760//350 2761//351 2759//352 2765//353
f 2762//354 2763//355 2759//352 2761//351
f 2764//356 2765//353 2759//352 2763//355
f 141//357 595//358 2760//350 603//359
f 595//358 596//360 2761//351 2760//350
f 603//359 2760//350 2765//353 602//361
f 88//200 598//224 2762//354 597//362
f 598//224 599//223 2763//355 2762//354
f 597//362 2762//354 2761//351 596//360
f 87//220 601//363 2764//356 600//221
f 601//363 602//361 2765//353 2764//356
f 600//221 2764//356 2763//355 599//223
f 2767//364 2768//365 2766//366 2772//367
f 2769//368 2770//369 2766//366 2768//365
f 2771//370 2772//367 2766//366 2770//369
f 109//19 559//371 2767//364 517//372
f 559//371 560//373 2768//365 2767//364
f 517//372 2767//364 2772//367 518//374
f 4//375 562//376 2769//368 561//377
f 562//376 563//378 2770//369 2769//368
f 561//377 2769//368 2768//365 560//373
f 140//379 519//380 2771//370 564//381
f 519//380 518//374 2772//367 2771//370
f 564//381 2771//370 2770//369 563//378
f 2773//344 2774//101 2777//101 2776//344
f 2774//101 2775//345 2778//345 2777//101
f 2776//344 2777//101 2780//101 2779//344
f 2777//101 2778//345 2781//345 2780//101
f 74//346 1186//344 2773//344 1183//346
f 1186//344 1187//101 2774//101 2773//344
f 1187//101 1188//345 2775//345 2774//101
f 1188//345 75//343 1189//343 2775//345
f 2775//345 1189//343 1190//343 2778//345
f 2778//345 1190//343 1191//343 2781//345
f 2781//345 1191//343 71//343 1164//345
f 2780//101 2781//345 1164//345 1163//101
f 2779//344 2780//101 1163//101 1162//344
f 1185//346 2779//344 1162//344 70//346
f 1184//346 2776//344 2779//344 1185//346
f 1183//346 2773//344 2776//344 1184//346
f 2782//347 2783//348 2786//348 2785//347
f 2783//348 2784//349 2787//382 2786//348
f 2785//347 2786//348 2789//383 2788//347
f 2786//348 2787//382 2790//349 2789//383
f 73//338 1180//347 2782//347 1179//338
f 1180//347 1181//348 2783//348 2782//347
f 1181//348 1182//349 2784//349 2783//348
f 1182//349 74//346 1183//346 2784//349
f 2784//349 1183//346 1184//346 2787//382
f 2787//382 1184//346 1185//346 2790//349
f 2790//349 1185//346 70//346 1158//349
f 2789//383 2790//349 1158//349 1157//383
f 2788//347 2789//383 1157//383 1156//347
f 1177//338 2788//347 1156//347 69//338
f 1178//338 2785//347 2788//347 1177//338
f 1179//338 2782//347 2785//347 1178//338
f 2792//384 2793//385 2791//386 2797//387
f 2794//388 2795//389 2791//386 2793//385
f 2796//390 2797//387 2791//386 2795//389
f 3//391 571//392 2792//384 576//393
f 571//392 572//394 2793//385 2792//384
f 576//393 2792//384 2797//387 575//395
f 110//83 552//81 2794//388 573//396
f 552//81 551//80 2795//389 2794//388
f 573//396 2794//388 2793//385 572//394
f 111//44 574//397 2796//390 550//79
f 574//397 575//395 2797//387 2796//390
f 550//79 2796//390 2795//389 551//80
f 2798//335 2799//130 2802//130 2801//335
f 2799//130 2800//336 2803//336 2802//130
f 2801//335 2802//130 2805//130 2804//335
f 2802//130 2803//336 2806//336 2805//130
f 72//337 1174//335 2798//335 1171//337
f 1174//335 1175//130 2799//130 2798//335
f 1175//130 1176//336 2800//336 2799//130
f 1176//336 69//338 1155//338 2800//336
f 2800//336 1155//338 1154//338 2803//336
f 2803//336 1154//338 1153//338 2806//336
f 2806//336 1153//338 65//338 1152//336
f 2805//130 2806//336 1152//336 1151//130
f 2804//335 2805//130 1151//130 1150//335
f 1173//337 2804//335 1150//335 68//337
f 1172//337 2801//335 2804//335 1173//337
f 1171//337 2798//335 2801//335 1172//337
f 2808//398 2809//399 2807//400 2813//401
f 2810//402 2811//403 2807//400 2809//399
f 2812//404 2813//401 2807//400 2811//403
f 280//405 696//406 2808//398 685//407
f 696//406 695//408 2809//399 2808//398
f 685//407 2808//398 2813//401 686//409
f 197//410 675//411 2810//402 694//412
f 675//411 674//413 2811//403 2810//402
f 694//412 2810//402 2809//399 695//408
f 200//414 687//415 2812//404 673//416
f 687//415 686//409 2813//401 2812//404
f 673//416 2812//404 2811//403 674//413
f 2814//339 2815//340 2818//340 2817//339
f 2815//340 2816//341 2819//341 2818//340
f 2817//339 2818//340 2821//417 2820//339
f 2818//340 2819//341 2822//342 2821//417
f 71//343 1168//339 2814//339 1165//343
f 1168//339 1169//340 2815//340 2814//339
f 1169//340 1170//341 2816//341 2815//340
f 1170//341 72//337 1171//337 2816//341
f 2816//341 1171//337 1172//337 2819//341
f 2819//341 1172//337 1173//337 2822//342
f 2822//342 1173//337 68//337 1146//342
f 2821//417 2822//342 1146//342 1145//340
f 2820//339 2821//417 1145//340 1144//339
f 1167//343 2820//339 1144//339 67//343
f 1166//343 2817//339 2820//339 1167//343
f 1165//343 2814//339 2817//339 1166//343
f 2823//344 2824//101 2827//101 2826//344
f 2824//101 2825//345 2828//345 2827//101
f 2826//344 2827//101 2830//101 2829//344
f 2827//101 2828//345 2831//345 2830//101
f 70//346 1162//344 2823//344 1159//346
f 1162//344 1163//101 2824//101 2823//344
f 1163//101 1164//345 2825//345 2824//101
f 1164//345 71//343 1165//343 2825//345
f 2825//345 1165//343 1166//343 2828//345
f 2828//345 1166//343 1167//343 2831//345
f 2831//345 1167//343 67//343 1140//345
f 2830//101 2831//345 1140//345 1139//101
f 2829//344 2830//101 1139//101 1138//344
f 1161//346 2829//344 1138//344 66//346
f 1160//346 2826//344 2829//344 1161//346
f 1159//346 2823//344 2826//344 1160//346
f 2832//347 2833//348 2836//348 2835//347
f 2833//348 2834//349 2837//349 2836//348
f 2835//347 2836//348 2839//383 2838//347
f 2836//348 2837//349 2840//349 2839//383
f 69//338 1156//347 2832//347 1155//338
f 1156//347 1157//383 2833//348 2832//347
f 1157//383 1158//349 2834//349 2833//348
f 1158//349 70//346 1159//346 2834//349
f 2834//349 1159//346 1160//346 2837//349
f 2837//349 1160//346 1161//346 2840//349
f 2840//349 1161//346 66//346 1134//349
f 2839//383 2840//349 1134//349 1133//348
f 2838//347 2839//383 1133//348 1132//347
f 1153//338 2838//347 1132//347 65//338
f 1154//338 2835//347 2838//347 1153//338
f 1155//338 2832//347 2835//347 1154//338
f 2841//335 2842//130 2845//130 2844//335
f 2842//130 2843//336 2846//336 2845//130
f 2844//335 2845//130 2848//130 2847//335
f 2845//130 2846//336 2849//336 2848//130
f 68//337 1150//335 2841//335 1147//337
f 1150//335 1151//130 2842//130 2841//335
f 1151//130 1152//336 2843//336 2842//130
f 1152//336 65//338 1131//338 2843//336
f 2843//336 1131//338 1130//338 2846//336
f 2846//336 1130//338 1129//338 2849//336
f 2849//336 1129//338 61//418 1128//419
f 2848//130 2849//336 1128//419 1127//420
f 2847//335 2848//130 1127//420 1126//421
f 1149//337 2847//335 1126//421 64//422
f 1148//337 2844//335 2847//335 1149//337
f 1147//337 2841//335 2844//335 1148//337
f 2850//339 2851//340 2854//340 2853//339
f 2851//340 2852//341 2855//341 2854//340
f 2853//339 2854//340 2857//340 2856//339
f 2854//340 2855//341 2858//342 2857//340
f 67//343 1144//339 2850//339 1141//343
f 1144//339 1145//340 2851//340 2850//339
f 1145//340 1146//342 2852//341 2851//340
f 1146//342 68//337 1147//337 2852//341
f 2852//341 1147//337 1148//337 2855//341
f 2855//341 1148//337 1149//337 2858//342
f 2858//342 1149//337 64//422 1122//423
f 2857//340 2858//342 1122//423 1121//424
f 2856//339 2857//340 1121//424 1120//425
f 1143//343 2856//339 1120//425 63//426
f 1142//343 2853//339 2856//339 1143//343
f 1141//343 2850//339 2853//339 1142//343
f 2859//344 2860//101 2863//101 2862//344
f 2860//101 2861//345 2864//345 2863//101
f 2862//344 2863//101 2866//101 2865//344
f 2863//101 2864//345 2867//345 2866//101
f 66//346 1138//344 2859//344 1135//346
f 1138//344 1139//101 2860//101 2859//344
f 1139//101 1140//345 2861//345 2860//101
f 1140//345 67//343 1141//343 2861//345
f 2861//345 1141//343 1142//343 2864//345
f 2864//345 1142//343 1143//343 2867//345
f 2867//345 1143//343 63//426 1116//427
f 2866//101 2867//345 1116//427 1115//428
f 2865//344 2866//101 1115//428 1114//429
f 1137//346 2865//344 1114//429 62//430
f 1136//346 2862//344 2865//344 1137//346
f 1135//346 2859//344 2862//344 1136//346
f 2868//347 2869//348 2872//383 2871//347
f 2869//348 2870//349 2873//349 2872//383
f 2871//347 2872//383 2875//348 2874//347
f 2872//383 2873//349 2876//349 2875//348
f 65//338 1132//347 2868//347 1131//338
f 1132//347 1133//348 2869//348 2868//347
f 1133//348 1134//349 2870//349 2869//348
f 1134//349 66//346 1135//346 2870//349
f 2870//349 1135//346 1136//346 2873//349
f 2873//349 1136//346 1137//346 2876//349
f 2876//349 1137//346 62//430 1110//431
f 2875//348 2876//349 1110//431 1109//432
f 2874//347 2875//348 1109//432 1108//433
f 1129//338 2874//347 1108//433 61//418
f 1130//338 2871//347 2874//347 1129//338
f 1131//338 2868//347 2871//347 1130//338
f 2877//434 2878//435 2881//436 2880//437
f 2878//435 2879//438 2882//439 2881//436
f 2880//437 2881//436 2884//440 2883//441
f 2881//436 2882//439 2885//442 2884//440
f 64//422 1126//421 2877//434 1123//443
f 1126//421 1127//420 2878//435 2877//434
f 1127//420 1128//419 2879//438 2878//435
f 1128//419 61//418 1107//444 2879//438
f 2879//438 1107//444 1106//445 2882//439
f 2882//439 1106//445 1105//446 2885//442
f 2885//442 1105//446 57//447 436//448
f 2884//440 2885//442 436//448 437//449
f 2883//441 2884//440 437//449 438//450
f 1125//451 2883//441 438//450 60//53
f 1124//452 2880//437 2883//441 1125//451
f 1123//443 2877//434 2880//437 1124//452
f 2886//453 2887//454 2890//455 2889//456
f 2887//454 2888//457 2891//458 2890//455
f 2889//456 2890//455 2893//459 2892//460
f 2890//455 2891//458 2894//461 2893//459
f 63//426 1120//425 2886//453 1117//462
f 1120//425 1121//424 2887//454 2886//453
f 1121//424 1122//423 2888//457 2887//454
f 1122//423 64//422 1123//443 2888//457
f 2888//457 1123//443 1124//452 2891//458
f 2891//458 1124//452 1125//451 2894//461
f 2894//461 1125//451 60//53 442//55
f 2893//459 2894//461 442//55 443//57
f 2892//460 2893//459 443//57 444//63
f 1119//463 2892//460 444//63 59//62
f 1118//464 2889//456 2892//460 1119//463
f 1117//462 2886//453 2889//456 1118//464
f 2895//465 2896//466 2899//467 2898//468
f 2896//466 2897//469 2900//470 2899//467
f 2898//468 2899//467 2902//471 2901//472
f 2899//467 2900//470 2903//473 2902//471
f 62//430 1114//429 2895//465 1111//474
f 1114//429 1115//428 2896//466 2895//465
f 1115//428 1116//427 2897//469 2896//466
f 1116//427 63//426 1117//462 2897//469
f 2897//469 1117//462 1118//464 2900//470
f 2900//470 1118//464 1119//463 2903//473
f 2903//473 1119//463 59//62 429//475
f 2902//471 2903//473 429//475 428//476
f 2901//472 2902//471 428//476 427//477
f 1113//478 2901//472 427//477 58//185
f 1112//479 2898//468 2901//472 1113//478
f 1111//474 2895//465 2898//468 1112//479
f 2904//480 2905//481 2908//482 2907//483
f 2905//481 2906//484 2909//485 2908//482
f 2907//483 2908//482 2911//486 2910//487
f 2908//482 2909//485 2912//488 2911//486
f 61//418 1108//433 2904//480 1107//444
f 1108//433 1109//432 2905//481 2904//480
f 1109//432 1110//431 2906//484 2905//481
f 1110//431 62//430 1111//474 2906//484
f 2906//484 1111//474 1112//479 2909//485
f 2909//485 1112//479 1113//478 2912//488
f 2912//488 1113//478 58//185 433//489
f 2911//486 2912//488 433//489 434//490
f 2910//487 2911//486 434//490 435//491
f 1105//446 2910//487 435//491 57//447
f 1106//445 2907//483 2910//487 1105//446
f 1107//444 2904//480 2907//483 1106//445
f 2913//492 2914//493 2917//494 2916//495
f 2914//493 2915//496 2918//497 2917//494
f 2916//495 2917//494 2920//498 2919//499
f 2917//494 2918//497 2921//500 2920//498
f 56//181 495//501 2913//492 1102//502
f 495//501 494//503 2914//493 2913//492
f 494//503 493//504 2915//496 2914//493
f 493//504 53//505 1095//506 2915//496
f 2915//496 1095//506 1094//507 2918//497
f 2918//497 1094//507 1093//508 2921//500
f 2921//500 1093//508 49//509 1092//510
f 2920//498 2921//500 1092//510 1091//511
f 2919//499 2920//498 1091//511 1090//512
f 1104//513 2919//499 1090//512 52//514
f 1103//515 2916//495 2919//499 1104//513
f 1102//502 2913//492 2916//495 1103//515
f 2922//516 2923//517 2926//518 2925//519
f 2923//517 2924//520 2927//521 2926//518
f 2925//519 2926//518 2929//522 2928//523
f 2926//518 2927//521 2930//524 2929//522
f 55//525 471//526 2922//516 1099//527
f 471//526 470//528 2923//517 2922//516
f 470//528 469//529 2924//520 2923//517
f 469//529 56//181 1102//502 2924//520
f 2924//520 1102//502 1103//515 2927//521
f 2927//521 1103//515 1104//513 2930//524
f 2930//524 1104//513 52//514 1086//530
f 2929//522 2930//524 1086//530 1085//531
f 2928//523 2929//522 1085//531 1084//532
f 1101//533 2928//523 1084//532 51//534
f 1100//535 2925//519 2928//523 1101//533
f 1099//527 2922//516 2925//519 1100//535
f 2931//536 2932//537 2935//538 2934//539
f 2932//537 2933//540 2936//541 2935//538
f 2934//539 2935//538 2938//542 2937//543
f 2935//538 2936//541 2939//544 2938//542
f 54//545 480//546 2931//536 1096//547
f 480//546 479//548 2932//537 2931//536
f 479//548 478//549 2933//540 2932//537
f 478//549 55//525 1099//527 2933//540
f 2933//540 1099//527 1100//535 2936//541
f 2936//541 1100//535 1101//533 2939//544
f 2939//544 1101//533 51//534 1080//550
f 2938//542 2939//544 1080//550 1079//551
f 2937//543 2938//542 1079//551 1078//552
f 1098//553 2937//543 1078//552 50//554
f 1097//555 2934//539 2937//543 1098//553
f 1096//547 2931//536 2934//539 1097//555
f 2941//556 2942//557 2940//558 2946//559
f 2943//560 2944//561 2940//558 2942//557
f 2945//562 2946//559 2940//558 2944//561
f 82//309 664//563 2941//556 625//564
f 664//563 665//565 2942//557 2941//556
f 625//564 2941//556 2946//559 626//566
f 85//205 633//567 2943//560 666//568
f 633//567 632//569 2944//561 2943//560
f 666//568 2943//560 2942//557 665//565
f 142//570 627//571 2945//562 631//572
f 627//571 626//566 2946//559 2945//562
f 631//572 2945//562 2944//561 632//569
f 2947//573 2948//574 2951//575 2950//576
f 2948//574 2949//577 2952//578 2951//575
f 2950//576 2951//575 2954//579 2953//580
f 2951//575 2952//578 2955//581 2954//579
f 53//505 501//582 2947//573 1095//506
f 501//582 500//583 2948//574 2947//573
f 500//583 499//584 2949//577 2948//574
f 499//584 54//545 1096//547 2949//577
f 2949//577 1096//547 1097//555 2952//578
f 2952//578 1097//555 1098//553 2955//581
f 2955//581 1098//553 50//554 1074//585
f 2954//579 2955//581 1074//585 1073//586
f 2953//580 2954//579 1073//586 1072//587
f 1093//508 2953//580 1072//587 49//509
f 1094//507 2950//576 2953//580 1093//508
f 1095//506 2947//573 2950//576 1094//507
f 2956//100 2957//101 2960//101 2959//100
f 2957//101 2958//102 2961//102 2960//101
f 2959//100 2960//101 2963//101 2962//100
f 2960//101 2961//102 2964//102 2963//101
f 52//514 1090//512 2956//100 1087//103
f 1090//512 1091//511 2957//101 2956//100
f 1091//511 1092//510 2958//102 2957//101
f 1092//510 49//509 1071//105 2958//102
f 2958//102 1071//105 1070//105 2961//102
f 2961//102 1070//105 1069//105 2964//102
f 2964//102 1069//105 45//105 1068//102
f 2963//101 2964//102 1068//102 1067//101
f 2962//100 2963//101 1067//101 1066//100
f 1089//104 2962//100 1066//100 48//104
f 1088//103 2959//100 2962//100 1089//104
f 1087//103 2956//100 2959//100 1088//103
f 2965//125 2966//126 2969//126 2968//125
f 2966//126 2967//127 2970//127 2969//126
f 2968//125 2969//126 2972//126 2971//125
f 2969//126 2970//127 2973//127 2972//126
f 51//534 1084//532 2965//125 1081//128
f 1084//532 1085//531 2966//126 2965//125
f 1085//531 1086//530 2967//127 2966//126
f 1086//530 52//514 1087//103 2967//127
f 2967//127 1087//103 1088//103 2970//127
f 2970//127 1088//103 1089//104 2973//127
f 2973//127 1089//104 48//104 1062//127
f 2972//126 2973//127 1062//127 1061//126
f 2971//125 2972//126 1061//126 1060//125
f 1083//128 2971//125 1060//125 47//128
f 1082//128 2968//125 2971//125 1083//128
f 1081//128 2965//125 2968//125 1082//128
f 2974//129 2975//130 2978//130 2977//129
f 2975//130 2976//131 2979//131 2978//130
f 2977//129 2978//130 2981//130 2980//129
f 2978//130 2979//131 2982//131 2981//130
f 50//554 1078//552 2974//129 1075//132
f 1078//552 1079//551 2975//130 2974//129
f 1079//551 1080//550 2976//131 2975//130
f 1080//550 51//534 1081//128 2976//131
f 2976//131 1081//128 1082//128 2979//131
f 2979//131 1082//128 1083//128 2982//131
f 2982//131 1083//128 47//128 1056//131
f 2981//130 2982//131 1056//131 1055//130
f 2980//129 2981//130 1055//130 1054//129
f 1077//132 2980//129 1054//129 46//132
f 1076//133 2977//129 2980//129 1077//132
f 1075//132 2974//129 2977//129 1076//133
f 2983//134 2984//135 2987//135 2986//134
f 2984//135 2985//136 2988//136 2987//135
f 2986//134 2987//135 2990//135 2989//134
f 2987//135 2988//136 2991//136 2990//135
f 49//509 1072//587 2983//134 1071//105
f 1072//587 1073//586 2984//135 2983//134
f 1073//586 1074//585 2985//136 2984//135
f 1074//585 50//554 1075//132 2985//136
f 2985//136 1075//132 1076//133 2988//136
f 2988//136 1076//133 1077//132 2991//136
f 2991//136 1077//132 46//132 1050//136
f 2990//135 2991//136 1050//136 1049//135
f 2989//134 2990//135 1049//135 1048//134
f 1069//105 2989//134 1048//134 45//105
f 1070//105 2986//134 2989//134 1069//105
f 1071//105 2983//134 2986//134 1070//105
f 2992//100 2993//101 2996//101 2995//100
f 2993//101 2994//102 2997//102 2996//101
f 2995//100 2996//101 2999//101 2998//100
f 2996//101 2997//102 3000//102 2999//101
f 48//104 1066//100 2992//100 1063//103
f 1066//100 1067//101 2993//101 2992//100
f 1067//101 1068//102 2994//102 2993//101
f 1068//102 45//105 1047//105 2994//102
f 2994//102 1047//105 1046//105 2997//102
f 2997//102 1046//105 1045//105 3000//102
f 3000//102 1045//105 41//105 1044//102
f 2999//101 3000//102 1044//102 1043//101
f 2998//100 2999//101 1043//101 1042//100
f 1065//104 2998//100 1042//100 44//104
f 1064//103 2995//100 2998//100 1065//104
f 1063//103 2992//100 2995//100 1064//103
f 3001//125 3002//126 3005//126 3004//125
f 3002//126 3003//127 3006//127 3005//126
f 3004//125 3005//126 3008//126 3007//125
f 3005//126 3006//127 3009//127 3008//126
f 47//128 1060//125 3001//125 1057//128
f 1060//125 1061//126 3002//126 3001//125
f 1061//126 1062//127 3003//127 3002//126
f 1062//127 48//104 1063//103 3003//127
f 3003//127 1063//103 1064//103 3006//127
f 3006//127 1064//103 1065//104 3009//127
f 3009//127 1065//104 44//104 1038//127
f 3008//126 3009//127 1038//127 1037//126
f 3007//125 3008//126 1037//126 1036//125
f 1059//128 3007//125 1036//125 43//128
f 1058//128 3004//125 3007//125 1059//128
f 1057//128 3001//125 3004//125 1058//128
f 3011//588 3012//589 3010//590 3016//591
f 3013//592 3014//593 3010//590 3012//589
f 3015//594 3016//591 3010//590 3014//593
f 308//595 721//596 3011//588 718//597
f 721//596 722//598 3012//589 3011//588
f 718//597 3011//588 3016//591 719//599
f 279//600 678//601 3013//592 723//602
f 678//601 677//603 3014//593 3013//592
f 723//602 3013//592 3012//589 722//598
f 199//604 720//605 3015//594 676//606
f 720//605 719//599 3016//591 3015//594
f 676//606 3015//594 3014//593 677//603
f 3017//129 3018//130 3021//130 3020//129
f 3018//130 3019//131 3022//131 3021//130
f 3020//129 3021//130 3024//130 3023//129
f 3021//130 3022//131 3025//131 3024//130
f 46//132 1054//129 3017//129 1051//133
f 1054//129 1055//130 3018//130 3017//129
f 1055//130 1056//131 3019//131 3018//130
f 1056//131 47//128 1057//128 3019//131
f 3019//131 1057//128 1058//128 3022//131
f 3022//131 1058//128 1059//128 3025//131
f 3025//131 1059//128 43//128 1032//131
f 3024//130 3025//131 1032//131 1031//130
f 3023//129 3024//130 1031//130 1030//129
f 1053//132 3023//129 1030//129 42//132
f 1052//133 3020//129 3023//129 1053//132
f 1051//133 3017//129 3020//129 1052//133
f 3026//134 3027//135 3030//135 3029//134
f 3027//135 3028//136 3031//136 3030//135
f 3029//134 3030//135 3033//135 3032//134
f 3030//135 3031//136 3034//136 3033//135
f 45//105 1048//134 3026//134 1047//105
f 1048//134 1049//135 3027//135 3026//134
f 1049//135 1050//136 3028//136 3027//135
f 1050//136 46//132 1051//133 3028//136
f 3028//136 1051//133 1052//133 3031//136
f 3031//136 1052//133 1053//132 3034//136
f 3034//136 1053//132 42//132 1026//136
f 3033//135 3034//136 1026//136 1025//135
f 3032//134 3033//135 1025//135 1024//134
f 1045//105 3032//134 1024//134 41//105
f 1046//105 3029//134 3032//134 1045//105
f 1047//105 3026//134 3029//134 1046//105
f 3035//100 3036//101 3039//101 3038//100
f 3036//101 3037//102 3040//102 3039//101
f 3038//100 3039//101 3042//101 3041//100
f 3039//101 3040//102 3043//102 3042//101
f 44//104 1042//100 3035//100 1039//104
f 1042//100 1043//101 3036//101 3035//100
f 1043//101 1044//102 3037//102 3036//101
f 1044//102 41//105 1023//105 3037//102
f 3037//102 1023//105 1022//105 3040//102
f 3040//102 1022//105 1021//105 3043//102
f 3043//102 1021//105 37//105 1020//102
f 3042//101 3043//102 1020//102 1019//101
f 3041//100 3042//101 1019//101 1018//100
f 1041//103 3041//100 1018//100 40//103
f 1040//104 3038//100 3041//100 1041//103
f 1039//104 3035//100 3038//100 1040//104
f 3044//125 3045//126 3048//126 3047//125
f 3045//126 3046//127 3049//127 3048//126
f 3047//125 3048//126 3051//126 3050//125
f 3048//126 3049//127 3052//127 3051//126
f 43//128 1036//125 3044//125 1033//128
f 1036//125 1037//126 3045//126 3044//125
f 1037//126 1038//127 3046//127 3045//126
f 1038//127 44//104 1039//104 3046//127
f 3046//127 1039//104 1040//104 3049//127
f 3049//127 1040//104 1041//103 3052//127
f 3052//127 1041//103 40//103 1014//127
f 3051//126 3052//127 1014//127 1013//126
f 3050//125 3051//126 1013//126 1012//125
f 1035//128 3050//125 1012//125 39//128
f 1034//128 3047//125 3050//125 1035//128
f 1033//128 3044//125 3047//125 1034//128
f 3053//129 3054//130 3057//130 3056//129
f 3054//130 3055//131 3058//131 3057//130
f 3056//129 3057//130 3060//130 3059//129
f 3057//130 3058//131 3061//131 3060//130
f 42//132 1030//129 3053//129 1027//133
f 1030//129 1031//130 3054//130 3053//129
f 1031//130 1032//131 3055//131 3054//130
f 1032//131 43//128 1033//128 3055//131
f 3055//131 1033//128 1034//128 3058//131
f 3058//131 1034//128 1035//128 3061//131
f 3061//131 1035//128 39//128 1008//131
f 3060//130 3061//131 1008//131 1007//130
f 3059//129 3060//130 1007//130 1006//129
f 1029//133 3059//129 1006//129 38//132
f 1028//133 3056//129 3059//129 1029//133
f 1027//133 3053//129 3056//129 1028//133
f 3062//134 3063//135 3066//135 3065//134
f 3063//135 3064//136 3067//136 3066//135
f 3065//134 3066//135 3069//135 3068//134
f 3066//135 3067//136 3070//136 3069//135
f 41//105 1024//134 3062//134 1023//105
f 1024//134 1025//135 3063//135 3062//134
f 1025//135 1026//136 3064//136 3063//135
f 1026//136 42//132 1027//133 3064//136
f 3064//136 1027//133 1028//133 3067//136
f 3067//136 1028//133 1029//133 3070//136
f 3070//136 1029//133 38//132 1002//136
f 3069//135 3070//136 1002//136 1001//135
f 3068//134 3069//135 1001//135 1000//134
f 1021//105 3068//134 1000//134 37//105
f 1022//105 3065//134 3068//134 1021//105
f 1023//105 3062//134 3065//134 1022//105
f 3071//100 3072//101 3075//101 3074//100
f 3072//101 3073//102 3076//102 3075//101
f 3074//100 3075//101 3078//101 3077//100
f 3075//101 3076//102 3079//102 3078//101
f 40//103 1018//100 3071//100 1015//104
f 1018//100 1019//101 3072//101 3071//100
f 1019//101 1020//102 3073//102 3072//101
f 1020//102 37//105 999//105 3073//102
f 3073//102 999//105 998//105 3076//102
f 3076//102 998//105 997//105 3079//102
f 3079//102 997//105 33//607 996//608
f 3078//101 3079//102 996//608 995//609
f 3077//100 3078//101 995//609 994//610
f 1017//103 3077//100 994//610 36//611
f 1016//104 3074//100 3077//100 1017//103
f 1015//104 3071//100 3074//100 1016//104
f 3080//125 3081//126 3084//126 3083//125
f 3081//126 3082//127 3085//127 3084//126
f 3083//125 3084//126 3087//126 3086//125
f 3084//126 3085//127 3088//127 3087//126
f 39//128 1012//125 3080//125 1009//128
f 1012//125 1013//126 3081//126 3080//125
f 1013//126 1014//127 3082//127 3081//126
f 1014//127 40//103 1015//104 3082//127
f 3082//127 1015//104 1016//104 3085//127
f 3085//127 1016//104 1017//103 3088//127
f 3088//127 1017//103 36//611 969//612
f 3087//126 3088//127 969//612 968//613
f 3086//125 3087//126 968//613 967//614
f 1011//128 3086//125 967//614 35//615
f 1010//128 3083//125 3086//125 1011//128
f 1009//128 3080//125 3083//125 1010//128
f 3089//129 3090//130 3093//130 3092//129
f 3090//130 3091//131 3094//131 3093//130
f 3092//129 3093//130 3096//130 3095//129
f 3093//130 3094//131 3097//131 3096//130
f 38//132 1006//129 3089//129 1003//132
f 1006//129 1007//130 3090//130 3089//129
f 1007//130 1008//131 3091//131 3090//130
f 1008//131 39//128 1009//128 3091//131
f 3091//131 1009//128 1010//128 3094//131
f 3094//131 1010//128 1011//128 3097//131
f 3097//131 1011//128 35//615 345//616
f 3096//130 3097//131 345//616 344//617
f 3095//129 3096//130 344//617 343//618
f 1005//133 3095//129 343//618 34//619
f 1004//133 3092//129 3095//129 1005//133
f 1003//132 3089//129 3092//129 1004//133
f 3098//134 3099//135 3102//135 3101//134
f 3099//135 3100//136 3103//136 3102//135
f 3101//134 3102//135 3105//135 3104//134
f 3102//135 3103//136 3106//136 3105//135
f 37//105 1000//134 3098//134 999//105
f 1000//134 1001//135 3099//135 3098//134
f 1001//135 1002//136 3100//136 3099//135
f 1002//136 38//132 1003//132 3100//136
f 3100//136 1003//132 1004//133 3103//136
f 3103//136 1004//133 1005//133 3106//136
f 3106//136 1005//133 34//619 372//620
f 3105//135 3106//136 372//620 371//621
f 3104//134 3105//135 371//621 370//622
f 997//105 3104//134 370//622 33//607
f 998//105 3101//134 3104//134 997//105
f 999//105 3098//134 3101//134 998//105
f 3107//623 3108//624 3111//625 3110//626
f 3108//624 3109//627 3112//628 3111//625
f 3110//626 3111//625 3114//629 3113//630
f 3111//625 3112//628 3115//631 3114//629
f 36//611 994//610 3107//623 862//632
f 994//610 995//609 3108//624 3107//623
f 995//609 996//608 3109//627 3108//624
f 996//608 33//607 387//633 3109//627
f 3109//627 387//633 386//634 3112//628
f 3112//628 386//634 385//635 3115//631
f 3115//631 385//635 29//636 381//637
f 3114//629 3115//631 381//637 380//638
f 3113//630 3114//629 380//638 379//639
f 864//640 3113//630 379//639 32//113
f 863//641 3110//626 3113//630 864//640
f 862//632 3107//623 3110//626 863//641
f 3116//642 3117//643 3120//644 3119//645
f 3117//643 3118//646 3121//647 3120//644
f 3119//645 3120//644 3123//648 3122//649
f 3120//644 3121//647 3124//650 3123//648
f 35//615 967//614 3116//642 985//651
f 967//614 968//613 3117//643 3116//642
f 968//613 969//612 3118//646 3117//643
f 969//612 36//611 862//632 3118//646
f 3118//646 862//632 863//641 3121//647
f 3121//647 863//641 864//640 3124//650
f 3124//650 864//640 32//113 369//652
f 3123//648 3124//650 369//652 368//653
f 3122//649 3123//648 368//653 367//654
f 987//655 3122//649 367//654 31//656
f 986//657 3119//645 3122//649 987//655
f 985//651 3116//642 3119//645 986//657
f 3125//658 3126//659 3129//660 3128//661
f 3126//659 3127//662 3130//663 3129//660
f 3128//661 3129//660 3132//664 3131//665
f 3129//660 3130//663 3133//666 3132//664
f 34//619 343//618 3125//658 358//667
f 343//618 344//617 3126//659 3125//658
f 344//617 345//616 3127//662 3126//659
f 345//616 35//615 985//651 3127//662
f 3127//662 985//651 986//657 3130//663
f 3130//663 986//657 987//655 3133//666
f 3133//666 987//655 31//656 411//668
f 3132//664 3133//666 411//668 410//669
f 3131//665 3132//664 410//669 409//670
f 360//671 3131//665 409//670 30//672
f 359//673 3128//661 3131//665 360//671
f 358//667 3125//658 3128//661 359//673
f 3134//674 3135//675 3138//676 3137//677
f 3135//675 3136//678 3139//679 3138//676
f 3137//677 3138//676 3141//680 3140//681
f 3138//676 3139//679 3142//682 3141//680
f 33//607 370//622 3134//674 387//633
f 370//622 371//621 3135//675 3134//674
f 371//621 372//620 3136//678 3135//675
f 372//620 34//619 358//667 3136//678
f 3136//678 358//667 359//673 3139//679
f 3139//679 359//673 360//671 3142//682
f 3142//682 360//671 30//672 415//683
f 3141//680 3142//682 415//683 416//684
f 3140//681 3141//680 416//684 417//685
f 385//635 3140//681 417//685 29//636
f 386//634 3137//677 3140//681 385//635
f 387//633 3134//674 3137//677 386//634
f 3143//686 3144//687 3147//688 3146//689
f 3144//687 3145//690 3148//691 3147//688
f 3146//689 3147//688 3150//692 3149//693
f 3147//688 3148//691 3151//694 3150//692
f 28//122 348//695 3143//686 400//696
f 348//695 347//697 3144//687 3143//686
f 347//697 346//698 3145//690 3144//687
f 346//698 25//153 441//699 3145//690
f 3145//690 441//699 440//700 3148//691
f 3148//691 440//700 439//701 3151//694
f 3151//694 439//701 21//702 447//703
f 3150//692 3151//694 447//703 446//704
f 3149//693 3150//692 446//704 445//705
f 402//706 3149//693 445//705 24//707
f 401//708 3146//689 3149//693 402//706
f 400//696 3143//686 3146//689 401//708
f 3153//709 3154//710 3152//711 3158//712
f 3155//713 3156//714 3152//711 3154//710
f 3157//715 3158//712 3152//711 3156//714
f 309//716 811//717 3153//709 819//718
f 811//717 812//719 3154//710 3153//709
f 819//718 3153//709 3158//712 818//720
f 254//721 814//722 3155//713 813//723
f 814//722 815//724 3156//714 3155//713
f 813//723 3155//713 3154//710 812//719
f 253//725 817//726 3157//715 816//727
f 817//726 818//720 3158//712 3157//715
f 816//727 3157//715 3156//714 815//724
f 3159//728 3160//729 3163//730 3162//731
f 3160//729 3161//732 3164//733 3163//730
f 3162//731 3163//730 3166//734 3165//735
f 3163//730 3164//733 3167//736 3166//734
f 27//737 361//738 3159//728 412//739
f 361//738 362//740 3160//729 3159//728
f 362//740 363//741 3161//732 3160//729
f 363//741 28//122 400//696 3161//732
f 3161//732 400//696 401//708 3164//733
f 3164//733 401//708 402//706 3167//736
f 3167//736 402//706 24//707 483//742
f 3166//734 3167//736 483//742 482//743
f 3165//735 3166//734 482//743 481//744
f 414//745 3165//735 481//744 23//746
f 413//747 3162//731 3165//735 414//745
f 412//739 3159//728 3162//731 413//747
f 3168//748 3169//749 3172//750 3171//751
f 3169//749 3170//752 3173//753 3172//750
f 3171//751 3172//750 3175//754 3174//755
f 3172//750 3173//753 3176//756 3175//754
f 26//149 355//757 3168//748 424//758
f 355//757 356//759 3169//749 3168//748
f 356//759 357//760 3170//752 3169//749
f 357//760 27//737 412//739 3170//752
f 3170//752 412//739 413//747 3173//753
f 3173//753 413//747 414//745 3176//756
f 3176//756 414//745 23//746 504//761
f 3175//754 3176//756 504//761 503//762
f 3174//755 3175//754 503//762 502//763
f 426//764 3174//755 502//763 22//765
f 425//766 3171//751 3174//755 426//764
f 424//758 3168//748 3171//751 425//766
f 3178//767 3179//768 3177//769 3183//770
f 3180//771 3181//772 3177//769 3179//768
f 3182//773 3183//770 3177//769 3181//772
f 193//774 823//775 3178//767 534//776
f 823//775 824//777 3179//768 3178//767
f 534//776 3178//767 3183//770 533//778
f 224//779 805//780 3180//771 825//781
f 805//780 806//782 3181//772 3180//771
f 825//781 3180//771 3179//768 824//777
f 221//783 532//784 3182//773 807//785
f 532//784 533//778 3183//770 3182//773
f 807//785 3182//773 3181//772 806//782
f 3185//786 3186//787 3184//788 3190//789
f 3187//790 3188//791 3184//788 3186//787
f 3189//792 3190//789 3184//788 3188//791
f 255//793 826//794 3185//786 787//795
f 826//794 827//796 3186//787 3185//786
f 787//795 3185//786 3190//789 788//797
f 310//798 795//799 3187//790 828//800
f 795//799 794//801 3188//791 3187//790
f 828//800 3187//790 3186//787 827//796
f 250//802 789//803 3189//792 793//804
f 789//803 788//797 3190//789 3189//792
f 793//804 3189//792 3188//791 794//801
f 3191//805 3192//806 3195//807 3194//808
f 3192//806 3193//809 3196//810 3195//807
f 3194//808 3195//807 3198//811 3197//812
f 3195//807 3196//810 3199//813 3198//811
f 25//153 352//155 3191//805 441//699
f 352//155 353//152 3192//806 3191//805
f 353//152 354//150 3193//809 3192//806
f 354//150 26//149 424//758 3193//809
f 3193//809 424//758 425//766 3196//810
f 3196//810 425//766 426//764 3199//813
f 3199//813 426//764 22//765 543//814
f 3198//811 3199//813 543//814 542//815
f 3197//812 3198//811 542//815 541//816
f 439//701 3197//812 541//816 21//702
f 440//700 3194//808 3197//812 439//701
f 441//699 3191//805 3194//808 440//700
f 3200//345 3201//101 3204//101 3203//345
f 3201//101 3202//344 3205//344 3204//101
f 3203//345 3204//101 3207//101 3206//345
f 3204//101 3205//344 3208//344 3207//101
f 24//707 445//705 3200//345 475//343
f 445//705 446//704 3201//101 3200//345
f 446//704 447//703 3202//344 3201//101
f 447//703 21//702 549//346 3202//344
f 3202//344 549//346 548//346 3205//344
f 3205//344 548//346 547//346 3208//344
f 3208//344 547//346 17//346 570//344
f 3207//101 3208//344 570//344 569//101
f 3206//345 3207//101 569//101 568//345
f 477//343 3206//345 568//345 20//343
f 476//343 3203//345 3206//345 477//343
f 475//343 3200//345 3203//345 476//343
f 3209//342 3210//340 3213//340 3212//341
f 3210//340 3211//339 3214//339 3213//340
f 3212//341 3213//340 3216//340 3215//341
f 3213//340 3214//339 3217//339 3216//340
f 23//746 481//744 3209//342 496//337
f 481//744 482//743 3210//340 3209//342
f 482//743 483//742 3211//339 3210//340
f 483//742 24//707 475//343 3211//339
f 3211//339 475//343 476//343 3214//339
f 3214//339 476//343 477//343 3217//339
f 3217//339 477//343 20//343 606//339
f 3216//340 3217//339 606//339 605//340
f 3215//341 3216//340 605//340 604//342
f 498//337 3215//341 604//342 19//337
f 497//337 3212//341 3215//341 498//337
f 496//337 3209//342 3212//341 497//337
f 3218//336 3219//130 3222//130 3221//336
f 3219//130 3220//335 3223//335 3222//130
f 3221//336 3222//130 3225//130 3224//336
f 3222//130 3223//335 3226//335 3225//130
f 22//765 502//763 3218//336 520//338
f 502//763 503//762 3219//130 3218//336
f 503//762 504//761 3220//335 3219//130
f 504//761 23//746 496//337 3220//335
f 3220//335 496//337 497//337 3223//335
f 3223//335 497//337 498//337 3226//335
f 3226//335 498//337 19//337 630//335
f 3225//130 3226//335 630//335 629//130
f 3224//336 3225//130 629//130 628//336
f 522//338 3224//336 628//336 18//338
f 521//338 3221//336 3224//336 522//338
f 520//338 3218//336 3221//336 521//338
f 3227//349 3228//348 3231//348 3230//349
f 3228//348 3229//347 3232//347 3231//348
f 3230//349 3231//348 3234//348 3233//349
f 3231//348 3232//347 3235//347 3234//348
f 21//702 541//816 3227//349 549//346
f 541//816 542//815 3228//348 3227//349
f 542//815 543//814 3229//347 3228//348
f 543//814 22//765 520//338 3229//347
f 3229//347 520//338 521//338 3232//347
f 3232//347 521//338 522//338 3235//347
f 3235//347 522//338 18//338 648//347
f 3234//348 3235//347 648//347 647//383
f 3233//349 3234//348 647//383 646//349
f 547//346 3233//349 646//349 17//346
f 548//346 3230//349 3233//349 547//346
f 549//346 3227//349 3230//349 548//346
f 3236//345 3237//101 3240//101 3239//345
f 3237//101 3238//344 3241//344 3240//101
f 3239//345 3240//101 3243//101 3242//345
f 3240//101 3241//344 3244//344 3243//101
f 20//343 568//345 3236//345 586//343
f 568//345 569//101 3237//101 3236//345
f 569//101 570//344 3238//344 3237//101
f 570//344 17//346 669//346 3238//344
f 3238//344 669//346 668//346 3241//344
f 3241//344 668//346 667//346 3244//344
f 3244//344 667//346 13//346 684//344
f 3243//101 3244//344 684//344 683//101
f 3242//345 3243//101 683//101 682//345
f 588//343 3242//345 682//345 16//343
f 587//343 3239//345 3242//345 588//343
f 586//343 3236//345 3239//345 587//343
f 3246//817 3247//818 3245//819 3251//820
f 3248//821 3249//822 3245//819 3247//818
f 3250//823 3251//820 3245//819 3249//822
f 171//824 919//825 3246//817 927//826
f 919//825 920//827 3247//818 3246//817
f 927//826 3246//817 3251//820 926//828
f 165//829 922//830 3248//821 921//831
f 922//830 923//832 3249//822 3248//821
f 921//831 3248//821 3247//818 920//827
f 168//833 925//834 3250//823 924//835
f 925//834 926//828 3251//820 3250//823
f 924//835 3250//823 3249//822 923//832
f 3252//342 3253//340 3256//340 3255//341
f 3253//340 3254//339 3257//339 3256//340
f 3255//341 3256//340 3259//340 3258//341
f 3256//340 3257//339 3260//339 3259//340
f 19//337 604//342 3252//342 619//337
f 604//342 605//340 3253//340 3252//342
f 605//340 606//339 3254//339 3253//340
f 606//339 20//343 586//343 3254//339
f 3254//339 586//343 587//343 3257//339
f 3257//339 587//343 588//343 3260//339
f 3260//339 588//343 16//343 711//339
f 3259//340 3260//339 711//339 710//340
f 3258//341 3259//340 710//340 709//342
f 621//337 3258//341 709//342 15//337
f 620//337 3255//341 3258//341 621//337
f 619//337 3252//342 3255//341 620//337
f 3261//336 3262//130 3265//130 3264//336
f 3262//130 3263//335 3266//335 3265//130
f 3264//336 3265//130 3268//130 3267//336
f 3265//130 3266//335 3269//335 3268//130
f 18//338 628//336 3261//336 637//338
f 628//336 629//130 3262//130 3261//336
f 629//130 630//335 3263//335 3262//130
f 630//335 19//337 619//337 3263//335
f 3263//335 619//337 620//337 3266//335
f 3266//335 620//337 621//337 3269//335
f 3269//335 621//337 15//337 741//335
f 3268//130 3269//335 741//335 740//130
f 3267//336 3268//130 740//130 739//336
f 639//338 3267//336 739//336 14//338
f 638//338 3264//336 3267//336 639//338
f 637//338 3261//336 3264//336 638//338
f 3270//836 3271//837 3274//838 3273//839
f 3271//837 3272//840 3275//841 3274//838
f 3273//839 3274//838 3277//842 3276//843
f 3274//838 3275//841 3278//844 3277//842
f 221//783 838//845 3270//836 532//784
f 838//845 839//846 3271//837 3270//836
f 839//846 840//847 3272//840 3271//837
f 840//847 114//848 841//849 3272//840
f 3272//840 841//849 842//850 3275//841
f 3275//841 842//850 843//851 3278//844
f 3278//844 843//851 196//852 835//853
f 3277//842 3278//844 835//853 836//854
f 3276//843 3277//842 836//854 837//855
f 534//776 3276//843 837//855 193//774
f 533//778 3273//839 3276//843 534//776
f 532//784 3270//836 3273//839 533//778
f 3279//856 3280//857 3283//858 3282//859
f 3280//857 3281//860 3284//861 3283//858
f 3282//859 3283//858 3286//862 3285//863
f 3283//858 3284//861 3287//864 3286//862
f 87//220 607//865 3279//856 601//363
f 607//865 608//866 3280//857 3279//856
f 608//866 609//867 3281//860 3280//857
f 609//867 84//264 610//868 3281//860
f 3281//860 610//868 611//869 3284//861
f 3284//861 611//869 612//870 3287//864
f 3287//864 612//870 144//871 591//872
f 3286//862 3287//864 591//872 590//873
f 3285//863 3286//862 590//873 589//874
f 603//359 3285//863 589//874 141//357
f 602//361 3282//859 3285//863 603//359
f 601//363 3279//856 3282//859 602//361
f 3288//349 3289//348 3292//348 3291//349
f 3289//348 3290//347 3293//347 3292//348
f 3291//349 3292//348 3295//348 3294//349
f 3292//348 3293//347 3296//347 3295//348
f 17//346 646//349 3288//349 669//346
f 646//349 647//383 3289//348 3288//349
f 647//383 648//347 3290//347 3289//348
f 648//347 18//338 637//338 3290//347
f 3290//347 637//338 638//338 3293//347
f 3293//347 638//338 639//338 3296//347
f 3296//347 639//338 14//338 765//347
f 3295//348 3296//347 765//347 764//383
f 3294//349 3295//348 764//383 763//349
f 667//346 3294//349 763//349 13//346
f 668//346 3291//349 3294//349 667//346
f 669//346 3288//349 3291//349 668//346
f 3297//345 3298//101 3301//101 3300//345
f 3298//101 3299//344 3302//344 3301//101
f 3300//345 3301//101 3304//101 3303//345
f 3301//101 3302//344 3305//344 3304//101
f 16//343 682//345 3297//345 691//343
f 682//345 683//101 3298//101 3297//345
f 683//101 684//344 3299//344 3298//101
f 684//344 13//346 771//346 3299//344
f 3299//344 771//346 770//346 3302//344
f 3302//344 770//346 769//346 3305//344
f 3305//344 769//346 9//346 783//344
f 3304//101 3305//344 783//344 782//101
f 3303//345 3304//101 782//101 781//345
f 693//343 3303//345 781//345 12//343
f 692//343 3300//345 3303//345 693//343
f 691//343 3297//345 3300//345 692//343
f 3307//875 3308//876 3306//877 3312//878
f 3309//879 3310//880 3306//877 3308//876
f 3311//881 3312//878 3306//877 3310//880
f 116//882 907//883 3307//875 901//884
f 907//883 908//885 3308//876 3307//875
f 901//884 3307//875 3312//878 902//886
f 223//887 867//888 3309//879 909//889
f 867//888 866//890 3310//880 3309//879
f 909//889 3309//879 3308//876 908//885
f 194//891 903//892 3311//881 865//893
f 903//892 902//886 3312//878 3311//881
f 865//893 3311//881 3310//880 866//890
f 3313//342 3314//340 3317//340 3316//341
f 3314//340 3315//339 3318//339 3317//340
f 3316//341 3317//340 3320//417 3319//342
f 3317//340 3318//339 3321//339 3320//417
f 15//337 709//342 3313//342 715//337
f 709//342 710//340 3314//340 3313//342
f 710//340 711//339 3315//339 3314//340
f 711//339 16//343 691//343 3315//339
f 3315//339 691//343 692//343 3318//339
f 3318//339 692//343 693//343 3321//339
f 3321//339 693//343 12//343 801//339
f 3320//417 3321//339 801//339 800//340
f 3319//342 3320//417 800//340 799//342
f 717//337 3319//342 799//342 11//337
f 716//337 3316//341 3319//342 717//337
f 715//337 3313//342 3316//341 716//337
f 3322//336 3323//130 3326//130 3325//336
f 3323//130 3324//335 3327//335 3326//130
f 3325//336 3326//130 3329//130 3328//336
f 3326//130 3327//335 3330//335 3329//130
f 14//338 739//336 3322//336 748//338
f 739//336 740//130 3323//130 3322//336
f 740//130 741//335 3324//335 3323//130
f 741//335 15//337 715//337 3324//335
f 3324//335 715//337 716//337 3327//335
f 3327//335 716//337 717//337 3330//335
f 3330//335 717//337 11//337 834//335
f 3329//130 3330//335 834//335 833//130
f 3328//336 3329//130 833//130 832//336
f 750//338 3328//336 832//336 10//338
f 749//338 3325//336 3328//336 750//338
f 748//338 3322//336 3325//336 749//338
f 3331//349 3332//383 3335//348 3334//349
f 3332//383 3333//347 3336//347 3335//348
f 3334//349 3335//348 3338//348 3337//349
f 3335//348 3336//347 3339//347 3338//348
f 13//346 763//349 3331//349 771//346
f 763//349 764//383 3332//383 3331//349
f 764//383 765//347 3333//347 3332//383
f 765//347 14//338 748//338 3333//347
f 3333//347 748//338 749//338 3336//347
f 3336//347 749//338 750//338 3339//347
f 3339//347 750//338 10//338 873//347
f 3338//348 3339//347 873//347 872//348
f 3337//349 3338//348 872//348 871//349
f 769//346 3337//349 871//349 9//346
f 770//346 3334//349 3337//349 769//346
f 771//346 3331//349 3334//349 770//346
f 3340//345 3341//101 3344//101 3343//345
f 3341//101 3342//344 3345//344 3344//101
f 3343//345 3344//101 3347//101 3346//345
f 3344//101 3345//344 3348//344 3347//101
f 12//343 781//345 3340//345 790//343
f 781//345 782//101 3341//101 3340//345
f 782//101 783//344 3342//344 3341//101
f 783//344 9//346 891//346 3342//344
f 3342//344 891//346 890//346 3345//344
f 3345//344 890//346 889//346 3348//344
f 3348//344 889//346 5//894 906//895
f 3347//101 3348//344 906//895 905//896
f 3346//345 3347//101 905//896 904//897
f 792//343 3346//345 904//897 8//898
f 791//343 3343//345 3346//345 792//343
f 790//343 3340//345 3343//345 791//343
f 3349//342 3350//340 3353//340 3352//342
f 3350//340 3351//339 3354//339 3353//340
f 3352//342 3353//340 3356//340 3355//341
f 3353//340 3354//339 3357//339 3356//340
f 11//337 799//342 3349//342 829//337
f 799//342 800//340 3350//340 3349//342
f 800//340 801//339 3351//339 3350//340
f 801//339 12//343 790//343 3351//339
f 3351//339 790//343 791//343 3354//339
f 3354//339 791//343 792//343 3357//339
f 3357//339 792//343 8//898 930//899
f 3356//340 3357//339 930//899 929//900
f 3355//341 3356//340 929//900 928//901
f 831//337 3355//341 928//901 7//902
f 830//337 3352//342 3355//341 831//337
f 829//337 3349//342 3352//342 830//337
f 3358//336 3359//130 3362//130 3361//336
f 3359//130 3360//335 3363//335 3362//130
f 3361//336 3362//130 3365//130 3364//336
f 3362//130 3363//335 3366//335 3365//130
f 10//338 832//336 3358//336 850//338
f 832//336 833//130 3359//130 3358//336
f 833//130 834//335 3360//335 3359//130
f 834//335 11//337 829//337 3360//335
f 3360//335 829//337 830//337 3363//335
f 3363//335 830//337 831//337 3366//335
f 3366//335 831//337 7//902 954//903
f 3365//130 3366//335 954//903 953//904
f 3364//336 3365//130 953//904 952//905
f 852//338 3364//336 952//905 6//906
f 851//338 3361//336 3364//336 852//338
f 850//338 3358//336 3361//336 851//338
f 3367//349 3368//383 3371//348 3370//349
f 3368//383 3369//347 3372//347 3371//348
f 3370//349 3371//348 3374//348 3373//349
f 3371//348 3372//347 3375//347 3374//348
f 9//346 871//349 3367//349 891//346
f 871//349 872//348 3368//383 3367//349
f 872//348 873//347 3369//347 3368//383
f 873//347 10//338 850//338 3369//347
f 3369//347 850//338 851//338 3372//347
f 3372//347 851//338 852//338 3375//347
f 3375//347 852//338 6//906 981//907
f 3374//348 3375//347 981//907 980//908
f 3373//349 3374//348 980//908 979//909
f 889//346 3373//349 979//909 5//894
f 890//346 3370//349 3373//349 889//346
f 891//346 3367//349 3370//349 890//346
f 3376//910 3377//911 3380//912 3379//913
f 3377//911 3378//914 3381//915 3380//912
f 3379//913 3380//912 3383//916 3382//917
f 3380//912 3381//915 3384//918 3383//916
f 309//716 819//718 3376//910 808//919
f 819//718 818//720 3377//911 3376//910
f 818//720 817//726 3378//914 3377//911
f 817//726 253//725 772//920 3378//914
f 3378//914 772//920 773//921 3381//915
f 3381//915 773//921 774//922 3384//918
f 3384//918 774//922 252//923 768//924
f 3383//916 3384//918 768//924 767//925
f 3382//917 3383//916 767//925 766//926
f 810//927 3382//917 766//926 312//928
f 809//929 3379//913 3382//917 810//927
f 808//919 3376//910 3379//913 809//929
f 3385//930 3386//931 3389//932 3388//933
f 3386//931 3387//934 3390//935 3389//932
f 3388//933 3389//932 3392//936 3391//937
f 3389//932 3390//935 3393//938 3392//936
f 3//391 576//393 3385//930 579//939
f 576//393 575//395 3386//931 3385//930
f 575//395 574//397 3387//934 3386//931
f 574//397 111//44 507//940 3387//934
f 3387//934 507//940 506//941 3390//935
f 3390//935 506//941 505//942 3393//938
f 3393//938 505//942 138//943 546//944
f 3392//936 3393//938 546//944 545//945
f 3391//937 3392//936 545//945 544//946
f 577//947 3391//937 544//946 2//948
f 578//949 3388//933 3391//937 577//947
f 579//939 3385//930 3388//933 578//949
f 3394//950 3395//951 3398//952 3397//953
f 3395//951 3396//954 3399//955 3398//952
f 3397//953 3398//952 3401//956 3400//957
f 3398//952 3399//955 3402//958 3401//956
f 8//898 904//897 3394//950 910//959
f 904//897 905//896 3395//951 3394//950
f 905//896 906//895 3396//954 3395//951
f 906//895 5//894 993//960 3396//954
f 3396//954 993//960 992//961 3399//955
f 3399//955 992//961 991//962 3402//958
f 3402//958 991//962 1//963 567//964
f 3401//956 3402//958 567//964 566//965
f 3400//957 3401//956 566//965 565//966
f 912//967 3400//957 565//966 4//375
f 911//968 3397//953 3400//957 912//967
f 910//959 3394//950 3397//953 911//968
f 3403//969 3404//970 3407//971 3406//972
f 3404//970 3405//973 3408//974 3407//971
f 3406//972 3407//971 3410//975 3409//976
f 3407//971 3408//974 3411//977 3410//975
f 7//902 928//901 3403//969 943//978
f 928//901 929//900 3404//970 3403//969
f 929//900 930//899 3405//973 3404//970
f 930//899 8//898 910//959 3405//973
f 3405//973 910//959 911//968 3408//974
f 3408//974 911//968 912//967 3411//977
f 3411//977 912//967 4//375 580//979
f 3410//975 3411//977 580//979 581//980
f 3409//976 3410//975 581//980 582//981
f 945//982 3409//976 582//981 3//391
f 944//983 3406//972 3409//976 945//982
f 943//978 3403//969 3406//972 944//983
f 3412//984 3413//985 3416//986 3415//987
f 3413//985 3414//988 3417//989 3416//986
f 3415//987 3416//986 3419//990 3418//991
f 3416//986 3417//989 3420//992 3419//990
f 54//545 487//993 3412//984 484//994
f 487//993 488//995 3413//985 3412//984
f 488//995 489//996 3414//988 3413//985
f 489//996 336//997 448//998 3414//988
f 3414//988 448//998 449//999 3417//989
f 3417//989 449//999 450//1000 3420//992
f 3420//992 450//1000 335//58 451//60
f 3419//990 3420//992 451//60 452//56
f 3418//991 3419//990 452//56 453//54
f 486//1001 3418//991 453//54 60//53
f 485//1002 3415//987 3418//991 486//1001
f 484//994 3412//984 3415//987 485//1002
f 3421//1003 3422//1004 3425//1005 3424//1006
f 3422//1004 3423//1007 3426//1008 3425//1005
f 3424//1006 3425//1005 3428//1009 3427//1010
f 3425//1005 3426//1008 3429//1011 3428//1009
f 282//1012 423//1013 3421//1003 394//1014
f 423//1013 422//1015 3422//1004 3421//1003
f 422//1015 421//1016 3423//1007 3422//1004
f 421//1016 30//672 408//1017 3423//1007
f 3423//1007 408//1017 407//1018 3426//1008
f 3426//1008 407//1018 406//1019 3429//1011
f 3429//1011 406//1019 26//149 403//151
f 3428//1009 3429//1011 403//151 404//147
f 3427//1010 3428//1009 404//147 405//145
f 396//1020 3427//1010 405//145 281//144
f 395//1021 3424//1006 3427//1010 396//1020
f 394//1014 3421//1003 3424//1006 395//1021
f 3431//1022 3432//1023 3430//1024 3436//1025
f 3433//1026 3434//1027 3430//1024 3432//1023
f 3435//1028 3436//1025 3430//1024 3434//1027
f 226//1029 988//1030 3431//1022 949//1031
f 988//1030 989//1032 3432//1023 3431//1022
f 949//1031 3431//1022 3436//1025 950//1033
f 166//1034 957//1035 3433//1026 990//1036
f 957//1035 956//1037 3434//1027 3433//1026
f 990//1036 3433//1026 3432//1023 989//1032
f 170//1038 951//1039 3435//1028 955//1040
f 951//1039 950//1033 3436//1025 3435//1028
f 955//1040 3435//1028 3434//1027 956//1037
f 3437//1041 3438//1042 3441//1043 3440//1044
f 3438//1042 3439//1045 3442//1046 3441//1043
f 3440//1044 3441//1043 3444//1047 3443//1048
f 3441//1043 3442//1046 3445//1049 3444//1047
f 6//906 952//905 3437//1041 961//1050
f 952//905 953//904 3438//1042 3437//1041
f 953//904 954//903 3439//1045 3438//1042
f 954//903 7//902 943//978 3439//1045
f 3439//1045 943//978 944//983 3442//1046
f 3442//1046 944//983 945//982 3445//1049
f 3445//1049 945//982 3//391 579//939
f 3444//1047 3445//1049 579//939 578//949
f 3443//1048 3444//1047 578//949 577//947
f 963//1051 3443//1048 577//947 2//948
f 962//1052 3440//1044 3443//1048 963//1051
f 961//1050 3437//1041 3440//1044 962//1052
f 3446//1053 3447//1054 3450//1055 3449//1056
f 3447//1054 3448//1057 3451//1058 3450//1055
f 3449//1056 3450//1055 3453//1059 3452//1060
f 3450//1055 3451//1058 3454//1061 3453//1059
f 5//894 979//909 3446//1053 993//960
f 979//909 980//908 3447//1054 3446//1053
f 980//908 981//907 3448//1057 3447//1054
f 981//907 6//906 961//1050 3448//1057
f 3448//1057 961//1050 962//1052 3451//1058
f 3451//1058 962//1052 963//1051 3454//1061
f 3454//1061 963//1051 2//948 540//1062
f 3453//1059 3454//1061 540//1062 539//1063
f 3452//1060 3453//1059 539//1063 538//1064
f 991//962 3452//1060 538//1064 1//963
f 992//961 3449//1056 3452//1060 991//962
f 993//960 3446//1053 3449//1056 992//961
f 3455//1065 3456//1066 3459//1067 3458//1068
f 3456//1066 3457//1069 3460//1070 3459//1067
f 3458//1068 3459//1067 3462//1071 3461//1072
f 3459//1067 3460//1070 3463//1073 3462//1071
f 168//833 931//1074 3455//1065 925//834
f 931//1074 932//1075 3456//1066 3455//1065
f 932//1075 933//1076 3457//1069 3456//1066
f 933//1076 228//1077 934//1078 3457//1069
f 3457//1069 934//1078 935//1079 3460//1070
f 3460//1070 935//1079 936//1080 3463//1073
f 3463//1073 936//1080 172//1081 915//1082
f 3462//1071 3463//1073 915//1082 914//1083
f 3461//1072 3462//1071 914//1083 913//1084
f 927//826 3461//1072 913//1084 171//824
f 926//828 3458//1068 3461//1072 927//826
f 925//834 3455//1065 3458//1068 926//828
f 3464//1085 3465//1086 3468//1087 3467//1088
f 3465//1086 3466//1089 3469//1090 3468//1087
f 3467//1088 3468//1087 3471//1091 3470//1092
f 3468//1087 3469//1090 3472//1093 3471//1091
f 277//1094 697//1095 3464//1085 690//1096
f 697//1095 698//1097 3465//1086 3464//1085
f 698//1097 699//1098 3466//1089 3465//1086
f 699//1098 306//1099 700//1100 3466//1089
f 3466//1089 700//1100 701//1101 3469//1090
f 3469//1090 701//1101 702//1102 3472//1093
f 3472//1093 702//1102 197//410 694//412
f 3471//1091 3472//1093 694//412 695//408
f 3470//1092 3471//1091 695//408 696//406
f 688//1103 3470//1092 696//406 280//405
f 689//1104 3467//1088 3470//1092 688//1103
f 690//1096 3464//1085 3467//1088 689//1104
f 3473//1105 3474//1106 3477//1107 3476//1108
f 3474//1106 3475//1109 3478//1110 3477//1107
f 3476//1108 3477//1107 3480//1111 3479//1112
f 3477//1107 3478//1110 3481//1113 3480//1111
f 167//1114 973//1115 3473//1105 970//1116
f 973//1115 974//1117 3474//1106 3473//1105
f 974//1117 975//1118 3475//1109 3474//1106
f 975//1118 227//1119 976//1120 3475//1109
f 3475//1109 976//1120 977//1121 3478//1110
f 3478//1110 977//1121 978//1122 3481//1113
f 3481//1113 978//1122 228//1077 933//1076
f 3480//1111 3481//1113 933//1076 932//1075
f 3479//1112 3480//1111 932//1075 931//1074
f 972//1123 3479//1112 931//1074 168//833
f 971//1124 3476//1108 3479//1112 972//1123
f 970//1116 3473//1105 3476//1108 971//1124
f 3482//1125 3483//1126 3486//1127 3485//1128
f 3483//1126 3484//1129 3487//1130 3486//1127
f 3485//1128 3486//1127 3489//1131 3488//1132
f 3486//1127 3487//1130 3490//1133 3489//1131
f 253//725 775//1134 3482//1125 772//920
f 775//1134 776//1135 3483//1126 3482//1125
f 776//1135 777//1136 3484//1129 3483//1126
f 777//1136 256//1137 778//1138 3484//1129
f 3484//1129 778//1138 779//1139 3487//1130
f 3487//1130 779//1139 780//1140 3490//1133
f 3490//1133 780//1140 249//1141 756//1142
f 3489//1131 3490//1133 756//1142 755//1143
f 3488//1132 3489//1131 755//1143 754//1144
f 774//922 3488//1132 754//1144 252//923
f 773//921 3485//1128 3488//1132 774//922
f 772//920 3482//1125 3485//1128 773//921
f 3491//1145 3492//1146 3495//1147 3494//1148
f 3492//1146 3493//1149 3496//1150 3495//1147
f 3494//1148 3495//1147 3498//1151 3497//1152
f 3495//1147 3496//1150 3499//1153 3498//1151
f 114//848 844//1154 3491//1145 841//849
f 844//1154 845//1155 3492//1146 3491//1145
f 845//1155 846//1156 3493//1149 3492//1146
f 846//1156 115//1157 847//1158 3493//1149
f 3493//1149 847//1158 848//1159 3496//1150
f 3496//1150 848//1159 849//1160 3499//1153
f 3499//1153 849//1160 195//1161 853//1162
f 3498//1151 3499//1153 853//1162 854//1163
f 3497//1152 3498//1151 854//1163 855//1164
f 843//851 3497//1152 855//1164 196//852
f 842//850 3494//1148 3497//1152 843//851
f 841//849 3491//1145 3494//1148 842//850
f 3500//1165 3501//1166 3504//1167 3503//1168
f 3501//1166 3502//1169 3505//1170 3504//1167
f 3503//1168 3504//1167 3507//1171 3506//1172
f 3504//1167 3505//1170 3508//1173 3507//1171
f 222//1174 883//1175 3500//1165 880//1176
f 883//1175 884//1177 3501//1166 3500//1165
f 884//1177 885//1178 3502//1169 3501//1166
f 885//1178 113//1179 886//1180 3502//1169
f 3502//1169 886//1180 887//1181 3505//1170
f 3505//1170 887//1181 888//1182 3508//1173
f 3508//1173 888//1182 114//848 840//847
f 3507//1171 3508//1173 840//847 839//846
f 3506//1172 3507//1171 839//846 838//845
f 882//1183 3506//1172 838//845 221//783
f 881//1184 3503//1168 3506//1172 882//1183
f 880//1176 3500//1165 3503//1168 881//1184
f 3509//1185 3510//1186 3513//1187 3512//1188
f 3510//1186 3511//1189 3514//1190 3513//1187
f 3512//1188 3513//1187 3516//1191 3515//1192
f 3513//1187 3514//1190 3517//1193 3516//1191
f 84//264 613//293 3509//1185 610//868
f 613//293 614//292 3510//1186 3509//1185
f 614//292 615//290 3511//1189 3510//1186
f 615//290 83//289 616//1194 3511//1189
f 3511//1189 616//1194 617//1195 3514//1190
f 3514//1190 617//1195 618//1196 3517//1193
f 3517//1193 618//1196 143//1197 594//1198
f 3516//1191 3517//1193 594//1198 593//1199
f 3515//1192 3516//1191 593//1199 592//1200
f 612//870 3515//1192 592//1200 144//871
f 611//869 3512//1188 3515//1192 612//870
f 610//868 3509//1185 3512//1188 611//869
f 3518//1201 3519//1202 3522//1203 3521//1204
f 3519//1202 3520//1205 3523//1206 3522//1203
f 3521//1204 3522//1203 3525//1207 3524//1208
f 3522//1203 3523//1206 3526//1209 3525//1207
f 137//1210 535//1211 3518//1201 529//1212
f 535//1211 536//1213 3519//1202 3518//1201
f 536//1213 537//1214 3520//1205 3519//1202
f 537//1214 1//963 538//1064 3520//1205
f 3520//1205 538//1064 539//1063 3523//1206
f 3523//1206 539//1063 540//1062 3526//1209
f 3526//1209 540//1062 2//948 544//946
f 3525//1207 3526//1209 544//946 545//945
f 3524//1208 3525//1207 545//945 546//944
f 531//1215 3524//1208 546//944 138//943
f 530//1216 3521//1204 3524//1208 531//1215
f 529//1212 3518//1201 3521//1204 530//1216
f 3527//1217 3528//1218 3531//1219 3530//1220
f 3528//1218 3529//1221 3532//1222 3531//1219
f 3530//1220 3531//1219 3534//1223 3533//1224
f 3531//1219 3532//1222 3535//1225 3534//1223
f 251//1226 757//1227 3527//1217 751//1228
f 757//1227 758//1229 3528//1218 3527//1217
f 758//1229 759//1230 3529//1221 3528//1218
f 759//1230 311//1231 760//1232 3529//1221
f 3529//1221 760//1232 761//1233 3532//1222
f 3532//1222 761//1233 762//1234 3535//1225
f 3535//1225 762//1234 312//928 766//926
f 3534//1223 3535//1225 766//926 767//925
f 3533//1224 3534//1223 767//925 768//924
f 753//1235 3533//1224 768//924 252//923
f 752//1236 3530//1220 3533//1224 753//1235
f 751//1228 3527//1217 3530//1220 752//1236
f 3536//1237 3537//1238 3540//1239 3539//1240
f 3537//1238 3538//1241 3541//1242 3540//1239
f 3539//1240 3540//1239 3543//1243 3542//1244
f 3540//1239 3541//1242 3544//1245 3543//1243
f 228//1077 937//1246 3536//1237 934//1078
f 937//1246 938//1247 3537//1238 3536//1237
f 938//1247 939//1248 3538//1241 3537//1238
f 939//1248 225//1249 940//1250 3538//1241
f 3538//1241 940//1250 941//1251 3541//1242
f 3541//1242 941//1251 942//1252 3544//1245
f 3544//1245 942//1252 169//1253 918//1254
f 3543//1243 3544//1245 918//1254 917//1255
f 3542//1244 3543//1243 917//1255 916//1256
f 936//1080 3542//1244 916//1256 172//1081
f 935//1079 3539//1240 3542//1244 936//1080
f 934//1078 3536//1237 3539//1240 935//1079
f 3545//1257 3546//1258 3549//1259 3548//1260
f 3546//1258 3547//1261 3550//1262 3549//1259
f 3548//1260 3549//1259 3552//1263 3551//1264
f 3549//1259 3550//1262 3553//1265 3552//1263
f 57//447 474//1266 3545//1257 436//448
f 474//1266 473//1267 3546//1258 3545//1257
f 473//1267 472//1268 3547//1261 3546//1258
f 472//1268 55//525 478//549 3547//1261
f 3547//1261 478//549 479//548 3550//1262
f 3550//1262 479//548 480//546 3553//1265
f 3553//1265 480//546 54//545 484//994
f 3552//1263 3553//1265 484//994 485//1002
f 3551//1264 3552//1263 485//1002 486//1001
f 438//450 3551//1264 486//1001 60//53
f 437//449 3548//1260 3551//1264 438//450
f 436//448 3545//1257 3548//1260 437//449
f 3554//1269 3555//1270 3558//1271 3557//1272
f 3555//1270 3556//1273 3559//1274 3558//1271
f 3557//1272 3558//1271 3561//1275 3560//1276
f 3558//1271 3559//1274 3562//1277 3561//1275
f 86//236 640//1278 3554//1269 651//237
f 640//1278 641//1279 3555//1270 3554//1269
f 641//1279 642//1280 3556//1273 3555//1270
f 642//1280 81//269 643//268 3556//1273
f 3556//1273 643//268 644//267 3559//1274
f 3559//1274 644//267 645//265 3562//1277
f 3562//1277 645//265 84//264 609//867
f 3561//1275 3562//1277 609//867 608//866
f 3560//1276 3561//1275 608//866 607//865
f 649//240 3560//1276 607//865 87//220
f 650//239 3557//1272 3560//1276 649//240
f 651//237 3554//1269 3557//1272 650//239
f 3563//1281 3564//1282 3567//1283 3566//1284
f 3564//1282 3565//1285 3568//1286 3567//1283
f 3566//1284 3567//1283 3570//1287 3569//1288
f 3567//1283 3568//1286 3571//1289 3570//1287
f 54//545 499//584 3563//1281 487//993
f 499//584 500//583 3564//1282 3563//1281
f 500//583 501//582 3565//1285 3564//1282
f 501//582 53//505 492//1290 3565//1285
f 3565//1285 492//1290 491//1291 3568//1286
f 3568//1286 491//1291 490//1292 3571//1289
f 3571//1289 490//1292 333//1293 456//1294
f 3570//1287 3571//1289 456//1294 455//1295
f 3569//1288 3570//1287 455//1295 454//1296
f 489//996 3569//1288 454//1296 336//997
f 488//995 3566//1284 3569//1288 489//996
f 487//993 3563//1281 3566//1284 488//995
f 3572//1297 3573//1298 3576//1299 3575//1300
f 3573//1298 3574//1301 3577//1302 3576//1299
f 3575//1300 3576//1299 3579//1303 3578//1304
f 3576//1299 3577//1302 3580//1305 3579//1303
f 306//1099 703//1306 3572//1297 700//1100
f 703//1306 704//1307 3573//1298 3572//1297
f 704//1307 705//1308 3574//1301 3573//1298
f 705//1308 305//1309 706//1310 3574//1301
f 3574//1301 706//1310 707//1311 3577//1302
f 3577//1302 707//1311 708//1312 3580//1305
f 3580//1305 708//1312 198//1313 663//1314
f 3579//1303 3580//1305 663//1314 662//1315
f 3578//1304 3579//1303 662//1315 661//1316
f 702//1102 3578//1304 661//1316 197//410
f 701//1101 3575//1300 3578//1304 702//1102
f 700//1100 3572//1297 3575//1300 701//1101
f 3581//1317 3582//1318 3585//1319 3584//1320
f 3582//1318 3583//1321 3586//1322 3585//1319
f 3584//1320 3585//1319 3588//1323 3587//1324
f 3585//1319 3586//1322 3589//1325 3588//1323
f 278//1326 733//1327 3581//1317 727//1328
f 733//1327 734//1329 3582//1318 3581//1317
f 734//1329 735//1330 3583//1321 3582//1318
f 735//1330 307//1331 736//1332 3583//1321
f 3583//1321 736//1332 737//1333 3586//1322
f 3586//1322 737//1333 738//1334 3589//1325
f 3589//1325 738//1334 306//1099 699//1098
f 3588//1323 3589//1325 699//1098 698//1097
f 3587//1324 3588//1323 698//1097 697//1095
f 729//1335 3587//1324 697//1095 277//1094
f 728//1336 3584//1320 3587//1324 729//1335
f 727//1328 3581//1317 3584//1320 728//1336
f 3590//1337 3591//1338 3594//1339 3593//1340
f 3591//1338 3592//1341 3595//1342 3594//1339
f 3593//1340 3594//1339 3597//1343 3596//1344
f 3594//1339 3595//1342 3598//1345 3597//1343
f 138//943 505//942 3590//1337 513//1346
f 505//942 506//941 3591//1338 3590//1337
f 506//941 507//940 3592//1341 3591//1338
f 507//940 111//44 460//42 3592//1341
f 3592//1341 460//42 461//41 3595//1342
f 3595//1342 461//41 462//40 3598//1345
f 3598//1345 462//40 112//24 508//1347
f 3597//1343 3598//1345 508//1347 509//1348
f 3596//1344 3597//1343 509//1348 510//1349
f 511//1350 3596//1344 510//1349 139//1351
f 512//1352 3593//1340 3596//1344 511//1350
f 513//1346 3590//1337 3593//1340 512//1352
f 3599//1353 3600//1354 3603//1355 3602//1356
f 3600//1354 3601//1357 3604//1358 3603//1355
f 3602//1356 3603//1355 3606//1359 3605//1360
f 3603//1355 3604//1358 3607//1361 3606//1359
f 26//149 406//1019 3599//1353 355//757
f 406//1019 407//1018 3600//1354 3599//1353
f 407//1018 408//1017 3601//1357 3600//1354
f 408//1017 30//672 409//670 3601//1357
f 3601//1357 409//670 410//669 3604//1358
f 3604//1358 410//669 411//668 3607//1361
f 3607//1361 411//668 31//656 366//1362
f 3606//1359 3607//1361 366//1362 365//1363
f 3605//1360 3606//1359 365//1363 364//1364
f 357//760 3605//1360 364//1364 27//737
f 356//759 3602//1356 3605//1360 357//760
f 355//757 3599//1353 3602//1356 356//759
f 3608//1365 3609//1366 3612//1367 3611//1368
f 3609//1366 3610//1369 3613//1370 3612//1367
f 3611//1368 3612//1367 3615//1371 3614//1372
f 3612//1367 3613//1370 3616//1373 3615//1371
f 29//636 417//685 3608//1365 382//1374
f 417//685 416//684 3609//1366 3608//1365
f 416//684 415//683 3610//1369 3609//1366
f 415//683 30//672 421//1016 3610//1369
f 3610//1369 421//1016 422//1015 3613//1370
f 3613//1370 422//1015 423//1013 3616//1373
f 3616//1373 423//1013 282//1012 393//1375
f 3615//1371 3616//1373 393//1375 392//1376
f 3614//1372 3615//1371 392//1376 391//1377
f 384//1378 3614//1372 391//1377 283//1379
f 383//1380 3611//1368 3614//1372 384//1378
f 382//1374 3608//1365 3611//1368 383//1380
f 3617//1381 3618//1382 3621//1383 3620//1384
f 3618//1382 3619//1385 3622//1386 3621//1383
f 3620//1384 3621//1383 3624//1387 3623//1388
f 3621//1383 3622//1386 3625//1389 3624//1387
f 284//118 337//1390 3617//1381 351//119
f 337//1390 338//1391 3618//1382 3617//1381
f 338//1391 339//1392 3619//1385 3618//1382
f 339//1392 281//144 340//146 3619//1385
f 3619//1385 340//146 341//148 3622//1386
f 3622//1386 341//148 342//154 3625//1389
f 3625//1389 342//154 25//153 346//698
f 3624//1387 3625//1389 346//698 347//697
f 3623//1388 3624//1387 347//697 348//695
f 349//124 3623//1388 348//695 28//122
f 350//121 3620//1384 3623//1388 349//124
f 351//119 3617//1381 3620//1384 350//121
f 3626//1393 3627//1394 3630//1395 3629//1396
f 3627//1394 3628//1397 3631//1398 3630//1395
f 3629//1396 3630//1395 3633//1399 3632//1400
f 3630//1395 3631//1398 3634//1401 3633//1399
f 256//1137 784//1402 3626//1393 778//1138
f 784//1402 785//1403 3627//1394 3626//1393
f 785//1403 786//1404 3628//1397 3627//1394
f 786//1404 255//793 787//795 3628//1397
f 3628//1397 787//795 788//797 3631//1398
f 3631//1398 788//797 789//803 3634//1401
f 3634//1401 789//803 250//802 747//1405
f 3633//1399 3634//1401 747//1405 746//1406
f 3632//1400 3633//1399 746//1406 745//1407
f 780//1140 3632//1400 745//1407 249//1141
f 779//1139 3629//1396 3632//1400 780//1140
f 778//1138 3626//1393 3629//1396 779//1139
f 3635//1408 3636//1409 3639//1410 3638//1411
f 3636//1409 3637//1412 3640//1413 3639//1410
f 3638//1411 3639//1410 3642//1414 3641//1415
f 3639//1410 3640//1413 3643//1416 3642//1414
f 27//737 364//1364 3635//1408 361//738
f 364//1364 365//1363 3636//1409 3635//1408
f 365//1363 366//1362 3637//1412 3636//1409
f 366//1362 31//656 367//654 3637//1412
f 3637//1412 367//654 368//653 3640//1413
f 3640//1413 368//653 369//652 3643//1416
f 3643//1416 369//652 32//113 373//115
f 3642//1414 3643//1416 373//115 374//117
f 3641//1415 3642//1414 374//117 375//123
f 363//741 3641//1415 375//123 28//122
f 362//740 3638//1411 3641//1415 363//741
f 361//738 3635//1408 3638//1411 362//740
f 3644//1417 3645//1418 3648//1419 3647//1420
f 3645//1418 3646//1421 3649//1422 3648//1419
f 3647//1420 3648//1419 3651//1423 3650//1424
f 3648//1419 3649//1422 3652//1425 3651//1423
f 310//798 828//800 3644//1417 802//1426
f 828//800 827//796 3645//1418 3644//1417
f 827//796 826//794 3646//1421 3645//1418
f 826//794 255//793 822//1427 3646//1421
f 3646//1421 822//1427 821//1428 3649//1422
f 3649//1422 821//1428 820//1429 3652//1425
f 3652//1425 820//1429 254//721 813//723
f 3651//1423 3652//1425 813//723 812//719
f 3650//1424 3651//1423 812//719 811//717
f 804//1430 3650//1424 811//717 309//716
f 803//1431 3647//1420 3650//1424 804//1430
f 802//1426 3644//1417 3647//1420 803//1431
f 3653//1432 3654//1433 3657//1434 3656//1435
f 3654//1433 3655//1436 3658//1437 3657//1434
f 3656//1435 3657//1434 3660//1438 3659//1439
f 3657//1434 3658//1437 3661//1440 3660//1438
f 170//1038 955//1040 3653//1432 877//1441
f 955//1040 956//1037 3654//1433 3653//1432
f 956//1037 957//1035 3655//1436 3654//1433
f 957//1035 166//1034 958//1442 3655//1436
f 3655//1436 958//1442 959//1443 3658//1437
f 3658//1437 959//1443 960//1444 3661//1440
f 3661//1440 960//1444 165//829 921//831
f 3660//1438 3661//1440 921//831 920//827
f 3659//1439 3660//1438 920//827 919//825
f 879//1445 3659//1439 919//825 171//824
f 878//1446 3656//1435 3659//1439 879//1445
f 877//1441 3653//1432 3656//1435 878//1446
f 3662//1447 3663//1448 3666//1449 3665//1450
f 3663//1448 3664//1451 3667//1452 3666//1449
f 3665//1450 3666//1449 3669//1453 3668//1454
f 3666//1449 3667//1452 3670//1455 3669//1453
f 250//802 793//804 3662//1447 730//1456
f 793//804 794//801 3663//1448 3662//1447
f 794//801 795//799 3664//1451 3663//1448
f 795//799 310//798 796//1457 3664//1451
f 3664//1451 796//1457 797//1458 3667//1452
f 3667//1452 797//1458 798//1459 3670//1455
f 3670//1455 798//1459 311//1231 759//1230
f 3669//1453 3670//1455 759//1230 758//1229
f 3668//1454 3669//1453 758//1229 757//1227
f 732//1460 3668//1454 757//1227 251//1226
f 731//1461 3665//1450 3668//1454 732//1460
f 730//1456 3662//1447 3665//1450 731//1461
f 3671//1462 3672//1463 3675//1464 3674//1465
f 3672//1463 3673//1466 3676//1467 3675//1464
f 3674//1465 3675//1464 3678//1468 3677//1469
f 3675//1464 3676//1467 3679//1470 3678//1468
f 115//1157 897//1471 3671//1462 847//1158
f 897//1471 896//1472 3672//1463 3671//1462
f 896//1472 895//1473 3673//1466 3672//1463
f 895//1473 116//882 901//884 3673//1466
f 3673//1466 901//884 902//886 3676//1467
f 3676//1467 902//886 903//892 3679//1470
f 3679//1470 903//892 194//891 858//1474
f 3678//1468 3679//1470 858//1474 857//1475
f 3677//1469 3678//1468 857//1475 856//1476
f 849//1160 3677//1469 856//1476 195//1161
f 848//1159 3674//1465 3677//1469 849//1160
f 847//1158 3671//1462 3674//1465 848//1159
f 3680//1477 3681//1478 3684//1479 3683//1480
f 3681//1478 3682//1481 3685//1482 3684//1479
f 3683//1480 3684//1479 3687//1483 3686//1484
f 3684//1479 3685//1482 3688//1485 3687//1483
f 4//375 565//966 3680//1477 562//376
f 565//966 566//965 3681//1478 3680//1477
f 566//965 567//964 3682//1481 3681//1478
f 567//964 1//963 537//1214 3682//1481
f 3682//1481 537//1214 536//1213 3685//1482
f 3685//1482 536//1213 535//1211 3688//1485
f 3688//1485 535//1211 137//1210 528//1486
f 3687//1483 3688//1485 528//1486 527//1487
f 3686//1484 3687//1483 527//1487 526//1488
f 564//381 3686//1484 526//1488 140//379
f 563//378 3683//1480 3686//1484 564//381
f 562//376 3680//1477 3683//1480 563//378
f 3689//1489 3690//1490 3693//1491 3692//1492
f 3690//1490 3691//1493 3694//1494 3693//1491
f 3692//1492 3693//1491 3696//1495 3695//1496
f 3693//1491 3694//1494 3697//1497 3696//1495
f 83//289 622//313 3689//1489 616//1194
f 622//313 623//312 3690//1490 3689//1489
f 623//312 624//310 3691//1493 3690//1490
f 624//310 82//309 625//564 3691//1493
f 3691//1493 625//564 626//566 3694//1494
f 3694//1494 626//566 627//571 3697//1497
f 3697//1497 627//571 142//570 585//1498
f 3696//1495 3697//1497 585//1498 584//1499
f 3695//1496 3696//1495 584//1499 583//1500
f 618//1196 3695//1496 583//1500 143//1197
f 617//1195 3692//1492 3695//1496 618//1196
f 616//1194 3689//1489 3692//1492 617//1195
f 3698//1501 3699//1502 3702//1503 3701//1504
f 3699//1502 3700//1505 3703//1506 3702//1503
f 3701//1504 3702//1503 3705//1507 3704//1508
f 3702//1503 3703//1506 3706//1509 3705//1507
f 56//181 469//529 3698//1501 466//182
f 469//529 470//528 3699//1502 3698//1501
f 470//528 471//526 3700//1505 3699//1502
f 471//526 55//525 472//1268 3700//1505
f 3700//1505 472//1268 473//1267 3703//1506
f 3703//1506 473//1267 474//1266 3706//1509
f 3706//1509 474//1266 57//447 435//491
f 3705//1507 3706//1509 435//491 434//490
f 3704//1508 3705//1507 434//490 433//489
f 468//187 3704//1508 433//489 58//185
f 467//184 3701//1504 3704//1508 468//187
f 466//182 3698//1501 3701//1504 467//184
f 3707//1510 3708//1511 3711//1512 3710//1513
f 3708//1511 3709//1514 3712//1515 3711//1512
f 3710//1513 3711//1512 3714//1516 3713//1517
f 3711//1512 3712//1515 3715//1518 3714//1516
f 223//887 909//889 3707//1510 874//1519
f 909//889 908//885 3708//1511 3707//1510
f 908//885 907//883 3709//1514 3708//1511
f 907//883 116//882 894//1520 3709//1514
f 3709//1514 894//1520 893//1521 3712//1515
f 3712//1515 893//1521 892//1522 3715//1518
f 3715//1518 892//1522 113//1179 885//1178
f 3714//1516 3715//1518 885//1178 884//1177
f 3713//1517 3714//1516 884//1177 883//1175
f 876//1523 3713//1517 883//1175 222//1174
f 875//1524 3710//1513 3713//1517 876//1523
f 874//1519 3707//1510 3710//1513 875//1524
f 3716//1525 3717//1526 3720//1527 3719//1528
f 3717//1526 3718//1529 3721//1530 3720//1527
f 3719//1528 3720//1527 3723//1531 3722//1532
f 3720//1527 3721//1530 3724//1533 3723//1531
f 307//1331 735//1330 3716//1525 742//1534
f 735//1330 734//1329 3717//1526 3716//1525
f 734//1329 733//1327 3718//1529 3717//1526
f 733//1327 278//1326 726//1535 3718//1529
f 3718//1529 726//1535 725//1536 3721//1530
f 3721//1530 725//1536 724//1537 3724//1533
f 3724//1533 724//1537 279//600 723//602
f 3723//1531 3724//1533 723//602 722//598
f 3722//1532 3723//1531 722//598 721//596
f 744//1538 3722//1532 721//596 308//595
f 743//1539 3719//1528 3722//1532 744//1538
f 742//1534 3716//1525 3719//1528 743//1539
f 3725//1540 3726//1541 3729//1542 3728//1543
f 3726//1541 3727//1544 3730//1545 3729//1542
f 3728//1543 3729//1542 3732//1546 3731//1547
f 3729//1542 3730//1545 3733//1548 3732//1546
f 225//1249 946//1549 3725//1540 940//1250
f 946//1549 947//1550 3726//1541 3725//1540
f 947//1550 948//1551 3727//1544 3726//1541
f 948//1551 226//1029 949//1031 3727//1544
f 3727//1544 949//1031 950//1033 3730//1545
f 3730//1545 950//1033 951//1039 3733//1548
f 3733//1548 951//1039 170//1038 900//1552
f 3732//1546 3733//1548 900//1552 899//1553
f 3731//1547 3732//1546 899//1553 898//1554
f 942//1252 3731//1547 898//1554 169//1253
f 941//1251 3728//1543 3731//1547 942//1252
f 940//1250 3725//1540 3728//1543 941//1251
f 3734//1555 3735//1556 3738//1557 3737//1558
f 3735//1556 3736//1559 3739//1560 3738//1557
f 3737//1558 3738//1557 3741//1561 3740//1562
f 3738//1557 3739//1560 3742//1563 3741//1561
f 142//570 631//572 3734//1555 556//1564
f 631//572 632//569 3735//1556 3734//1555
f 632//569 633//567 3736//1559 3735//1556
f 633//567 85//205 634//204 3736//1559
f 3736//1559 634//204 635//203 3739//1560
f 3739//1560 635//203 636//201 3742//1563
f 3742//1563 636//201 88//200 597//362
f 3741//1561 3742//1563 597//362 596//360
f 3740//1562 3741//1561 596//360 595//358
f 558//1565 3740//1562 595//358 141//357
f 557//1566 3737//1558 3740//1562 558//1565
f 556//1564 3734//1555 3737//1558 557//1566
f 3743//1567 3744//1568 3747//1569 3746//1570
f 3744//1568 3745//1571 3748//1572 3747//1569
f 3746//1570 3747//1569 3750//1573 3749//1574
f 3747//1569 3748//1572 3751//1575 3750//1573
f 85//205 666//568 3743//1567 652//252
f 666//568 665//565 3744//1568 3743//1567
f 665//565 664//563 3745//1571 3744//1568
f 664//563 82//309 660//331 3745//1571
f 3745//1571 660//331 659//330 3748//1572
f 3748//1572 659//330 658//329 3751//1575
f 3751//1575 658//329 81//269 642//1280
f 3750//1573 3751//1575 642//1280 641//1279
f 3749//1574 3750//1573 641//1279 640//1278
f 654//254 3749//1574 640//1278 86//236
f 653//253 3746//1570 3749//1574 654//254
f 652//252 3743//1567 3746//1570 653//253
f 3752//1576 3753//1577 3756//1578 3755//1579
f 3753//1577 3754//1580 3757//1581 3756//1578
f 3755//1579 3756//1578 3759//1582 3758//1583
f 3756//1578 3757//1581 3760//1584 3759//1582
f 166//1034 990//1036 3752//1576 964//1585
f 990//1036 989//1032 3753//1577 3752//1576
f 989//1032 988//1030 3754//1580 3753//1577
f 988//1030 226//1029 984//1586 3754//1580
f 3754//1580 984//1586 983//1587 3757//1581
f 3757//1581 983//1587 982//1588 3760//1584
f 3760//1584 982//1588 227//1119 975//1118
f 3759//1582 3760//1584 975//1118 974//1117
f 3758//1583 3759//1582 974//1117 973//1115
f 966//1589 3758//1583 973//1115 167//1114
f 965//1590 3755//1579 3758//1583 966//1589
f 964//1585 3752//1576 3755//1579 965//1590
f 3761//1591 3762//1592 3765//1593 3764//1594
f 3762//1592 3763//1595 3766//1596 3765//1593
f 3764//1594 3765//1593 3768//1597 3767//1598
f 3765//1593 3766//1596 3769//1599 3768//1597
f 333//1293 490//1292 3761//1591 457//1600
f 490//1292 491//1291 3762//1592 3761//1591
f 491//1291 492//1290 3763//1595 3762//1592
f 492//1290 53//505 493//504 3763//1595
f 3763//1595 493//504 494//503 3766//1596
f 3766//1596 494//503 495//501 3769//1599
f 3769//1599 495//501 56//181 465//183
f 3768//1597 3769//1599 465//183 464//179
f 3767//1598 3768//1597 464//179 463//177
f 459//1601 3767//1598 463//177 334//176
f 458//1602 3764//1594 3767//1598 459//1601
f 457//1600 3761//1591 3764//1594 458//1602
f 3770//1603 3771//1604 3774//1605 3773//1606
f 3771//1604 3772//1607 3775//1608 3774//1605
f 3773//1606 3774//1605 3777//1609 3776//1610
f 3774//1605 3775//1608 3778//1611 3777//1609
f 335//58 418//1612 3770//1603 432//59
f 418//1612 419//1613 3771//1604 3770//1603
f 419//1613 420//1614 3772//1607 3771//1604
f 420//1614 334//176 397//178 3772//1607
f 3772//1607 397//178 398//180 3775//1608
f 3775//1608 398//180 399//186 3778//1611
f 3778//1611 399//186 58//185 427//477
f 3777//1609 3778//1611 427//477 428//476
f 3776//1610 3777//1609 428//476 429//475
f 430//64 3776//1610 429//475 59//62
f 431//61 3773//1606 3776//1610 430//64
f 432//59 3770//1603 3773//1606 431//61
f 3779//1615 3780//1616 3783//1617 3782//1618
f 3780//1616 3781//1619 3784//1620 3783//1617
f 3782//1618 3783//1617 3786//1621 3785//1622
f 3783//1617 3784//1620 3787//1623 3786//1621
f 194//891 865//893 3779//1615 859//1624
f 865//893 866//890 3780//1616 3779//1615
f 866//890 867//888 3781//1619 3780//1616
f 867//888 223//887 868//1625 3781//1619
f 3781//1619 868//1625 869//1626 3784//1620
f 3784//1620 869//1626 870//1627 3787//1623
f 3787//1623 870//1627 224//779 825//781
f 3786//1621 3787//1623 825//781 824//777
f 3785//1622 3786//1621 824//777 823//775
f 861//1628 3785//1622 823//775 193//774
f 860//1629 3782//1618 3785//1622 861//1628
f 859//1624 3779//1615 3782//1618 860//1629
f 3788//1630 3789//1631 3792//1632 3791//1633
f 3789//1631 3790//1634 3793//1635 3792//1632
f 3791//1633 3792//1632 3795//1636 3794//1637
f 3792//1632 3793//1635 3796//1638 3795//1636
f 199//604 676//606 3788//1630 670//1639
f 676//606 677//603 3789//1631 3788//1630
f 677//603 678//601 3790//1634 3789//1631
f 678//601 279//600 679//1640 3790//1634
f 3790//1634 679//1640 680//1641 3793//1635
f 3793//1635 680//1641 681//1642 3796//1638
f 3796//1638 681//1642 280//405 685//407
f 3795//1636 3796//1638 685//407 686//409
f 3794//1637 3795//1636 686//409 687//415
f 672//1643 3794//1637 687//415 200//414
f 671//1644 3791//1633 3794//1637 672//1643
f 670//1639 3788//1630 3791//1633 671//1644
f 3797//1645 3798//1646 3801//1647 3800//1648
f 3798//1646 3799//1649 3802//1650 3801//1647
f 3800//1648 3801//1647 3804//1651 3803//1652
f 3801//1647 3802//1650 3805//1653 3804//1651
f 110//83 573//396 3797//1645 553//97
f 573//396 572//394 3798//1646 3797//1645
f 572//394 571//392 3799//1649 3798//1646
f 571//392 3//391 582//981 3799//1649
f 3799//1649 582//981 581//980 3802//1650
f 3802//1650 581//980 580//979 3805//1653
f 3805//1653 580//979 4//375 561//377
f 3804//1651 3805//1653 561//377 560//373
f 3803//1652 3804//1651 560//373 559//371
f 555//99 3803//1652 559//371 109//19
f 554//98 3800//1648 3803//1652 555//99
f 553//97 3797//1645 3800//1648 554//98
f 3806//1654 3807//1655 3810//1656 3809//1657
f 3807//1655 3808//1658 3811//1659 3810//1656
f 3809//1657 3810//1656 3813//1660 3812//1661
f 3810//1656 3811//1659 3814//1662 3813//1660
f 112//24 514//22 3806//1654 508//1347
f 514//22 515//21 3807//1655 3806//1654
f 515//21 516//20 3808//1658 3807//1655
f 516//20 109//19 517//372 3808//1658
f 3808//1658 517//372 518//374 3811//1659
f 3811//1659 518//374 519//380 3814//1662
f 3814//1662 519//380 140//379 523//1663
f 3813//1660 3814//1662 523//1663 524//1664
f 3812//1661 3813//1660 524//1664 525//1665
f 510//1349 3812//1661 525//1665 139//1351
f 509//1348 3809//1657 3812//1661 510//1349
f 508//1347 3806//1654 3809//1657 509//1348
f 3815//1666 3816//1667 3819//1668 3818//1669
f 3816//1667 3817//1670 3820//1671 3819//1668
f 3818//1669 3819//1668 3822//1672 3821//1673
f 3819//1668 3820//1671 3823//1674 3822//1672
f 32//113 379//639 3815//1666 376//114
f 379//639 380//638 3816//1667 3815//1666
f 380//638 381//637 3817//1670 3816//1667
f 381//637 29//636 382//1374 3817//1670
f 3817//1670 382//1374 383//1380 3820//1671
f 3820//1671 383//1380 384//1378 3823//1674
f 3823//1674 384//1378 283//1379 388//1675
f 3822//1672 3823//1674 388//1675 389//1676
f 3821//1673 3822//1672 389//1676 390//1677
f 378//120 3821//1673 390//1677 284//118
f 377//116 3818//1669 3821//1673 378//120
f 376//114 3815//1666 3818//1669 377//116
f 3824//1678 3825//1679 3828//1680 3827//1681
f 3825//1679 3826//1682 3829//1683 3828//1680
f 3827//1681 3828//1680 3831//1684 3830//1685
f 3828//1680 3829//1683 3832//1686 3831//1684
f 198//1313 708//1312 3824//1678 655//1687
f 708//1312 707//1311 3825//1679 3824//1678
f 707//1311 706//1310 3826//1682 3825//1679
f 706//1310 305//1309 712//1688 3826//1682
f 3826//1682 712//1688 713//1689 3829//1683
f 3829//1683 713//1689 714//1690 3832//1686
f 3832//1686 714//1690 308//595 718//597
f 3831//1684 3832//1686 718//597 719//599
f 3830//1685 3831//1684 719//599 720//605
f 657//1691 3830//1685 720//605 199//604
f 656//1692 3827//1681 3830//1685 657//1691
f 655//1687 3824//1678 3827//1681 656//1692
f 3833//1693 3834//1694 3837//1695 3836//1696
f 3834//1694 3835//1697 3838//1698 3837//1695
f 3836//1696 3837//1695 3840//1699 3839//1700
f 3837//1695 3838//1698 3841//1701 3840//1699
f 117//1702 1372//1703 3833//1693 1371//1704
f 1372//1703 1373//1705 3834//1694 3833//1693
f 1373//1705 1374//1706 3835//1697 3834//1694
f 1374//1706 118//1707 1375//1708 3835//1697
f 3835//1697 1375//1708 1376//1709 3838//1698
f 3838//1698 1376//1709 1377//1710 3841//1701
f 3841//1701 1377//1710 114//848 888//1182
f 3840//1699 3841//1701 888//1182 887//1181
f 3839//1700 3840//1699 887//1181 886//1180
f 1369//1711 3839//1700 886//1180 113//1179
f 1370//1712 3836//1696 3839//1700 1369//1711
f 1371//1704 3833//1693 3836//1696 1370//1712
f 3842//1713 3843//1714 3846//1715 3845//1716
f 3843//1714 3844//1717 3847//1718 3846//1715
f 3845//1716 3846//1715 3849//1719 3848//1720
f 3846//1715 3847//1718 3850//1721 3849//1719
f 118//1707 1378//1722 3842//1713 1375//1708
f 1378//1722 1379//1723 3843//1714 3842//1713
f 1379//1723 1380//1724 3844//1717 3843//1714
f 1380//1724 119//1725 1381//1726 3844//1717
f 3844//1717 1381//1726 1382//1727 3847//1718
f 3847//1718 1382//1727 1383//1728 3850//1721
f 3850//1721 1383//1728 115//1157 846//1156
f 3849//1719 3850//1721 846//1156 845//1155
f 3848//1720 3849//1719 845//1155 844//1154
f 1377//1710 3848//1720 844//1154 114//848
f 1376//1709 3845//1716 3848//1720 1377//1710
f 1375//1708 3842//1713 3845//1716 1376//1709
f 3851//1729 3852//1730 3855//1731 3854//1732
f 3852//1730 3853//1733 3856//1734 3855//1731
f 3854//1732 3855//1731 3858//1735 3857//1736
f 3855//1731 3856//1734 3859//1737 3858//1735
f 119//1725 1384//1738 3851//1729 1381//1726
f 1384//1738 1385//1739 3852//1730 3851//1729
f 1385//1739 1386//1740 3853//1733 3852//1730
f 1386//1740 120//1741 1387//1742 3853//1733
f 3853//1733 1387//1742 1388//1743 3856//1734
f 3856//1734 1388//1743 1389//1744 3859//1737
f 3859//1737 1389//1744 116//882 895//1473
f 3858//1735 3859//1737 895//1473 896//1472
f 3857//1736 3858//1735 896//1472 897//1471
f 1383//1728 3857//1736 897//1471 115//1157
f 1382//1727 3854//1732 3857//1736 1383//1728
f 1381//1726 3851//1729 3854//1732 1382//1727
f 3860//1745 3861//1746 3864//1747 3863//1748
f 3861//1746 3862//1749 3865//1750 3864//1747
f 3863//1748 3864//1747 3867//1751 3866//1752
f 3864//1747 3865//1750 3868//1753 3867//1751
f 120//1741 1390//1754 3860//1745 1387//1742
f 1390//1754 1391//1755 3861//1746 3860//1745
f 1391//1755 1392//1756 3862//1749 3861//1746
f 1392//1756 117//1702 1371//1704 3862//1749
f 3862//1749 1371//1704 1370//1712 3865//1750
f 3865//1750 1370//1712 1369//1711 3868//1753
f 3868//1753 1369//1711 113//1179 892//1522
f 3867//1751 3868//1753 892//1522 893//1521
f 3866//1752 3867//1751 893//1521 894//1520
f 1389//1744 3866//1752 894//1520 116//882
f 1388//1743 3863//1748 3866//1752 1389//1744
f 1387//1742 3860//1745 3863//1748 1388//1743
f 3869//1757 3870//348 3873//348 3872//1757
f 3870//348 3871//1758 3874//1758 3873//348
f 3872//1757 3873//348 3876//383 3875//1757
f 3873//348 3874//1758 3877//1758 3876//383
f 121//1759 1396//1757 3869//1757 1395//1759
f 1396//1757 1397//348 3870//348 3869//1757
f 1397//348 1398//1758 3871//1758 3870//348
f 1398//1758 122//1760 1399//1760 3871//1758
f 3871//1758 1399//1760 1400//1760 3874//1758
f 3874//1758 1400//1760 1401//1760 3877//1758
f 3877//1758 1401//1760 118//1707 1374//1706
f 3876//383 3877//1758 1374//1706 1373//1705
f 3875//1757 3876//383 1373//1705 1372//1703
f 1393//1759 3875//1757 1372//1703 117//1702
f 1394//1759 3872//1757 3875//1757 1393//1759
f 1395//1759 3869//1757 3872//1757 1394//1759
f 3878//1761 3879//126 3882//126 3881//1761
f 3879//126 3880//1762 3883//1762 3882//126
f 3881//1761 3882//126 3885//126 3884//1761
f 3882//126 3883//1762 3886//1762 3885//126
f 122//1760 1402//1761 3878//1761 1399//1760
f 1402//1761 1403//126 3879//126 3878//1761
f 1403//126 1404//1762 3880//1762 3879//126
f 1404//1762 123//1763 1405//1763 3880//1762
f 3880//1762 1405//1763 1406//1763 3883//1762
f 3883//1762 1406//1763 1407//1763 3886//1762
f 3886//1762 1407//1763 119//1725 1380//1724
f 3885//126 3886//1762 1380//1724 1379//1723
f 3884//1761 3885//126 1379//1723 1378//1722
f 1401//1760 3884//1761 1378//1722 118//1707
f 1400//1760 3881//1761 3884//1761 1401//1760
f 1399//1760 3878//1761 3881//1761 1400//1760
f 3887//1764 3888//340 3891//340 3890//1764
f 3888//340 3889//1765 3892//1765 3891//340
f 3890//1764 3891//340 3894//340 3893//1764
f 3891//340 3892//1765 3895//1765 3894//340
f 123//1763 1408//1764 3887//1764 1405//1763
f 1408//1764 1409//340 3888//340 3887//1764
f 1409//340 1410//1765 3889//1765 3888//340
f 1410//1765 124//1766 1411//1766 3889//1765
f 3889//1765 1411//1766 1412//1766 3892//1765
f 3892//1765 1412//1766 1413//1766 3895//1765
f 3895//1765 1413//1766 120//1741 1386//1740
f 3894//340 3895//1765 1386//1740 1385//1739
f 3893//1764 3894//340 1385//1739 1384//1738
f 1407//1763 3893//1764 1384//1738 119//1725
f 1406//1763 3890//1764 3893//1764 1407//1763
f 1405//1763 3887//1764 3890//1764 1406//1763
f 3896//1767 3897//135 3900//135 3899//1767
f 3897//135 3898//1768 3901//1768 3900//135
f 3899//1767 3900//135 3903//135 3902//1767
f 3900//135 3901//1768 3904//1768 3903//135
f 124//1766 1414//1767 3896//1767 1411//1766
f 1414//1767 1415//135 3897//135 3896//1767
f 1415//135 1416//1768 3898//1768 3897//135
f 1416//1768 121//1759 1395//1759 3898//1768
f 3898//1768 1395//1759 1394//1759 3901//1768
f 3901//1768 1394//1759 1393//1759 3904//1768
f 3904//1768 1393//1759 117//1702 1392//1756
f 3903//135 3904//1768 1392//1756 1391//1755
f 3902//1767 3903//135 1391//1755 1390//1754
f 1413//1766 3902//1767 1390//1754 120//1741
f 1412//1766 3899//1767 3902//1767 1413//1766
f 1411//1766 3896//1767 3899//1767 1412//1766
f 3905//1757 3906//348 3909//348 3908//1757
f 3906//348 3907//1758 3910//1758 3909//348
f 3908//1757 3909//348 3912//348 3911//1757
f 3909//348 3910//1758 3913//1758 3912//348
f 125//1759 1420//1757 3905//1757 1419//1759
f 1420//1757 1421//348 3906//348 3905//1757
f 1421//348 1422//1758 3907//1758 3906//348
f 1422//1758 126//1760 1423//1760 3907//1758
f 3907//1758 1423//1760 1424//1760 3910//1758
f 3910//1758 1424//1760 1425//1760 3913//1758
f 3913//1758 1425//1760 122//1760 1398//1758
f 3912//348 3913//1758 1398//1758 1397//348
f 3911//1757 3912//348 1397//348 1396//1757
f 1417//1759 3911//1757 1396//1757 121//1759
f 1418//1759 3908//1757 3911//1757 1417//1759
f 1419//1759 3905//1757 3908//1757 1418//1759
f 3914//1761 3915//126 3918//126 3917//1761
f 3915//126 3916//1762 3919//1762 3918//126
f 3917//1761 3918//126 3921//126 3920//1761
f 3918//126 3919//1762 3922//1762 3921//126
f 126//1760 1426//1761 3914//1761 1423//1760
f 1426//1761 1427//126 3915//126 3914//1761
f 1427//126 1428//1762 3916//1762 3915//126
f 1428//1762 127//1763 1429//1763 3916//1762
f 3916//1762 1429//1763 1430//1763 3919//1762
f 3919//1762 1430//1763 1431//1763 3922//1762
f 3922//1762 1431//1763 123//1763 1404//1762
f 3921//126 3922//1762 1404//1762 1403//126
f 3920//1761 3921//126 1403//126 1402//1761
f 1425//1760 3920//1761 1402//1761 122//1760
f 1424//1760 3917//1761 3920//1761 1425//1760
f 1423//1760 3914//1761 3917//1761 1424//1760
f 3923//1764 3924//417 3927//340 3926//1764
f 3924//417 3925//1765 3928//1765 3927//340
f 3926//1764 3927//340 3930//340 3929//1764
f 3927//340 3928//1765 3931//1765 3930//340
f 127//1763 1432//1764 3923//1764 1429//1763
f 1432//1764 1433//340 3924//417 3923//1764
f 1433//340 1434//1765 3925//1765 3924//417
f 1434//1765 128//1766 1435//1766 3925//1765
f 3925//1765 1435//1766 1436//1766 3928//1765
f 3928//1765 1436//1766 1437//1766 3931//1765
f 3931//1765 1437//1766 124//1766 1410//1765
f 3930//340 3931//1765 1410//1765 1409//340
f 3929//1764 3930//340 1409//340 1408//1764
f 1431//1763 3929//1764 1408//1764 123//1763
f 1430//1763 3926//1764 3929//1764 1431//1763
f 1429//1763 3923//1764 3926//1764 1430//1763
f 3932//1767 3933//135 3936//135 3935//1767
f 3933//135 3934//1768 3937//1768 3936//135
f 3935//1767 3936//135 3939//135 3938//1767
f 3936//135 3937//1768 3940//1768 3939//135
f 128//1766 1438//1767 3932//1767 1435//1766
f 1438//1767 1439//135 3933//135 3932//1767
f 1439//135 1440//1768 3934//1768 3933//135
f 1440//1768 125//1759 1419//1759 3934//1768
f 3934//1768 1419//1759 1418//1759 3937//1768
f 3937//1768 1418//1759 1417//1759 3940//1768
f 3940//1768 1417//1759 121//1759 1416//1768
f 3939//135 3940//1768 1416//1768 1415//135
f 3938//1767 3939//135 1415//135 1414//1767
f 1437//1766 3938//1767 1414//1767 124//1766
f 1436//1766 3935//1767 3938//1767 1437//1766
f 1435//1766 3932//1767 3935//1767 1436//1766
f 3941//1757 3942//348 3945//348 3944//1757
f 3942//348 3943//1758 3946//1758 3945//348
f 3944//1757 3945//348 3948//348 3947//1757
f 3945//348 3946//1758 3949//1758 3948//348
f 129//1759 1444//1757 3941//1757 1443//1759
f 1444//1757 1445//348 3942//348 3941//1757
f 1445//348 1446//1758 3943//1758 3942//348
f 1446//1758 130//1760 1447//1760 3943//1758
f 3943//1758 1447//1760 1448//1760 3946//1758
f 3946//1758 1448//1760 1449//1760 3949//1758
f 3949//1758 1449//1760 126//1760 1422//1758
f 3948//348 3949//1758 1422//1758 1421//348
f 3947//1757 3948//348 1421//348 1420//1757
f 1441//1759 3947//1757 1420//1757 125//1759
f 1442//1759 3944//1757 3947//1757 1441//1759
f 1443//1759 3941//1757 3944//1757 1442//1759
f 3950//1761 3951//126 3954//126 3953//1761
f 3951//126 3952//1762 3955//1762 3954//126
f 3953//1761 3954//126 3957//126 3956//1761
f 3954//126 3955//1762 3958//1762 3957//126
f 130//1760 1450//1761 3950//1761 1447//1760
f 1450//1761 1451//126 3951//126 3950//1761
f 1451//126 1452//1762 3952//1762 3951//126
f 1452//1762 131//1763 1453//1763 3952//1762
f 3952//1762 1453//1763 1454//1763 3955//1762
f 3955//1762 1454//1763 1455//1763 3958//1762
f 3958//1762 1455//1763 127//1763 1428//1762
f 3957//126 3958//1762 1428//1762 1427//126
f 3956//1761 3957//126 1427//126 1426//1761
f 1449//1760 3956//1761 1426//1761 126//1760
f 1448//1760 3953//1761 3956//1761 1449//1760
f 1447//1760 3950//1761 3953//1761 1448//1760
f 3959//1764 3960//340 3963//340 3962//1764
f 3960//340 3961//1765 3964//1765 3963//340
f 3962//1764 3963//340 3966//340 3965//1764
f 3963//340 3964//1765 3967//1765 3966//340
f 131//1763 1456//1764 3959//1764 1453//1763
f 1456//1764 1457//340 3960//340 3959//1764
f 1457//340 1458//1765 3961//1765 3960//340
f 1458//1765 132//1766 1459//1766 3961//1765
f 3961//1765 1459//1766 1460//1766 3964//1765
f 3964//1765 1460//1766 1461//1766 3967//1765
f 3967//1765 1461//1766 128//1766 1434//1765
f 3966//340 3967//1765 1434//1765 1433//340
f 3965//1764 3966//340 1433//340 1432//1764
f 1455//1763 3965//1764 1432//1764 127//1763
f 1454//1763 3962//1764 3965//1764 1455//1763
f 1453//1763 3959//1764 3962//1764 1454//1763
f 3968//1767 3969//135 3972//135 3971//1767
f 3969//135 3970//1768 3973//1768 3972//135
f 3971//1767 3972//135 3975//135 3974//1767
f 3972//135 3973//1768 3976//1768 3975//135
f 132//1766 1462//1767 3968//1767 1459//1766
f 1462//1767 1463//135 3969//135 3968//1767
f 1463//135 1464//1768 3970//1768 3969//135
f 1464//1768 129//1759 1443//1759 3970//1768
f 3970//1768 1443//1759 1442//1759 3973//1768
f 3973//1768 1442//1759 1441//1759 3976//1768
f 3976//1768 1441//1759 125//1759 1440//1768
f 3975//135 3976//1768 1440//1768 1439//135
f 3974//1767 3975//135 1439//135 1438//1767
f 1461//1766 3974//1767 1438//1767 128//1766
f 1460//1766 3971//1767 3974//1767 1461//1766
f 1459//1766 3968//1767 3971//1767 1460//1766
f 3977//1757 3978//348 3981//348 3980//1757
f 3978//348 3979//1758 3982//1758 3981//348
f 3980//1757 3981//348 3984//348 3983//1757
f 3981//348 3982//1758 3985//1758 3984//348
f 133//1769 1468//1770 3977//1757 1467//1759
f 1468//1770 1469//1771 3978//348 3977//1757
f 1469//1771 1470//1772 3979//1758 3978//348
f 1470//1772 134//1773 1471//1760 3979//1758
f 3979//1758 1471//1760 1472//1760 3982//1758
f 3982//1758 1472//1760 1473//1760 3985//1758
f 3985//1758 1473//1760 130//1760 1446//1758
f 3984//348 3985//1758 1446//1758 1445//348
f 3983//1757 3984//348 1445//348 1444//1757
f 1465//1759 3983//1757 1444//1757 129//1759
f 1466//1759 3980//1757 3983//1757 1465//1759
f 1467//1759 3977//1757 3980//1757 1466//1759
f 3986//1761 3987//126 3990//126 3989//1761
f 3987//126 3988//1762 3991//1762 3990//126
f 3989//1761 3990//126 3993//126 3992//1761
f 3990//126 3991//1762 3994//1762 3993//126
f 134//1773 1474//1774 3986//1761 1471//1760
f 1474//1774 1475//1775 3987//126 3986//1761
f 1475//1775 1476//1776 3988//1762 3987//126
f 1476//1776 135//1777 1477//1763 3988//1762
f 3988//1762 1477//1763 1478//1763 3991//1762
f 3991//1762 1478//1763 1479//1763 3994//1762
f 3994//1762 1479//1763 131//1763 1452//1762
f 3993//126 3994//1762 1452//1762 1451//126
f 3992//1761 3993//126 1451//126 1450//1761
f 1473//1760 3992//1761 1450//1761 130//1760
f 1472//1760 3989//1761 3992//1761 1473//1760
f 1471//1760 3986//1761 3989//1761 1472//1760
f 3995//1764 3996//340 3999//340 3998//1764
f 3996//340 3997//1765 4000//1765 3999//340
f 3998//1764 3999//340 4002//340 4001//1764
f 3999//340 4000//1765 4003//1765 4002//340
f 135//1777 1480//1778 3995//1764 1477//1763
f 1480//1778 1481//1779 3996//340 3995//1764
f 1481//1779 1482//1780 3997//1765 3996//340
f 1482//1780 136//1781 1483//1766 3997//1765
f 3997//1765 1483//1766 1484//1766 4000//1765
f 4000//1765 1484//1766 1485//1766 4003//1765
f 4003//1765 1485//1766 132//1766 1458//1765
f 4002//340 4003//1765 1458//1765 1457//340
f 4001//1764 4002//340 1457//340 1456//1764
f 1479//1763 4001//1764 1456//1764 131//1763
f 1478//1763 3998//1764 4001//1764 1479//1763
f 1477//1763 3995//1764 3998//1764 1478//1763
f 4004//1767 4005//135 4008//135 4007//1767
f 4005//135 4006//1768 4009//1768 4008//135
f 4007//1767 4008//135 4011//135 4010//1767
f 4008//135 4009//1768 4012//1768 4011//135
f 136//1781 1486//1782 4004//1767 1483//1766
f 1486//1782 1487//1783 4005//135 4004//1767
f 1487//1783 1488//1784 4006//1768 4005//135
f 1488//1784 133//1769 1467//1759 4006//1768
f 4006//1768 1467//1759 1466//1759 4009//1768
f 4009//1768 1466//1759 1465//1759 4012//1768
f 4012//1768 1465//1759 129//1759 1464//1768
f 4011//135 4012//1768 1464//1768 1463//135
f 4010//1767 4011//135 1463//135 1462//1767
f 1485//1766 4010//1767 1462//1767 132//1766
f 1484//1766 4007//1767 4010//1767 1485//1766
f 1483//1766 4004//1767 4007//1767 1484//1766
f 4013//1785 4014//1786 4017//1787 4016//1788
f 4014//1786 4015//1789 4018//1790 4017//1787
f 4016//1788 4017//1787 4020//1791 4019//1792
f 4017//1787 4018//1790 4021//1793 4020//1791
f 137//1210 529//1212 4013//1785 1491//1794
f 529//1212 530//1216 4014//1786 4013//1785
f 530//1216 531//1215 4015//1789 4014//1786
f 531//1215 138//943 1492//1795 4015//1789
f 4015//1789 1492//1795 1493//1796 4018//1790
f 4018//1790 1493//1796 1494//1797 4021//1793
f 4021//1793 1494//1797 134//1773 1470//1772
f 4020//1791 4021//1793 1470//1772 1469//1771
f 4019//1792 4020//1791 1469//1771 1468//1770
f 1489//1798 4019//1792 1468//1770 133//1769
f 1490//1799 4016//1788 4019//1792 1489//1798
f 1491//1794 4013//1785 4016//1788 1490//1799
f 4022//1800 4023//1801 4026//1802 4025//1803
f 4023//1801 4024//1804 4027//1805 4026//1802
f 4025//1803 4026//1802 4029//1806 4028//1807
f 4026//1802 4027//1805 4030//1808 4029//1806
f 138//943 513//1346 4022//1800 1492//1795
f 513//1346 512//1352 4023//1801 4022//1800
f 512//1352 511//1350 4024//1804 4023//1801
f 511//1350 139//1351 1495//1809 4024//1804
f 4024//1804 1495//1809 1496//1810 4027//1805
f 4027//1805 1496//1810 1497//1811 4030//1808
f 4030//1808 1497//1811 135//1777 1476//1776
f 4029//1806 4030//1808 1476//1776 1475//1775
f 4028//1807 4029//1806 1475//1775 1474//1774
f 1494//1797 4028//1807 1474//1774 134//1773
f 1493//1796 4025//1803 4028//1807 1494//1797
f 1492//1795 4022//1800 4025//1803 1493//1796
f 4031//1812 4032//1813 4035//1814 4034//1815
f 4032//1813 4033//1816 4036//1817 4035//1814
f 4034//1815 4035//1814 4038//1818 4037//1819
f 4035//1814 4036//1817 4039//1820 4038//1818
f 139//1351 525//1665 4031//1812 1495//1809
f 525//1665 524//1664 4032//1813 4031//1812
f 524//1664 523//1663 4033//1816 4032//1813
f 523//1663 140//379 1498//1821 4033//1816
f 4033//1816 1498//1821 1499//1822 4036//1817
f 4036//1817 1499//1822 1500//1823 4039//1820
f 4039//1820 1500//1823 136//1781 1482//1780
f 4038//1818 4039//1820 1482//1780 1481//1779
f 4037//1819 4038//1818 1481//1779 1480//1778
f 1497//1811 4037//1819 1480//1778 135//1777
f 1496//1810 4034//1815 4037//1819 1497//1811
f 1495//1809 4031//1812 4034//1815 1496//1810
f 4040//1824 4041//1825 4044//1826 4043//1827
f 4041//1825 4042//1828 4045//1829 4044//1826
f 4043//1827 4044//1826 4047//1830 4046//1831
f 4044//1826 4045//1829 4048//1832 4047//1830
f 140//379 526//1488 4040//1824 1498//1821
f 526//1488 527//1487 4041//1825 4040//1824
f 527//1487 528//1486 4042//1828 4041//1825
f 528//1486 137//1210 1491//1794 4042//1828
f 4042//1828 1491//1794 1490//1799 4045//1829
f 4045//1829 1490//1799 1489//1798 4048//1832
f 4048//1832 1489//1798 133//1769 1488//1784
f 4047//1830 4048//1832 1488//1784 1487//1783
f 4046//1831 4047//1830 1487//1783 1486//1782
f 1500//1823 4046//1831 1486//1782 136//1781
f 1499//1822 4043//1827 4046//1831 1500//1823
f 1498//1821 4040//1824 4043//1827 1499//1822
f 4049//1833 4050//1834 4053//1835 4052//1836
f 4050//1834 4051//1837 4054//1838 4053//1835
f 4052//1836 4053//1835 4056//1839 4055//1840
f 4053//1835 4054//1838 4057//1841 4056//1839
f 145//1842 1504//1843 4049//1833 1503//1844
f 1504//1843 1505//1845 4050//1834 4049//1833
f 1505//1845 1506//1846 4051//1837 4050//1834
f 1506//1846 146//1847 1507//1848 4051//1837
f 4051//1837 1507//1848 1508//1849 4054//1838
f 4054//1838 1508//1849 1509//1850 4057//1841
f 4057//1841 1509//1850 142//570 556//1564
f 4056//1839 4057//1841 556//1564 557//1566
f 4055//1840 4056//1839 557//1566 558//1565
f 1501//1851 4055//1840 558//1565 141//357
f 1502//1852 4052//1836 4055//1840 1501//1851
f 1503//1844 4049//1833 4052//1836 1502//1852
f 4058//1853 4059//1854 4062//1855 4061//1856
f 4059//1854 4060//1857 4063//1858 4062//1855
f 4061//1856 4062//1855 4065//1859 4064//1860
f 4062//1855 4063//1858 4066//1861 4065//1859
f 146//1847 1510//1862 4058//1853 1507//1848
f 1510//1862 1511//1863 4059//1854 4058//1853
f 1511//1863 1512//1864 4060//1857 4059//1854
f 1512//1864 147//1865 1513//1866 4060//1857
f 4060//1857 1513//1866 1514//1867 4063//1858
f 4063//1858 1514//1867 1515//1868 4066//1861
f 4066//1861 1515//1868 143//1197 583//1500
f 4065//1859 4066//1861 583//1500 584//1499
f 4064//1860 4065//1859 584//1499 585//1498
f 1509//1850 4064//1860 585//1498 142//570
f 1508//1849 4061//1856 4064//1860 1509//1850
f 1507//1848 4058//1853 4061//1856 1508//1849
f 4067//1869 4068//1870 4071//1871 4070//1872
f 4068//1870 4069//1873 4072//1874 4071//1871
f 4070//1872 4071//1871 4074//1875 4073//1876
f 4071//1871 4072//1874 4075//1877 4074//1875
f 147//1865 1516//1878 4067//1869 1513//1866
f 1516//1878 1517//1879 4068//1870 4067//1869
f 1517//1879 1518//1880 4069//1873 4068//1870
f 1518//1880 148//1881 1519//1882 4069//1873
f 4069//1873 1519//1882 1520//1883 4072//1874
f 4072//1874 1520//1883 1521//1884 4075//1877
f 4075//1877 1521//1884 144//871 592//1200
f 4074//1875 4075//1877 592//1200 593//1199
f 4073//1876 4074//1875 593//1199 594//1198
f 1515//1868 4073//1876 594//1198 143//1197
f 1514//1867 4070//1872 4073//1876 1515//1868
f 1513//1866 4067//1869 4070//1872 1514//1867
f 4076//1885 4077//1886 4080//1887 4079//1888
f 4077//1886 4078//1889 4081//1890 4080//1887
f 4079//1888 4080//1887 4083//1891 4082//1892
f 4080//1887 4081//1890 4084//1893 4083//1891
f 148//1881 1522//1894 4076//1885 1519//1882
f 1522//1894 1523//1895 4077//1886 4076//1885
f 1523//1895 1524//1896 4078//1889 4077//1886
f 1524//1896 145//1842 1503//1844 4078//1889
f 4078//1889 1503//1844 1502//1852 4081//1890
f 4081//1890 1502//1852 1501//1851 4084//1893
f 4084//1893 1501//1851 141//357 589//874
f 4083//1891 4084//1893 589//874 590//873
f 4082//1892 4083//1891 590//873 591//872
f 1521//1884 4082//1892 591//872 144//871
f 1520//1883 4079//1888 4082//1892 1521//1884
f 1519//1882 4076//1885 4079//1888 1520//1883
f 4085//1758 4086//348 4089//348 4088//1758
f 4086//348 4087//1757 4090//1757 4089//348
f 4088//1758 4089//348 4092//348 4091//1758
f 4089//348 4090//1757 4093//1757 4092//348
f 149//1760 1528//1758 4085//1758 1527//1760
f 1528//1758 1529//348 4086//348 4085//1758
f 1529//348 1530//1757 4087//1757 4086//348
f 1530//1757 150//1759 1531//1759 4087//1757
f 4087//1757 1531//1759 1532//1759 4090//1757
f 4090//1757 1532//1759 1533//1759 4093//1757
f 4093//1757 1533//1759 146//1847 1506//1846
f 4092//348 4093//1757 1506//1846 1505//1845
f 4091//1758 4092//348 1505//1845 1504//1843
f 1525//1760 4091//1758 1504//1843 145//1842
f 1526//1760 4088//1758 4091//1758 1525//1760
f 1527//1760 4085//1758 4088//1758 1526//1760
f 4094//1768 4095//135 4098//135 4097//1768
f 4095//135 4096//1767 4099//1767 4098//135
f 4097//1768 4098//135 4101//135 4100//1768
f 4098//135 4099//1767 4102//1767 4101//135
f 150//1759 1534//1768 4094//1768 1531//1759
f 1534//1768 1535//135 4095//135 4094//1768
f 1535//135 1536//1767 4096//1767 4095//135
f 1536//1767 151//1766 1537//1766 4096//1767
f 4096//1767 1537//1766 1538//1766 4099//1767
f 4099//1767 1538//1766 1539//1766 4102//1767
f 4102//1767 1539//1766 147//1865 1512//1864
f 4101//135 4102//1767 1512//1864 1511//1863
f 4100//1768 4101//135 1511//1863 1510//1862
f 1533//1759 4100//1768 1510//1862 146//1847
f 1532//1759 4097//1768 4100//1768 1533//1759
f 1531//1759 4094//1768 4097//1768 1532//1759
f 4103//1765 4104//417 4107//340 4106//1765
f 4104//417 4105//1764 4108//1764 4107//340
f 4106//1765 4107//340 4110//340 4109//1765
f 4107//340 4108//1764 4111//1764 4110//340
f 151//1766 1540//1765 4103//1765 1537//1766
f 1540//1765 1541//417 4104//417 4103//1765
f 1541//417 1542//1764 4105//1764 4104//417
f 1542//1764 152//1763 1543//1763 4105//1764
f 4105//1764 1543//1763 1544//1763 4108//1764
f 4108//1764 1544//1763 1545//1763 4111//1764
f 4111//1764 1545//1763 148//1881 1518//1880
f 4110//340 4111//1764 1518//1880 1517//1879
f 4109//1765 4110//340 1517//1879 1516//1878
f 1539//1766 4109//1765 1516//1878 147//1865
f 1538//1766 4106//1765 4109//1765 1539//1766
f 1537//1766 4103//1765 4106//1765 1538//1766
f 4112//1762 4113//126 4116//126 4115//1762
f 4113//126 4114//1761 4117//1761 4116//126
f 4115//1762 4116//126 4119//1897 4118//1762
f 4116//126 4117//1761 4120//1761 4119//1897
f 152//1763 1546//1762 4112//1762 1543//1763
f 1546//1762 1547//126 4113//126 4112//1762
f 1547//126 1548//1761 4114//1761 4113//126
f 1548//1761 149//1760 1527//1760 4114//1761
f 4114//1761 1527//1760 1526//1760 4117//1761
f 4117//1761 1526//1760 1525//1760 4120//1761
f 4120//1761 1525//1760 145//1842 1524//1896
f 4119//1897 4120//1761 1524//1896 1523//1895
f 4118//1762 4119//1897 1523//1895 1522//1894
f 1545//1763 4118//1762 1522//1894 148//1881
f 1544//1763 4115//1762 4118//1762 1545//1763
f 1543//1763 4112//1762 4115//1762 1544//1763
f 4121//1758 4122//348 4125//348 4124//1758
f 4122//348 4123//1757 4126//1757 4125//348
f 4124//1758 4125//348 4128//348 4127//1758
f 4125//348 4126//1757 4129//1757 4128//348
f 153//1760 1552//1758 4121//1758 1551//1760
f 1552//1758 1553//348 4122//348 4121//1758
f 1553//348 1554//1757 4123//1757 4122//348
f 1554//1757 154//1759 1555//1759 4123//1757
f 4123//1757 1555//1759 1556//1759 4126//1757
f 4126//1757 1556//1759 1557//1759 4129//1757
f 4129//1757 1557//1759 150//1759 1530//1757
f 4128//348 4129//1757 1530//1757 1529//348
f 4127//1758 4128//348 1529//348 1528//1758
f 1549//1760 4127//1758 1528//1758 149//1760
f 1550//1760 4124//1758 4127//1758 1549//1760
f 1551//1760 4121//1758 4124//1758 1550//1760
f 4130//1768 4131//135 4134//135 4133//1768
f 4131//135 4132//1767 4135//1767 4134//135
f 4133//1768 4134//135 4137//135 4136//1768
f 4134//135 4135//1767 4138//1767 4137//135
f 154//1759 1558//1768 4130//1768 1555//1759
f 1558//1768 1559//135 4131//135 4130//1768
f 1559//135 1560//1767 4132//1767 4131//135
f 1560//1767 155//1766 1561//1766 4132//1767
f 4132//1767 1561//1766 1562//1766 4135//1767
f 4135//1767 1562//1766 1563//1766 4138//1767
f 4138//1767 1563//1766 151//1766 1536//1767
f 4137//135 4138//1767 1536//1767 1535//135
f 4136//1768 4137//135 1535//135 1534//1768
f 1557//1759 4136//1768 1534//1768 150//1759
f 1556//1759 4133//1768 4136//1768 1557//1759
f 1555//1759 4130//1768 4133//1768 1556//1759
f 4139//1765 4140//340 4143//340 4142//1765
f 4140//340 4141//1764 4144//1764 4143//340
f 4142//1765 4143//340 4146//340 4145//1765
f 4143//340 4144//1764 4147//1764 4146//340
f 155//1766 1564//1765 4139//1765 1561//1766
f 1564//1765 1565//340 4140//340 4139//1765
f 1565//340 1566//1764 4141//1764 4140//340
f 1566//1764 156//1763 1567//1763 4141//1764
f 4141//1764 1567//1763 1568//1763 4144//1764
f 4144//1764 1568//1763 1569//1763 4147//1764
f 4147//1764 1569//1763 152//1763 1542//1764
f 4146//340 4147//1764 1542//1764 1541//417
f 4145//1765 4146//340 1541//417 1540//1765
f 1563//1766 4145//1765 1540//1765 151//1766
f 1562//1766 4142//1765 4145//1765 1563//1766
f 1561//1766 4139//1765 4142//1765 1562//1766
f 4148//1762 4149//126 4152//126 4151//1762
f 4149//126 4150//1761 4153//1761 4152//126
f 4151//1762 4152//126 4155//126 4154//1762
f 4152//126 4153//1761 4156//1761 4155//126
f 156//1763 1570//1762 4148//1762 1567//1763
f 1570//1762 1571//126 4149//126 4148//1762
f 1571//126 1572//1761 4150//1761 4149//126
f 1572//1761 153//1760 1551//1760 4150//1761
f 4150//1761 1551//1760 1550//1760 4153//1761
f 4153//1761 1550//1760 1549//1760 4156//1761
f 4156//1761 1549//1760 149//1760 1548//1761
f 4155//126 4156//1761 1548//1761 1547//126
f 4154//1762 4155//126 1547//126 1546//1762
f 1569//1763 4154//1762 1546//1762 152//1763
f 1568//1763 4151//1762 4154//1762 1569//1763
f 1567//1763 4148//1762 4151//1762 1568//1763
f 4157//1758 4158//348 4161//348 4160//1758
f 4158//348 4159//1757 4162//1757 4161//348
f 4160//1758 4161//348 4164//348 4163//1758
f 4161//348 4162//1757 4165//1757 4164//348
f 157//1760 1576//1758 4157//1758 1575//1760
f 1576//1758 1577//348 4158//348 4157//1758
f 1577//348 1578//1757 4159//1757 4158//348
f 1578//1757 158//1759 1579//1759 4159//1757
f 4159//1757 1579//1759 1580//1759 4162//1757
f 4162//1757 1580//1759 1581//1759 4165//1757
f 4165//1757 1581//1759 154//1759 1554//1757
f 4164//348 4165//1757 1554//1757 1553//348
f 4163//1758 4164//348 1553//348 1552//1758
f 1573//1760 4163//1758 1552//1758 153//1760
f 1574//1760 4160//1758 4163//1758 1573//1760
f 1575//1760 4157//1758 4160//1758 1574//1760
f 4166//1768 4167//135 4170//135 4169//1768
f 4167//135 4168//1767 4171//1767 4170//135
f 4169//1768 4170//135 4173//135 4172//1768
f 4170//135 4171//1767 4174//1767 4173//135
f 158//1759 1582//1768 4166//1768 1579//1759
f 1582//1768 1583//135 4167//135 4166//1768
f 1583//135 1584//1767 4168//1767 4167//135
f 1584//1767 159//1766 1585//1766 4168//1767
f 4168//1767 1585//1766 1586//1766 4171//1767
f 4171//1767 1586//1766 1587//1766 4174//1767
f 4174//1767 1587//1766 155//1766 1560//1767
f 4173//135 4174//1767 1560//1767 1559//135
f 4172//1768 4173//135 1559//135 1558//1768
f 1581//1759 4172//1768 1558//1768 154//1759
f 1580//1759 4169//1768 4172//1768 1581//1759
f 1579//1759 4166//1768 4169//1768 1580//1759
f 4175//1765 4176//417 4179//340 4178//1765
f 4176//417 4177//1764 4180//1764 4179//340
f 4178//1765 4179//340 4182//340 4181//1765
f 4179//340 4180//1764 4183//1764 4182//340
f 159//1766 1588//1765 4175//1765 1585//1766
f 1588//1765 1589//340 4176//417 4175//1765
f 1589//340 1590//1764 4177//1764 4176//417
f 1590//1764 160//1763 1591//1763 4177//1764
f 4177//1764 1591//1763 1592//1763 4180//1764
f 4180//1764 1592//1763 1593//1763 4183//1764
f 4183//1764 1593//1763 156//1763 1566//1764
f 4182//340 4183//1764 1566//1764 1565//340
f 4181//1765 4182//340 1565//340 1564//1765
f 1587//1766 4181//1765 1564//1765 155//1766
f 1586//1766 4178//1765 4181//1765 1587//1766
f 1585//1766 4175//1765 4178//1765 1586//1766
f 4184//1762 4185//126 4188//126 4187//1762
f 4185//126 4186//1761 4189//1761 4188//126
f 4187//1762 4188//126 4191//126 4190//1762
f 4188//126 4189//1761 4192//1761 4191//126
f 160//1763 1594//1762 4184//1762 1591//1763
f 1594//1762 1595//126 4185//126 4184//1762
f 1595//126 1596//1761 4186//1761 4185//126
f 1596//1761 157//1760 1575//1760 4186//1761
f 4186//1761 1575//1760 1574//1760 4189//1761
f 4189//1761 1574//1760 1573//1760 4192//1761
f 4192//1761 1573//1760 153//1760 1572//1761
f 4191//126 4192//1761 1572//1761 1571//126
f 4190//1762 4191//126 1571//126 1570//1762
f 1593//1763 4190//1762 1570//1762 156//1763
f 1592//1763 4187//1762 4190//1762 1593//1763
f 1591//1763 4184//1762 4187//1762 1592//1763
f 4193//1758 4194//383 4197//383 4196//1758
f 4194//383 4195//1757 4198//1757 4197//383
f 4196//1758 4197//383 4200//348 4199//1758
f 4197//383 4198//1757 4201//1757 4200//348
f 161//1898 1600//1899 4193//1758 1599//1760
f 1600//1899 1601//1900 4194//383 4193//1758
f 1601//1900 1602//1901 4195//1757 4194//383
f 1602//1901 162//1902 1603//1759 4195//1757
f 4195//1757 1603//1759 1604//1759 4198//1757
f 4198//1757 1604//1759 1605//1759 4201//1757
f 4201//1757 1605//1759 158//1759 1578//1757
f 4200//348 4201//1757 1578//1757 1577//348
f 4199//1758 4200//348 1577//348 1576//1758
f 1597//1760 4199//1758 1576//1758 157//1760
f 1598//1760 4196//1758 4199//1758 1597//1760
f 1599//1760 4193//1758 4196//1758 1598//1760
f 4202//1768 4203//135 4206//135 4205//1768
f 4203//135 4204//1767 4207//1767 4206//135
f 4205//1768 4206//135 4209//135 4208//1768
f 4206//135 4207//1767 4210//1767 4209//135
f 162//1902 1606//1903 4202//1768 1603//1759
f 1606//1903 1607//1904 4203//135 4202//1768
f 1607//1904 1608//1905 4204//1767 4203//135
f 1608//1905 163//1906 1609//1766 4204//1767
f 4204//1767 1609//1766 1610//1766 4207//1767
f 4207//1767 1610//1766 1611//1766 4210//1767
f 4210//1767 1611//1766 159//1766 1584//1767
f 4209//135 4210//1767 1584//1767 1583//135
f 4208//1768 4209//135 1583//135 1582//1768
f 1605//1759 4208//1768 1582//1768 158//1759
f 1604//1759 4205//1768 4208//1768 1605//1759
f 1603//1759 4202//1768 4205//1768 1604//1759
f 4211//1765 4212//417 4215//340 4214//1765
f 4212//417 4213//1764 4216//1764 4215//340
f 4214//1765 4215//340 4218//340 4217//1765
f 4215//340 4216//1764 4219//1764 4218//340
f 163//1906 1612//1907 4211//1765 1609//1766
f 1612//1907 1613//1908 4212//417 4211//1765
f 1613//1908 1614//1909 4213//1764 4212//417
f 1614//1909 164//1910 1615//1763 4213//1764
f 4213//1764 1615//1763 1616//1763 4216//1764
f 4216//1764 1616//1763 1617//1763 4219//1764
f 4219//1764 1617//1763 160//1763 1590//1764
f 4218//340 4219//1764 1590//1764 1589//340
f 4217//1765 4218//340 1589//340 1588//1765
f 1611//1766 4217//1765 1588//1765 159//1766
f 1610//1766 4214//1765 4217//1765 1611//1766
f 1609//1766 4211//1765 4214//1765 1610//1766
f 4220//1762 4221//126 4224//126 4223//1762
f 4221//126 4222//1761 4225//1761 4224//126
f 4223//1762 4224//126 4227//126 4226//1762
f 4224//126 4225//1761 4228//1761 4227//126
f 164//1910 1618//1911 4220//1762 1615//1763
f 1618//1911 1619//1912 4221//126 4220//1762
f 1619//1912 1620//1913 4222//1761 4221//126
f 1620//1913 161//1898 1599//1760 4222//1761
f 4222//1761 1599//1760 1598//1760 4225//1761
f 4225//1761 1598//1760 1597//1760 4228//1761
f 4228//1761 1597//1760 157//1760 1596//1761
f 4227//126 4228//1761 1596//1761 1595//126
f 4226//1762 4227//126 1595//126 1594//1762
f 1617//1763 4226//1762 1594//1762 160//1763
f 1616//1763 4223//1762 4226//1762 1617//1763
f 1615//1763 4220//1762 4223//1762 1616//1763
f 4229//1914 4230//1915 4233//1916 4232//1917
f 4230//1915 4231//1918 4234//1919 4233//1916
f 4232//1917 4233//1916 4236//1920 4235//1921
f 4233//1916 4234//1919 4237//1922 4236//1920
f 165//829 960//1444 4229//1914 1623//1923
f 960//1444 959//1443 4230//1915 4229//1914
f 959//1443 958//1442 4231//1918 4230//1915
f 958//1442 166//1034 1624//1924 4231//1918
f 4231//1918 1624//1924 1625//1925 4234//1919
f 4234//1919 1625//1925 1626//1926 4237//1922
f 4237//1922 1626//1926 162//1902 1602//1901
f 4236//1920 4237//1922 1602//1901 1601//1900
f 4235//1921 4236//1920 1601//1900 1600//1899
f 1621//1927 4235//1921 1600//1899 161//1898
f 1622//1928 4232//1917 4235//1921 1621//1927
f 1623//1923 4229//1914 4232//1917 1622//1928
f 4238//1929 4239//1930 4242//1931 4241//1932
f 4239//1930 4240//1933 4243//1934 4242//1931
f 4241//1932 4242//1931 4245//1935 4244//1936
f 4242//1931 4243//1934 4246//1937 4245//1935
f 166//1034 964//1585 4238//1929 1624//1924
f 964//1585 965//1590 4239//1930 4238//1929
f 965//1590 966//1589 4240//1933 4239//1930
f 966//1589 167//1114 1627//1938 4240//1933
f 4240//1933 1627//1938 1628//1939 4243//1934
f 4243//1934 1628//1939 1629//1940 4246//1937
f 4246//1937 1629//1940 163//1906 1608//1905
f 4245//1935 4246//1937 1608//1905 1607//1904
f 4244//1936 4245//1935 1607//1904 1606//1903
f 1626//1926 4244//1936 1606//1903 162//1902
f 1625//1925 4241//1932 4244//1936 1626//1926
f 1624//1924 4238//1929 4241//1932 1625//1925
f 4247//1941 4248//1942 4251//1943 4250//1944
f 4248//1942 4249//1945 4252//1946 4251//1943
f 4250//1944 4251//1943 4254//1947 4253//1948
f 4251//1943 4252//1946 4255//1949 4254//1947
f 167//1114 970//1116 4247//1941 1627//1938
f 970//1116 971//1124 4248//1942 4247//1941
f 971//1124 972//1123 4249//1945 4248//1942
f 972//1123 168//833 1630//1950 4249//1945
f 4249//1945 1630//1950 1631//1951 4252//1946
f 4252//1946 1631//1951 1632//1952 4255//1949
f 4255//1949 1632//1952 164//1910 1614//1909
f 4254//1947 4255//1949 1614//1909 1613//1908
f 4253//1948 4254//1947 1613//1908 1612//1907
f 1629//1940 4253//1948 1612//1907 163//1906
f 1628//1939 4250//1944 4253//1948 1629//1940
f 1627//1938 4247//1941 4250//1944 1628//1939
f 4256//1953 4257//1954 4260//1955 4259//1956
f 4257//1954 4258//1957 4261//1958 4260//1955
f 4259//1956 4260//1955 4263//1959 4262//1960
f 4260//1955 4261//1958 4264//1961 4263//1959
f 168//833 924//835 4256//1953 1630//1950
f 924//835 923//832 4257//1954 4256//1953
f 923//832 922//830 4258//1957 4257//1954
f 922//830 165//829 1623//1923 4258//1957
f 4258//1957 1623//1923 1622//1928 4261//1958
f 4261//1958 1622//1928 1621//1927 4264//1961
f 4264//1961 1621//1927 161//1898 1620//1913
f 4263//1959 4264//1961 1620//1913 1619//1912
f 4262//1960 4263//1959 1619//1912 1618//1911
f 1632//1952 4262//1960 1618//1911 164//1910
f 1631//1951 4259//1956 4262//1960 1632//1952
f 1630//1950 4256//1953 4259//1956 1631//1951
f 4265//1962 4266//1963 4269//1964 4268//1965
f 4266//1963 4267//1966 4270//1967 4269//1964
f 4268//1965 4269//1964 4272//1968 4271//1969
f 4269//1964 4270//1967 4273//1970 4272//1968
f 169//1253 898//1554 4265//1962 1635//1971
f 898//1554 899//1553 4266//1963 4265//1962
f 899//1553 900//1552 4267//1966 4266//1963
f 900//1552 170//1038 1636//1972 4267//1966
f 4267//1966 1636//1972 1637//1973 4270//1967
f 4270//1967 1637//1973 1638//1974 4273//1970
f 4273//1970 1638//1974 174//1975 1639//1976
f 4272//1968 4273//1970 1639//1976 1640//1977
f 4271//1969 4272//1968 1640//1977 1641//1978
f 1633//1979 4271//1969 1641//1978 173//1980
f 1634//1981 4268//1965 4271//1969 1633//1979
f 1635//1971 4265//1962 4268//1965 1634//1981
f 4274//1982 4275//1983 4278//1984 4277//1985
f 4275//1983 4276//1986 4279//1987 4278//1984
f 4277//1985 4278//1984 4281//1988 4280//1989
f 4278//1984 4279//1987 4282//1990 4281//1988
f 170//1038 877//1441 4274//1982 1636//1972
f 877//1441 878//1446 4275//1983 4274//1982
f 878//1446 879//1445 4276//1986 4275//1983
f 879//1445 171//824 1642//1991 4276//1986
f 4276//1986 1642//1991 1643//1992 4279//1987
f 4279//1987 1643//1992 1644//1993 4282//1990
f 4282//1990 1644//1993 175//1994 1645//1995
f 4281//1988 4282//1990 1645//1995 1646//1996
f 4280//1989 4281//1988 1646//1996 1647//1997
f 1638//1974 4280//1989 1647//1997 174//1975
f 1637//1973 4277//1985 4280//1989 1638//1974
f 1636//1972 4274//1982 4277//1985 1637//1973
f 4283//1998 4284//1999 4287//2000 4286//2001
f 4284//1999 4285//2002 4288//2003 4287//2000
f 4286//2001 4287//2000 4290//2004 4289//2005
f 4287//2000 4288//2003 4291//2006 4290//2004
f 171//824 913//1084 4283//1998 1642//1991
f 913//1084 914//1083 4284//1999 4283//1998
f 914//1083 915//1082 4285//2002 4284//1999
f 915//1082 172//1081 1648//2007 4285//2002
f 4285//2002 1648//2007 1649//2008 4288//2003
f 4288//2003 1649//2008 1650//2009 4291//2006
f 4291//2006 1650//2009 176//2010 1651//2011
f 4290//2004 4291//2006 1651//2011 1652//2012
f 4289//2005 4290//2004 1652//2012 1653//2013
f 1644//1993 4289//2005 1653//2013 175//1994
f 1643//1992 4286//2001 4289//2005 1644//1993
f 1642//1991 4283//1998 4286//2001 1643//1992
f 4292//2014 4293//2015 4296//2016 4295//2017
f 4293//2015 4294//2018 4297//2019 4296//2016
f 4295//2017 4296//2016 4299//2020 4298//2021
f 4296//2016 4297//2019 4300//2022 4299//2020
f 172//1081 916//1256 4292//2014 1648//2007
f 916//1256 917//1255 4293//2015 4292//2014
f 917//1255 918//1254 4294//2018 4293//2015
f 918//1254 169//1253 1635//1971 4294//2018
f 4294//2018 1635//1971 1634//1981 4297//2019
f 4297//2019 1634//1981 1633//1979 4300//2022
f 4300//2022 1633//1979 173//1980 1654//2023
f 4299//2020 4300//2022 1654//2023 1655//2024
f 4298//2021 4299//2020 1655//2024 1656//2025
f 1650//2009 4298//2021 1656//2025 176//2010
f 1649//2008 4295//2017 4298//2021 1650//2009
f 1648//2007 4292//2014 4295//2017 1649//2008
f 4301//134 4302//135 4305//135 4304//134
f 4302//135 4303//136 4306//136 4305//135
f 4304//134 4305//135 4308//135 4307//134
f 4305//135 4306//136 4309//136 4308//135
f 173//1980 1641//1978 4301//134 1659//105
f 1641//1978 1640//1977 4302//135 4301//134
f 1640//1977 1639//1976 4303//136 4302//135
f 1639//1976 174//1975 1660//132 4303//136
f 4303//136 1660//132 1661//132 4306//136
f 4306//136 1661//132 1662//132 4309//136
f 4309//136 1662//132 178//133 1663//136
f 4308//135 4309//136 1663//136 1664//135
f 4307//134 4308//135 1664//135 1665//134
f 1657//105 4307//134 1665//134 177//105
f 1658//105 4304//134 4307//134 1657//105
f 1659//105 4301//134 4304//134 1658//105
f 4310//129 4311//130 4314//130 4313//129
f 4311//130 4312//131 4315//131 4314//130
f 4313//129 4314//130 4317//130 4316//129
f 4314//130 4315//131 4318//131 4317//130
f 174//1975 1647//1997 4310//129 1660//132
f 1647//1997 1646//1996 4311//130 4310//129
f 1646//1996 1645//1995 4312//131 4311//130
f 1645//1995 175//1994 1666//128 4312//131
f 4312//131 1666//128 1667//128 4315//131
f 4315//131 1667//128 1668//128 4318//131
f 4318//131 1668//128 179//128 1669//131
f 4317//130 4318//131 1669//131 1670//130
f 4316//129 4317//130 1670//130 1671//129
f 1662//132 4316//129 1671//129 178//133
f 1661//132 4313//129 4316//129 1662//132
f 1660//132 4310//129 4313//129 1661//132
f 4319//125 4320//126 4323//126 4322//125
f 4320//126 4321//127 4324//127 4323//126
f 4322//125 4323//126 4326//126 4325//125
f 4323//126 4324//127 4327//127 4326//126
f 175//1994 1653//2013 4319//125 1666//128
f 1653//2013 1652//2012 4320//126 4319//125
f 1652//2012 1651//2011 4321//127 4320//126
f 1651//2011 176//2010 1672//103 4321//127
f 4321//127 1672//103 1673//104 4324//127
f 4324//127 1673//104 1674//104 4327//127
f 4327//127 1674//104 180//103 1675//127
f 4326//126 4327//127 1675//127 1676//126
f 4325//125 4326//126 1676//126 1677//125
f 1668//128 4325//125 1677//125 179//128
f 1667//128 4322//125 4325//125 1668//128
f 1666//128 4319//125 4322//125 1667//128
f 4328//100 4329//101 4332//101 4331//100
f 4329//101 4330//102 4333//102 4332//101
f 4331//100 4332//101 4335//101 4334//100
f 4332//101 4333//102 4336//102 4335//101
f 176//2010 1656//2025 4328//100 1672//103
f 1656//2025 1655//2024 4329//101 4328//100
f 1655//2024 1654//2023 4330//102 4329//101
f 1654//2023 173//1980 1659//105 4330//102
f 4330//102 1659//105 1658//105 4333//102
f 4333//102 1658//105 1657//105 4336//102
f 4336//102 1657//105 177//105 1678//102
f 4335//101 4336//102 1678//102 1679//101
f 4334//100 4335//101 1679//101 1680//100
f 1674//104 4334//100 1680//100 180//103
f 1673//104 4331//100 4334//100 1674//104
f 1672//103 4328//100 4331//100 1673//104
f 4337//134 4338//135 4341//135 4340//134
f 4338//135 4339//136 4342//136 4341//135
f 4340//134 4341//135 4344//135 4343//134
f 4341//135 4342//136 4345//136 4344//135
f 177//105 1665//134 4337//134 1683//105
f 1665//134 1664//135 4338//135 4337//134
f 1664//135 1663//136 4339//136 4338//135
f 1663//136 178//133 1684//133 4339//136
f 4339//136 1684//133 1685//133 4342//136
f 4342//136 1685//133 1686//133 4345//136
f 4345//136 1686//133 182//132 1687//136
f 4344//135 4345//136 1687//136 1688//135
f 4343//134 4344//135 1688//135 1689//134
f 1681//105 4343//134 1689//134 181//105
f 1682//105 4340//134 4343//134 1681//105
f 1683//105 4337//134 4340//134 1682//105
f 4346//129 4347//130 4350//130 4349//129
f 4347//130 4348//131 4351//131 4350//130
f 4349//129 4350//130 4353//130 4352//129
f 4350//130 4351//131 4354//131 4353//130
f 178//133 1671//129 4346//129 1684//133
f 1671//129 1670//130 4347//130 4346//129
f 1670//130 1669//131 4348//131 4347//130
f 1669//131 179//128 1690//128 4348//131
f 4348//131 1690//128 1691//128 4351//131
f 4351//131 1691//128 1692//128 4354//131
f 4354//131 1692//128 183//128 1693//131
f 4353//130 4354//131 1693//131 1694//130
f 4352//129 4353//130 1694//130 1695//129
f 1686//133 4352//129 1695//129 182//132
f 1685//133 4349//129 4352//129 1686//133
f 1684//133 4346//129 4349//129 1685//133
f 4355//125 4356//126 4359//126 4358//125
f 4356//126 4357//127 4360//127 4359//126
f 4358//125 4359//126 4362//126 4361//125
f 4359//126 4360//127 4363//127 4362//126
f 179//128 1677//125 4355//125 1690//128
f 1677//125 1676//126 4356//126 4355//125
f 1676//126 1675//127 4357//127 4356//126
f 1675//127 180//103 1696//104 4357//127
f 4357//127 1696//104 1697//104 4360//127
f 4360//127 1697//104 1698//103 4363//127
f 4363//127 1698//103 184//103 1699//127
f 4362//126 4363//127 1699//127 1700//126
f 4361//125 4362//126 1700//126 1701//125
f 1692//128 4361//125 1701//125 183//128
f 1691//128 4358//125 4361//125 1692//128
f 1690//128 4355//125 4358//125 1691//128
f 4364//100 4365//101 4368//101 4367//100
f 4365//101 4366//102 4369//102 4368//101
f 4367//100 4368//101 4371//101 4370//100
f 4368//101 4369//102 4372//102 4371//101
f 180//103 1680//100 4364//100 1696//104
f 1680//100 1679//101 4365//101 4364//100
f 1679//101 1678//102 4366//102 4365//101
f 1678//102 177//105 1683//105 4366//102
f 4366//102 1683//105 1682//105 4369//102
f 4369//102 1682//105 1681//105 4372//102
f 4372//102 1681//105 181//105 1702//102
f 4371//101 4372//102 1702//102 1703//101
f 4370//100 4371//101 1703//101 1704//100
f 1698//103 4370//100 1704//100 184//103
f 1697//104 4367//100 4370//100 1698//103
f 1696//104 4364//100 4367//100 1697//104
f 4373//134 4374//135 4377//135 4376//134
f 4374//135 4375//136 4378//136 4377//135
f 4376//134 4377//135 4380//135 4379//134
f 4377//135 4378//136 4381//136 4380//135
f 181//105 1689//134 4373//134 1707//105
f 1689//134 1688//135 4374//135 4373//134
f 1688//135 1687//136 4375//136 4374//135
f 1687//136 182//132 1708//132 4375//136
f 4375//136 1708//132 1709//132 4378//136
f 4378//136 1709//132 1710//133 4381//136
f 4381//136 1710//133 186//132 1711//136
f 4380//135 4381//136 1711//136 1712//135
f 4379//134 4380//135 1712//135 1713//134
f 1705//105 4379//134 1713//134 185//105
f 1706//105 4376//134 4379//134 1705//105
f 1707//105 4373//134 4376//134 1706//105
f 4382//129 4383//130 4386//130 4385//129
f 4383//130 4384//131 4387//131 4386//130
f 4385//129 4386//130 4389//130 4388//129
f 4386//130 4387//131 4390//131 4389//130
f 182//132 1695//129 4382//129 1708//132
f 1695//129 1694//130 4383//130 4382//129
f 1694//130 1693//131 4384//131 4383//130
f 1693//131 183//128 1714//128 4384//131
f 4384//131 1714//128 1715//128 4387//131
f 4387//131 1715//128 1716//128 4390//131
f 4390//131 1716//128 187//128 1717//131
f 4389//130 4390//131 1717//131 1718//130
f 4388//129 4389//130 1718//130 1719//129
f 1710//133 4388//129 1719//129 186//132
f 1709//132 4385//129 4388//129 1710//133
f 1708//132 4382//129 4385//129 1709//132
f 4391//125 4392//126 4395//126 4394//125
f 4392//126 4393//127 4396//127 4395//126
f 4394//125 4395//126 4398//126 4397//125
f 4395//126 4396//127 4399//127 4398//126
f 183//128 1701//125 4391//125 1714//128
f 1701//125 1700//126 4392//126 4391//125
f 1700//126 1699//127 4393//127 4392//126
f 1699//127 184//103 1720//103 4393//127
f 4393//127 1720//103 1721//104 4396//127
f 4396//127 1721//104 1722//104 4399//127
f 4399//127 1722//104 188//103 1723//127
f 4398//126 4399//127 1723//127 1724//1897
f 4397//125 4398//126 1724//1897 1725//125
f 1716//128 4397//125 1725//125 187//128
f 1715//128 4394//125 4397//125 1716//128
f 1714//128 4391//125 4394//125 1715//128
f 4400//100 4401//101 4404//101 4403//100
f 4401//101 4402//102 4405//102 4404//101
f 4403//100 4404//101 4407//101 4406//100
f 4404//101 4405//102 4408//102 4407//101
f 184//103 1704//100 4400//100 1720//103
f 1704//100 1703//101 4401//101 4400//100
f 1703//101 1702//102 4402//102 4401//101
f 1702//102 181//105 1707//105 4402//102
f 4402//102 1707//105 1706//105 4405//102
f 4405//102 1706//105 1705//105 4408//102
f 4408//102 1705//105 185//105 1726//102
f 4407//101 4408//102 1726//102 1727//101
f 4406//100 4407//101 1727//101 1728//100
f 1722//104 4406//100 1728//100 188//103
f 1721//104 4403//100 4406//100 1722//104
f 1720//103 4400//100 4403//100 1721//104
f 4409//134 4410//135 4413//135 4412//134
f 4410//135 4411//136 4414//136 4413//135
f 4412//134 4413//135 4416//135 4415//134
f 4413//135 4414//136 4417//136 4416//135
f 185//105 1713//134 4409//134 1731//105
f 1713//134 1712//135 4410//135 4409//134
f 1712//135 1711//136 4411//136 4410//135
f 1711//136 186//132 1732//132 4411//136
f 4411//136 1732//132 1733//133 4414//136
f 4414//136 1733//133 1734//133 4417//136
f 4417//136 1734//133 190//2026 1735//2027
f 4416//135 4417//136 1735//2027 1736//2028
f 4415//134 4416//135 1736//2028 1737//2029
f 1729//105 4415//134 1737//2029 189//2030
f 1730//105 4412//134 4415//134 1729//105
f 1731//105 4409//134 4412//134 1730//105
f 4418//129 4419//130 4422//130 4421//129
f 4419//130 4420//131 4423//131 4422//130
f 4421//129 4422//130 4425//130 4424//129
f 4422//130 4423//131 4426//131 4425//130
f 186//132 1719//129 4418//129 1732//132
f 1719//129 1718//130 4419//130 4418//129
f 1718//130 1717//131 4420//131 4419//130
f 1717//131 187//128 1738//128 4420//131
f 4420//131 1738//128 1739//128 4423//131
f 4423//131 1739//128 1740//128 4426//131
f 4426//131 1740//128 191//2031 1741//2032
f 4425//130 4426//131 1741//2032 1742//2033
f 4424//129 4425//130 1742//2033 1743//2034
f 1734//133 4424//129 1743//2034 190//2026
f 1733//133 4421//129 4424//129 1734//133
f 1732//132 4418//129 4421//129 1733//133
f 4427//125 4428//126 4431//126 4430//125
f 4428//126 4429//127 4432//127 4431//126
f 4430//125 4431//126 4434//126 4433//125
f 4431//126 4432//127 4435//127 4434//126
f 187//128 1725//125 4427//125 1738//128
f 1725//125 1724//1897 4428//126 4427//125
f 1724//1897 1723//127 4429//127 4428//126
f 1723//127 188//103 1744//103 4429//127
f 4429//127 1744//103 1745//103 4432//127
f 4432//127 1745//103 1746//103 4435//127
f 4435//127 1746//103 192//2035 1747//2036
f 4434//126 4435//127 1747//2036 1748//2037
f 4433//125 4434//126 1748//2037 1749//2038
f 1740//128 4433//125 1749//2038 191//2031
f 1739//128 4430//125 4433//125 1740//128
f 1738//128 4427//125 4430//125 1739//128
f 4436//100 4437//101 4440//101 4439//100
f 4437//101 4438//102 4441//102 4440//101
f 4439//100 4440//101 4443//101 4442//100
f 4440//101 4441//102 4444//102 4443//101
f 188//103 1728//100 4436//100 1744//103
f 1728//100 1727//101 4437//101 4436//100
f 1727//101 1726//102 4438//102 4437//101
f 1726//102 185//105 1731//105 4438//102
f 4438//102 1731//105 1730//105 4441//102
f 4441//102 1730//105 1729//105 4444//102
f 4444//102 1729//105 189//2030 1750//2039
f 4443//101 4444//102 1750//2039 1751//2040
f 4442//100 4443//101 1751//2040 1752//2041
f 1746//103 4442//100 1752//2041 192//2035
f 1745//103 4439//100 4442//100 1746//103
f 1744//103 4436//100 4439//100 1745//103
f 4445//2042 4446//2043 4449//2044 4448//2045
f 4446//2043 4447//2046 4450//2047 4449//2044
f 4448//2045 4449//2044 4452//2048 4451//2049
f 4449//2044 4450//2047 4453//2050 4452//2048
f 189//2030 1737//2029 4445//2042 1755//2051
f 1737//2029 1736//2028 4446//2043 4445//2042
f 1736//2028 1735//2027 4447//2046 4446//2043
f 1735//2027 190//2026 1756//2052 4447//2046
f 4447//2046 1756//2052 1757//2053 4450//2047
f 4450//2047 1757//2053 1758//2054 4453//2050
f 4453//2050 1758//2054 194//891 859//1624
f 4452//2048 4453//2050 859//1624 860//1629
f 4451//2049 4452//2048 860//1629 861//1628
f 1753//2055 4451//2049 861//1628 193//774
f 1754//2056 4448//2045 4451//2049 1753//2055
f 1755//2051 4445//2042 4448//2045 1754//2056
f 4454//2057 4455//2058 4458//2059 4457//2060
f 4455//2058 4456//2061 4459//2062 4458//2059
f 4457//2060 4458//2059 4461//2063 4460//2064
f 4458//2059 4459//2062 4462//2065 4461//2063
f 190//2026 1743//2034 4454//2057 1756//2052
f 1743//2034 1742//2033 4455//2058 4454//2057
f 1742//2033 1741//2032 4456//2061 4455//2058
f 1741//2032 191//2031 1759//2066 4456//2061
f 4456//2061 1759//2066 1760//2067 4459//2062
f 4459//2062 1760//2067 1761//2068 4462//2065
f 4462//2065 1761//2068 195//1161 856//1476
f 4461//2063 4462//2065 856//1476 857//1475
f 4460//2064 4461//2063 857//1475 858//1474
f 1758//2054 4460//2064 858//1474 194//891
f 1757//2053 4457//2060 4460//2064 1758//2054
f 1756//2052 4454//2057 4457//2060 1757//2053
f 4463//2069 4464//2070 4467//2071 4466//2072
f 4464//2070 4465//2073 4468//2074 4467//2071
f 4466//2072 4467//2071 4470//2075 4469//2076
f 4467//2071 4468//2074 4471//2077 4470//2075
f 191//2031 1749//2038 4463//2069 1759//2066
f 1749//2038 1748//2037 4464//2070 4463//2069
f 1748//2037 1747//2036 4465//2073 4464//2070
f 1747//2036 192//2035 1762//2078 4465//2073
f 4465//2073 1762//2078 1763//2079 4468//2074
f 4468//2074 1763//2079 1764//2080 4471//2077
f 4471//2077 1764//2080 196//852 855//1164
f 4470//2075 4471//2077 855//1164 854//1163
f 4469//2076 4470//2075 854//1163 853//1162
f 1761//2068 4469//2076 853//1162 195//1161
f 1760//2067 4466//2072 4469//2076 1761//2068
f 1759//2066 4463//2069 4466//2072 1760//2067
f 4472//2081 4473//2082 4476//2083 4475//2084
f 4473//2082 4474//2085 4477//2086 4476//2083
f 4475//2084 4476//2083 4479//2087 4478//2088
f 4476//2083 4477//2086 4480//2089 4479//2087
f 192//2035 1752//2041 4472//2081 1762//2078
f 1752//2041 1751//2040 4473//2082 4472//2081
f 1751//2040 1750//2039 4474//2085 4473//2082
f 1750//2039 189//2030 1755//2051 4474//2085
f 4474//2085 1755//2051 1754//2056 4477//2086
f 4477//2086 1754//2056 1753//2055 4480//2089
f 4480//2089 1753//2055 193//774 837//855
f 4479//2087 4480//2089 837//855 836//854
f 4478//2088 4479//2087 836//854 835//853
f 1764//2080 4478//2088 835//853 196//852
f 1763//2079 4475//2084 4478//2088 1764//2080
f 1762//2078 4472//2081 4475//2084 1763//2079
f 4481//2090 4482//2091 4485//2092 4484//2093
f 4482//2091 4483//2094 4486//2095 4485//2092
f 4484//2093 4485//2092 4488//2096 4487//2097
f 4485//2092 4486//2095 4489//2098 4488//2096
f 197//410 661//1316 4481//2090 1767//2099
f 661//1316 662//1315 4482//2091 4481//2090
f 662//1315 663//1314 4483//2094 4482//2091
f 663//1314 198//1313 1768//2100 4483//2094
f 4483//2094 1768//2100 1769//2101 4486//2095
f 4486//2095 1769//2101 1770//2102 4489//2098
f 4489//2098 1770//2102 202//2103 1771//2104
f 4488//2096 4489//2098 1771//2104 1772//2105
f 4487//2097 4488//2096 1772//2105 1773//2106
f 1765//2107 4487//2097 1773//2106 201//2108
f 1766//2109 4484//2093 4487//2097 1765//2107
f 1767//2099 4481//2090 4484//2093 1766//2109
f 4490//2110 4491//2111 4494//2112 4493//2113
f 4491//2111 4492//2114 4495//2115 4494//2112
f 4493//2113 4494//2112 4497//2116 4496//2117
f 4494//2112 4495//2115 4498//2118 4497//2116
f 198//1313 655//1687 4490//2110 1768//2100
f 655//1687 656//1692 4491//2111 4490//2110
f 656//1692 657//1691 4492//2114 4491//2111
f 657//1691 199//604 1774//2119 4492//2114
f 4492//2114 1774//2119 1775//2120 4495//2115
f 4495//2115 1775//2120 1776//2121 4498//2118
f 4498//2118 1776//2121 203//2122 1777//2123
f 4497//2116 4498//2118 1777//2123 1778//2124
f 4496//2117 4497//2116 1778//2124 1779//2125
f 1770//2102 4496//2117 1779//2125 202//2103
f 1769//2101 4493//2113 4496//2117 1770//2102
f 1768//2100 4490//2110 4493//2113 1769//2101
f 4499//2126 4500//2127 4503//2128 4502//2129
f 4500//2127 4501//2130 4504//2131 4503//2128
f 4502//2129 4503//2128 4506//2132 4505//2133
f 4503//2128 4504//2131 4507//2134 4506//2132
f 199//604 670//1639 4499//2126 1774//2119
f 670//1639 671//1644 4500//2127 4499//2126
f 671//1644 672//1643 4501//2130 4500//2127
f 672//1643 200//414 1780//2135 4501//2130
f 4501//2130 1780//2135 1781//2136 4504//2131
f 4504//2131 1781//2136 1782//2137 4507//2134
f 4507//2134 1782//2137 204//2138 1783//2139
f 4506//2132 4507//2134 1783//2139 1784//2140
f 4505//2133 4506//2132 1784//2140 1785//2141
f 1776//2121 4505//2133 1785//2141 203//2122
f 1775//2120 4502//2129 4505//2133 1776//2121
f 1774//2119 4499//2126 4502//2129 1775//2120
f 4508//2142 4509//2143 4512//2144 4511//2145
f 4509//2143 4510//2146 4513//2147 4512//2144
f 4511//2145 4512//2144 4515//2148 4514//2149
f 4512//2144 4513//2147 4516//2150 4515//2148
f 200//414 673//416 4508//2142 1780//2135
f 673//416 674//413 4509//2143 4508//2142
f 674//413 675//411 4510//2146 4509//2143
f 675//411 197//410 1767//2099 4510//2146
f 4510//2146 1767//2099 1766//2109 4513//2147
f 4513//2147 1766//2109 1765//2107 4516//2150
f 4516//2150 1765//2107 201//2108 1786//2151
f 4515//2148 4516//2150 1786//2151 1787//2152
f 4514//2149 4515//2148 1787//2152 1788//2153
f 1782//2137 4514//2149 1788//2153 204//2138
f 1781//2136 4511//2145 4514//2149 1782//2137
f 1780//2135 4508//2142 4511//2145 1781//2136
f 4517//349 4518//348 4521//383 4520//349
f 4518//348 4519//347 4522//347 4521//383
f 4520//349 4521//383 4524//383 4523//349
f 4521//383 4522//347 4525//347 4524//383
f 201//2108 1773//2106 4517//349 1791//346
f 1773//2106 1772//2105 4518//348 4517//349
f 1772//2105 1771//2104 4519//347 4518//348
f 1771//2104 202//2103 1792//338 4519//347
f 4519//347 1792//338 1793//338 4522//347
f 4522//347 1793//338 1794//338 4525//347
f 4525//347 1794//338 206//338 1795//347
f 4524//383 4525//347 1795//347 1796//348
f 4523//349 4524//383 1796//348 1797//349
f 1789//346 4523//349 1797//349 205//346
f 1790//346 4520//349 4523//349 1789//346
f 1791//346 4517//349 4520//349 1790//346
f 4526//336 4527//130 4530//130 4529//336
f 4527//130 4528//335 4531//335 4530//130
f 4529//336 4530//130 4533//130 4532//336
f 4530//130 4531//335 4534//335 4533//130
f 202//2103 1779//2125 4526//336 1792//338
f 1779//2125 1778//2124 4527//130 4526//336
f 1778//2124 1777//2123 4528//335 4527//130
f 1777//2123 203//2122 1798//337 4528//335
f 4528//335 1798//337 1799//337 4531//335
f 4531//335 1799//337 1800//337 4534//335
f 4534//335 1800//337 207//337 1801//335
f 4533//130 4534//335 1801//335 1802//130
f 4532//336 4533//130 1802//130 1803//336
f 1794//338 4532//336 1803//336 206//338
f 1793//338 4529//336 4532//336 1794//338
f 1792//338 4526//336 4529//336 1793//338
f 4535//342 4536//340 4539//417 4538//342
f 4536//340 4537//339 4540//339 4539//417
f 4538//342 4539//417 4542//340 4541//342
f 4539//417 4540//339 4543//339 4542//340
f 203//2122 1785//2141 4535//342 1798//337
f 1785//2141 1784//2140 4536//340 4535//342
f 1784//2140 1783//2139 4537//339 4536//340
f 1783//2139 204//2138 1804//343 4537//339
f 4537//339 1804//343 1805//343 4540//339
f 4540//339 1805//343 1806//343 4543//339
f 4543//339 1806//343 208//343 1807//339
f 4542//340 4543//339 1807//339 1808//340
f 4541//342 4542//340 1808//340 1809//341
f 1800//337 4541//342 1809//341 207//337
f 1799//337 4538//342 4541//342 1800//337
f 1798//337 4535//342 4538//342 1799//337
f 4544//345 4545//101 4548//101 4547//345
f 4545//101 4546//344 4549//344 4548//101
f 4547//345 4548//101 4551//101 4550//345
f 4548//101 4549//344 4552//344 4551//101
f 204//2138 1788//2153 4544//345 1804//343
f 1788//2153 1787//2152 4545//101 4544//345
f 1787//2152 1786//2151 4546//344 4545//101
f 1786//2151 201//2108 1791//346 4546//344
f 4546//344 1791//346 1790//346 4549//344
f 4549//344 1790//346 1789//346 4552//344
f 4552//344 1789//346 205//346 1810//344
f 4551//101 4552//344 1810//344 1811//101
f 4550//345 4551//101 1811//101 1812//345
f 1806//343 4550//345 1812//345 208//343
f 1805//343 4547//345 4550//345 1806//343
f 1804//343 4544//345 4547//345 1805//343
f 4553//349 4554//348 4557//348 4556//349
f 4554//348 4555//347 4558//347 4557//348
f 4556//349 4557//348 4560//348 4559//382
f 4557//348 4558//347 4561//347 4560//348
f 205//346 1797//349 4553//349 1815//346
f 1797//349 1796//348 4554//348 4553//349
f 1796//348 1795//347 4555//347 4554//348
f 1795//347 206//338 1816//338 4555//347
f 4555//347 1816//338 1817//338 4558//347
f 4558//347 1817//338 1818//338 4561//347
f 4561//347 1818//338 210//338 1819//347
f 4560//348 4561//347 1819//347 1820//348
f 4559//382 4560//348 1820//348 1821//382
f 1813//346 4559//382 1821//382 209//346
f 1814//346 4556//349 4559//382 1813//346
f 1815//346 4553//349 4556//349 1814//346
f 4562//336 4563//130 4566//130 4565//336
f 4563//130 4564//335 4567//335 4566//130
f 4565//336 4566//130 4569//130 4568//336
f 4566//130 4567//335 4570//335 4569//130
f 206//338 1803//336 4562//336 1816//338
f 1803//336 1802//130 4563//130 4562//336
f 1802//130 1801//335 4564//335 4563//130
f 1801//335 207//337 1822//337 4564//335
f 4564//335 1822//337 1823//337 4567//335
f 4567//335 1823//337 1824//337 4570//335
f 4570//335 1824//337 211//337 1825//335
f 4569//130 4570//335 1825//335 1826//130
f 4568//336 4569//130 1826//130 1827//336
f 1818//338 4568//336 1827//336 210//338
f 1817//338 4565//336 4568//336 1818//338
f 1816//338 4562//336 4565//336 1817//338
f 4571//342 4572//417 4575//340 4574//342
f 4572//417 4573//339 4576//339 4575//340
f 4574//342 4575//340 4578//340 4577//342
f 4575//340 4576//339 4579//339 4578//340
f 207//337 1809//341 4571//342 1822//337
f 1809//341 1808//340 4572//417 4571//342
f 1808//340 1807//339 4573//339 4572//417
f 1807//339 208//343 1828//343 4573//339
f 4573//339 1828//343 1829//343 4576//339
f 4576//339 1829//343 1830//343 4579//339
f 4579//339 1830//343 212//343 1831//339
f 4578//340 4579//339 1831//339 1832//417
f 4577//342 4578//340 1832//417 1833//342
f 1824//337 4577//342 1833//342 211//337
f 1823//337 4574//342 4577//342 1824//337
f 1822//337 4571//342 4574//342 1823//337
f 4580//345 4581//101 4584//101 4583//345
f 4581//101 4582//344 4585//344 4584//101
f 4583//345 4584//101 4587//101 4586//345
f 4584//101 4585//344 4588//344 4587//101
f 208//343 1812//345 4580//345 1828//343
f 1812//345 1811//101 4581//101 4580//345
f 1811//101 1810//344 4582//344 4581//101
f 1810//344 205//346 1815//346 4582//344
f 4582//344 1815//346 1814//346 4585//344
f 4585//344 1814//346 1813//346 4588//344
f 4588//344 1813//346 209//346 1834//344
f 4587//101 4588//344 1834//344 1835//101
f 4586//345 4587//101 1835//101 1836//345
f 1830//343 4586//345 1836//345 212//343
f 1829//343 4583//345 4586//345 1830//343
f 1828//343 4580//345 4583//345 1829//343
f 4589//382 4590//383 4593//348 4592//349
f 4590//383 4591//347 4594//347 4593//348
f 4592//349 4593//348 4596//348 4595//349
f 4593//348 4594//347 4597//347 4596//348
f 209//346 1821//382 4589//382 1839//346
f 1821//382 1820//348 4590//383 4589//382
f 1820//348 1819//347 4591//347 4590//383
f 1819//347 210//338 1840//338 4591//347
f 4591//347 1840//338 1841//338 4594//347
f 4594//347 1841//338 1842//338 4597//347
f 4597//347 1842//338 214//338 1843//347
f 4596//348 4597//347 1843//347 1844//348
f 4595//349 4596//348 1844//348 1845//349
f 1837//346 4595//349 1845//349 213//346
f 1838//346 4592//349 4595//349 1837//346
f 1839//346 4589//382 4592//349 1838//346
f 4598//336 4599//130 4602//130 4601//336
f 4599//130 4600//335 4603//335 4602//130
f 4601//336 4602//130 4605//130 4604//336
f 4602//130 4603//335 4606//335 4605//130
f 210//338 1827//336 4598//336 1840//338
f 1827//336 1826//130 4599//130 4598//336
f 1826//130 1825//335 4600//335 4599//130
f 1825//335 211//337 1846//337 4600//335
f 4600//335 1846//337 1847//337 4603//335
f 4603//335 1847//337 1848//337 4606//335
f 4606//335 1848//337 215//337 1849//335
f 4605//130 4606//335 1849//335 1850//130
f 4604//336 4605//130 1850//130 1851//336
f 1842//338 4604//336 1851//336 214//338
f 1841//338 4601//336 4604//336 1842//338
f 1840//338 4598//336 4601//336 1841//338
f 4607//342 4608//417 4611//340 4610//342
f 4608//417 4609//339 4612//339 4611//340
f 4610//342 4611//340 4614//340 4613//342
f 4611//340 4612//339 4615//339 4614//340
f 211//337 1833//342 4607//342 1846//337
f 1833//342 1832//417 4608//417 4607//342
f 1832//417 1831//339 4609//339 4608//417
f 1831//339 212//343 1852//343 4609//339
f 4609//339 1852//343 1853//343 4612//339
f 4612//339 1853//343 1854//343 4615//339
f 4615//339 1854//343 216//343 1855//339
f 4614//340 4615//339 1855//339 1856//340
f 4613//342 4614//340 1856//340 1857//342
f 1848//337 4613//342 1857//342 215//337
f 1847//337 4610//342 4613//342 1848//337
f 1846//337 4607//342 4610//342 1847//337
f 4616//345 4617//101 4620//101 4619//345
f 4617//101 4618//344 4621//344 4620//101
f 4619//345 4620//101 4623//101 4622//345
f 4620//101 4621//344 4624//344 4623//101
f 212//343 1836//345 4616//345 1852//343
f 1836//345 1835//101 4617//101 4616//345
f 1835//101 1834//344 4618//344 4617//101
f 1834//344 209//346 1839//346 4618//344
f 4618//344 1839//346 1838//346 4621//344
f 4621//344 1838//346 1837//346 4624//344
f 4624//344 1837//346 213//346 1858//344
f 4623//101 4624//344 1858//344 1859//101
f 4622//345 4623//101 1859//101 1860//345
f 1854//343 4622//345 1860//345 216//343
f 1853//343 4619//345 4622//345 1854//343
f 1852//343 4616//345 4619//345 1853//343
f 4625//349 4626//348 4629//348 4628//349
f 4626//348 4627//347 4630//347 4629//348
f 4628//349 4629//348 4632//348 4631//349
f 4629//348 4630//347 4633//347 4632//348
f 213//346 1845//349 4625//349 1863//346
f 1845//349 1844//348 4626//348 4625//349
f 1844//348 1843//347 4627//347 4626//348
f 1843//347 214//338 1864//338 4627//347
f 4627//347 1864//338 1865//338 4630//347
f 4630//347 1865//338 1866//338 4633//347
f 4633//347 1866//338 218//2154 1867//2155
f 4632//348 4633//347 1867//2155 1868//2156
f 4631//349 4632//348 1868//2156 1869//2157
f 1861//346 4631//349 1869//2157 217//2158
f 1862//346 4628//349 4631//349 1861//346
f 1863//346 4625//349 4628//349 1862//346
f 4634//336 4635//130 4638//130 4637//336
f 4635//130 4636//335 4639//335 4638//130
f 4637//336 4638//130 4641//130 4640//336
f 4638//130 4639//335 4642//335 4641//130
f 214//338 1851//336 4634//336 1864//338
f 1851//336 1850//130 4635//130 4634//336
f 1850//130 1849//335 4636//335 4635//130
f 1849//335 215//337 1870//337 4636//335
f 4636//335 1870//337 1871//337 4639//335
f 4639//335 1871//337 1872//337 4642//335
f 4642//335 1872//337 219//2159 1873//2160
f 4641//130 4642//335 1873//2160 1874//2161
f 4640//336 4641//130 1874//2161 1875//2162
f 1866//338 4640//336 1875//2162 218//2154
f 1865//338 4637//336 4640//336 1866//338
f 1864//338 4634//336 4637//336 1865//338
f 4643//342 4644//340 4647//340 4646//342
f 4644//340 4645//339 4648//339 4647//340
f 4646//342 4647//340 4650//340 4649//342
f 4647//340 4648//339 4651//339 4650//340
f 215//337 1857//342 4643//342 1870//337
f 1857//342 1856//340 4644//340 4643//342
f 1856//340 1855//339 4645//339 4644//340
f 1855//339 216//343 1876//343 4645//339
f 4645//339 1876//343 1877//343 4648//339
f 4648//339 1877//343 1878//343 4651//339
f 4651//339 1878//343 220//2163 1879//2164
f 4650//340 4651//339 1879//2164 1880//2165
f 4649//342 4650//340 1880//2165 1881//2166
f 1872//337 4649//342 1881//2166 219//2159
f 1871//337 4646//342 4649//342 1872//337
f 1870//337 4643//342 4646//342 1871//337
f 4652//345 4653//101 4656//101 4655//345
f 4653//101 4654//344 4657//344 4656//101
f 4655//345 4656//101 4659//101 4658//345
f 4656//101 4657//344 4660//344 4659//101
f 216//343 1860//345 4652//345 1876//343
f 1860//345 1859//101 4653//101 4652//345
f 1859//101 1858//344 4654//344 4653//101
f 1858//344 213//346 1863//346 4654//344
f 4654//344 1863//346 1862//346 4657//344
f 4657//344 1862//346 1861//346 4660//344
f 4660//344 1861//346 217//2158 1882//2167
f 4659//101 4660//344 1882//2167 1883//2168
f 4658//345 4659//101 1883//2168 1884//2169
f 1878//343 4658//345 1884//2169 220//2163
f 1877//343 4655//345 4658//345 1878//343
f 1876//343 4652//345 4655//345 1877//343
f 4661//2170 4662//2171 4665//2172 4664//2173
f 4662//2171 4663//2174 4666//2175 4665//2172
f 4664//2173 4665//2172 4668//2176 4667//2177
f 4665//2172 4666//2175 4669//2178 4668//2176
f 217//2158 1869//2157 4661//2170 1887//2179
f 1869//2157 1868//2156 4662//2171 4661//2170
f 1868//2156 1867//2155 4663//2174 4662//2171
f 1867//2155 218//2154 1888//2180 4663//2174
f 4663//2174 1888//2180 1889//2181 4666//2175
f 4666//2175 1889//2181 1890//2182 4669//2178
f 4669//2178 1890//2182 222//1174 880//1176
f 4668//2176 4669//2178 880//1176 881//1184
f 4667//2177 4668//2176 881//1184 882//1183
f 1885//2183 4667//2177 882//1183 221//783
f 1886//2184 4664//2173 4667//2177 1885//2183
f 1887//2179 4661//2170 4664//2173 1886//2184
f 4670//2185 4671//2186 4674//2187 4673//2188
f 4671//2186 4672//2189 4675//2190 4674//2187
f 4673//2188 4674//2187 4677//2191 4676//2192
f 4674//2187 4675//2190 4678//2193 4677//2191
f 218//2154 1875//2162 4670//2185 1888//2180
f 1875//2162 1874//2161 4671//2186 4670//2185
f 1874//2161 1873//2160 4672//2189 4671//2186
f 1873//2160 219//2159 1891//2194 4672//2189
f 4672//2189 1891//2194 1892//2195 4675//2190
f 4675//2190 1892//2195 1893//2196 4678//2193
f 4678//2193 1893//2196 223//887 874//1519
f 4677//2191 4678//2193 874//1519 875//1524
f 4676//2192 4677//2191 875//1524 876//1523
f 1890//2182 4676//2192 876//1523 222//1174
f 1889//2181 4673//2188 4676//2192 1890//2182
f 1888//2180 4670//2185 4673//2188 1889//2181
f 4679//2197 4680//2198 4683//2199 4682//2200
f 4680//2198 4681//2201 4684//2202 4683//2199
f 4682//2200 4683//2199 4686//2203 4685//2204
f 4683//2199 4684//2202 4687//2205 4686//2203
f 219//2159 1881//2166 4679//2197 1891//2194
f 1881//2166 1880//2165 4680//2198 4679//2197
f 1880//2165 1879//2164 4681//2201 4680//2198
f 1879//2164 220//2163 1894//2206 4681//2201
f 4681//2201 1894//2206 1895//2207 4684//2202
f 4684//2202 1895//2207 1896//2208 4687//2205
f 4687//2205 1896//2208 224//779 870//1627
f 4686//2203 4687//2205 870//1627 869//1626
f 4685//2204 4686//2203 869//1626 868//1625
f 1893//2196 4685//2204 868//1625 223//887
f 1892//2195 4682//2200 4685//2204 1893//2196
f 1891//2194 4679//2197 4682//2200 1892//2195
f 4688//2209 4689//2210 4692//2211 4691//2212
f 4689//2210 4690//2213 4693//2214 4692//2211
f 4691//2212 4692//2211 4695//2215 4694//2216
f 4692//2211 4693//2214 4696//2217 4695//2215
f 220//2163 1884//2169 4688//2209 1894//2206
f 1884//2169 1883//2168 4689//2210 4688//2209
f 1883//2168 1882//2167 4690//2213 4689//2210
f 1882//2167 217//2158 1887//2179 4690//2213
f 4690//2213 1887//2179 1886//2184 4693//2214
f 4693//2214 1886//2184 1885//2183 4696//2217
f 4696//2217 1885//2183 221//783 807//785
f 4695//2215 4696//2217 807//785 806//782
f 4694//2216 4695//2215 806//782 805//780
f 1896//2208 4694//2216 805//780 224//779
f 1895//2207 4691//2212 4694//2216 1896//2208
f 1894//2206 4688//2209 4691//2212 1895//2207
f 4697//2218 4698//2219 4701//2220 4700//2221
f 4698//2219 4699//2222 4702//2223 4701//2220
f 4700//2221 4701//2220 4704//2224 4703//2225
f 4701//2220 4702//2223 4705//2226 4704//2224
f 229//2227 1900//2228 4697//2218 1899//2229
f 1900//2228 1901//2230 4698//2219 4697//2218
f 1901//2230 1902//2231 4699//2222 4698//2219
f 1902//2231 230//2232 1903//2233 4699//2222
f 4699//2222 1903//2233 1904//2234 4702//2223
f 4702//2223 1904//2234 1905//2235 4705//2226
f 4705//2226 1905//2235 226//1029 948//1551
f 4704//2224 4705//2226 948//1551 947//1550
f 4703//2225 4704//2224 947//1550 946//1549
f 1897//2236 4703//2225 946//1549 225//1249
f 1898//2237 4700//2221 4703//2225 1897//2236
f 1899//2229 4697//2218 4700//2221 1898//2237
f 4706//2238 4707//2239 4710//2240 4709//2241
f 4707//2239 4708//2242 4711//2243 4710//2240
f 4709//2241 4710//2240 4713//2244 4712//2245
f 4710//2240 4711//2243 4714//2246 4713//2244
f 230//2232 1906//2247 4706//2238 1903//2233
f 1906//2247 1907//2248 4707//2239 4706//2238
f 1907//2248 1908//2249 4708//2242 4707//2239
f 1908//2249 231//2250 1909//2251 4708//2242
f 4708//2242 1909//2251 1910//2252 4711//2243
f 4711//2243 1910//2252 1911//2253 4714//2246
f 4714//2246 1911//2253 227//1119 982//1588
f 4713//2244 4714//2246 982//1588 983//1587
f 4712//2245 4713//2244 983//1587 984//1586
f 1905//2235 4712//2245 984//1586 226//1029
f 1904//2234 4709//2241 4712//2245 1905//2235
f 1903//2233 4706//2238 4709//2241 1904//2234
f 4715//2254 4716//2255 4719//2256 4718//2257
f 4716//2255 4717//2258 4720//2259 4719//2256
f 4718//2257 4719//2256 4722//2260 4721//2261
f 4719//2256 4720//2259 4723//2262 4722//2260
f 231//2250 1912//2263 4715//2254 1909//2251
f 1912//2263 1913//2264 4716//2255 4715//2254
f 1913//2264 1914//2265 4717//2258 4716//2255
f 1914//2265 232//2266 1915//2267 4717//2258
f 4717//2258 1915//2267 1916//2268 4720//2259
f 4720//2259 1916//2268 1917//2269 4723//2262
f 4723//2262 1917//2269 228//1077 978//1122
f 4722//2260 4723//2262 978//1122 977//1121
f 4721//2261 4722//2260 977//1121 976//1120
f 1911//2253 4721//2261 976//1120 227//1119
f 1910//2252 4718//2257 4721//2261 1911//2253
f 1909//2251 4715//2254 4718//2257 1910//2252
f 4724//2270 4725//2271 4728//2272 4727//2273
f 4725//2271 4726//2274 4729//2275 4728//2272
f 4727//2273 4728//2272 4731//2276 4730//2277
f 4728//2272 4729//2275 4732//2278 4731//2276
f 232//2266 1918//2279 4724//2270 1915//2267
f 1918//2279 1919//2280 4725//2271 4724//2270
f 1919//2280 1920//2281 4726//2274 4725//2271
f 1920//2281 229//2227 1899//2229 4726//2274
f 4726//2274 1899//2229 1898//2237 4729//2275
f 4729//2275 1898//2237 1897//2236 4732//2278
f 4732//2278 1897//2236 225//1249 939//1248
f 4731//2276 4732//2278 939//1248 938//1247
f 4730//2277 4731//2276 938//1247 937//1246
f 1917//2269 4730//2277 937//1246 228//1077
f 1916//2268 4727//2273 4730//2277 1917//2269
f 1915//2267 4724//2270 4727//2273 1916//2268
f 4733//349 4734//348 4737//348 4736//349
f 4734//348 4735//347 4738//347 4737//348
f 4736//349 4737//348 4740//348 4739//349
f 4737//348 4738//347 4741//347 4740//348
f 233//346 1924//349 4733//349 1923//346
f 1924//349 1925//383 4734//348 4733//349
f 1925//383 1926//347 4735//347 4734//348
f 1926//347 234//338 1927//338 4735//347
f 4735//347 1927//338 1928//338 4738//347
f 4738//347 1928//338 1929//338 4741//347
f 4741//347 1929//338 230//2232 1902//2231
f 4740//348 4741//347 1902//2231 1901//2230
f 4739//349 4740//348 1901//2230 1900//2228
f 1921//346 4739//349 1900//2228 229//2227
f 1922//346 4736//349 4739//349 1921//346
f 1923//346 4733//349 4736//349 1922//346
f 4742//336 4743//130 4746//130 4745//336
f 4743//130 4744//335 4747//335 4746//130
f 4745//336 4746//130 4749//130 4748//336
f 4746//130 4747//335 4750//335 4749//130
f 234//338 1930//336 4742//336 1927//338
f 1930//336 1931//130 4743//130 4742//336
f 1931//130 1932//335 4744//335 4743//130
f 1932//335 235//337 1933//337 4744//335
f 4744//335 1933//337 1934//337 4747//335
f 4747//335 1934//337 1935//337 4750//335
f 4750//335 1935//337 231//2250 1908//2249
f 4749//130 4750//335 1908//2249 1907//2248
f 4748//336 4749//130 1907//2248 1906//2247
f 1929//338 4748//336 1906//2247 230//2232
f 1928//338 4745//336 4748//336 1929//338
f 1927//338 4742//336 4745//336 1928//338
f 4751//342 4752//340 4755//417 4754//342
f 4752//340 4753//339 4756//339 4755//417
f 4754//342 4755//417 4758//340 4757//342
f 4755//417 4756//339 4759//339 4758//340
f 235//337 1936//342 4751//342 1933//337
f 1936//342 1937//340 4752//340 4751//342
f 1937//340 1938//339 4753//339 4752//340
f 1938//339 236//343 1939//343 4753//339
f 4753//339 1939//343 1940//343 4756//339
f 4756//339 1940//343 1941//343 4759//339
f 4759//339 1941//343 232//2266 1914//2265
f 4758//340 4759//339 1914//2265 1913//2264
f 4757//342 4758//340 1913//2264 1912//2263
f 1935//337 4757//342 1912//2263 231//2250
f 1934//337 4754//342 4757//342 1935//337
f 1933//337 4751//342 4754//342 1934//337
f 4760//345 4761//101 4764//101 4763//345
f 4761//101 4762//344 4765//344 4764//101
f 4763//345 4764//101 4767//101 4766//345
f 4764//101 4765//344 4768//344 4767//101
f 236//343 1942//345 4760//345 1939//343
f 1942//345 1943//101 4761//101 4760//345
f 1943//101 1944//344 4762//344 4761//101
f 1944//344 233//346 1923//346 4762//344
f 4762//344 1923//346 1922//346 4765//344
f 4765//344 1922//346 1921//346 4768//344
f 4768//344 1921//346 229//2227 1920//2281
f 4767//101 4768//344 1920//2281 1919//2280
f 4766//345 4767//101 1919//2280 1918//2279
f 1941//343 4766//345 1918//2279 232//2266
f 1940//343 4763//345 4766//345 1941//343
f 1939//343 4760//345 4763//345 1940//343
f 4769//349 4770//348 4773//348 4772//349
f 4770//348 4771//347 4774//347 4773//348
f 4772//349 4773//348 4776//383 4775//349
f 4773//348 4774//347 4777//347 4776//383
f 237//346 1948//349 4769//349 1947//346
f 1948//349 1949//348 4770//348 4769//349
f 1949//348 1950//347 4771//347 4770//348
f 1950//347 238//338 1951//338 4771//347
f 4771//347 1951//338 1952//338 4774//347
f 4774//347 1952//338 1953//338 4777//347
f 4777//347 1953//338 234//338 1926//347
f 4776//383 4777//347 1926//347 1925//383
f 4775//349 4776//383 1925//383 1924//349
f 1945//346 4775//349 1924//349 233//346
f 1946//346 4772//349 4775//349 1945//346
f 1947//346 4769//349 4772//349 1946//346
f 4778//336 4779//130 4782//130 4781//336
f 4779//130 4780//335 4783//335 4782//130
f 4781//336 4782//130 4785//130 4784//336
f 4782//130 4783//335 4786//335 4785//130
f 238//338 1954//336 4778//336 1951//338
f 1954//336 1955//130 4779//130 4778//336
f 1955//130 1956//335 4780//335 4779//130
f 1956//335 239//337 1957//337 4780//335
f 4780//335 1957//337 1958//337 4783//335
f 4783//335 1958//337 1959//337 4786//335
f 4786//335 1959//337 235//337 1932//335
f 4785//130 4786//335 1932//335 1931//130
f 4784//336 4785//130 1931//130 1930//336
f 1953//338 4784//336 1930//336 234//338
f 1952//338 4781//336 4784//336 1953//338
f 1951//338 4778//336 4781//336 1952//338
f 4787//342 4788//340 4791//340 4790//342
f 4788//340 4789//339 4792//339 4791//340
f 4790//342 4791//340 4794//340 4793//342
f 4791//340 4792//339 4795//339 4794//340
f 239//337 1960//342 4787//342 1957//337
f 1960//342 1961//340 4788//340 4787//342
f 1961//340 1962//339 4789//339 4788//340
f 1962//339 240//343 1963//343 4789//339
f 4789//339 1963//343 1964//343 4792//339
f 4792//339 1964//343 1965//343 4795//339
f 4795//339 1965//343 236//343 1938//339
f 4794//340 4795//339 1938//339 1937//340
f 4793//342 4794//340 1937//340 1936//342
f 1959//337 4793//342 1936//342 235//337
f 1958//337 4790//342 4793//342 1959//337
f 1957//337 4787//342 4790//342 1958//337
f 4796//345 4797//101 4800//101 4799//345
f 4797//101 4798//344 4801//344 4800//101
f 4799//345 4800//101 4803//101 4802//345
f 4800//101 4801//344 4804//344 4803//101
f 240//343 1966//345 4796//345 1963//343
f 1966//345 1967//101 4797//101 4796//345
f 1967//101 1968//344 4798//344 4797//101
f 1968//344 237//346 1947//346 4798//344
f 4798//344 1947//346 1946//346 4801//344
f 4801//344 1946//346 1945//346 4804//344
f 4804//344 1945//346 233//346 1944//344
f 4803//101 4804//344 1944//344 1943//101
f 4802//345 4803//101 1943//101 1942//345
f 1965//343 4802//345 1942//345 236//343
f 1964//343 4799//345 4802//345 1965//343
f 1963//343 4796//345 4799//345 1964//343
f 4805//349 4806//383 4809//383 4808//382
f 4806//383 4807//347 4810//347 4809//383
f 4808//382 4809//383 4812//348 4811//382
f 4809//383 4810//347 4813//347 4812//348
f 241//346 1972//349 4805//349 1971//346
f 1972//349 1973//348 4806//383 4805//349
f 1973//348 1974//347 4807//347 4806//383
f 1974//347 242//338 1975//338 4807//347
f 4807//347 1975//338 1976//338 4810//347
f 4810//347 1976//338 1977//338 4813//347
f 4813//347 1977//338 238//338 1950//347
f 4812//348 4813//347 1950//347 1949//348
f 4811//382 4812//348 1949//348 1948//349
f 1969//346 4811//382 1948//349 237//346
f 1970//346 4808//382 4811//382 1969//346
f 1971//346 4805//349 4808//382 1970//346
f 4814//336 4815//130 4818//130 4817//336
f 4815//130 4816//335 4819//335 4818//130
f 4817//336 4818//130 4821//130 4820//336
f 4818//130 4819//335 4822//335 4821//130
f 242//338 1978//336 4814//336 1975//338
f 1978//336 1979//130 4815//130 4814//336
f 1979//130 1980//335 4816//335 4815//130
f 1980//335 243//337 1981//337 4816//335
f 4816//335 1981//337 1982//337 4819//335
f 4819//335 1982//337 1983//337 4822//335
f 4822//335 1983//337 239//337 1956//335
f 4821//130 4822//335 1956//335 1955//130
f 4820//336 4821//130 1955//130 1954//336
f 1977//338 4820//336 1954//336 238//338
f 1976//338 4817//336 4820//336 1977//338
f 1975//338 4814//336 4817//336 1976//338
f 4823//342 4824//340 4827//417 4826//342
f 4824//340 4825//339 4828//339 4827//417
f 4826//342 4827//417 4830//340 4829//342
f 4827//417 4828//339 4831//339 4830//340
f 243//337 1984//342 4823//342 1981//337
f 1984//342 1985//340 4824//340 4823//342
f 1985//340 1986//339 4825//339 4824//340
f 1986//339 244//343 1987//343 4825//339
f 4825//339 1987//343 1988//343 4828//339
f 4828//339 1988//343 1989//343 4831//339
f 4831//339 1989//343 240//343 1962//339
f 4830//340 4831//339 1962//339 1961//340
f 4829//342 4830//340 1961//340 1960//342
f 1983//337 4829//342 1960//342 239//337
f 1982//337 4826//342 4829//342 1983//337
f 1981//337 4823//342 4826//342 1982//337
f 4832//345 4833//101 4836//101 4835//345
f 4833//101 4834//344 4837//344 4836//101
f 4835//345 4836//101 4839//101 4838//345
f 4836//101 4837//344 4840//344 4839//101
f 244//343 1990//345 4832//345 1987//343
f 1990//345 1991//101 4833//101 4832//345
f 1991//101 1992//344 4834//344 4833//101
f 1992//344 241//346 1971//346 4834//344
f 4834//344 1971//346 1970//346 4837//344
f 4837//344 1970//346 1969//346 4840//344
f 4840//344 1969//346 237//346 1968//344
f 4839//101 4840//344 1968//344 1967//101
f 4838//345 4839//101 1967//101 1966//345
f 1989//343 4838//345 1966//345 240//343
f 1988//343 4835//345 4838//345 1989//343
f 1987//343 4832//345 4835//345 1988//343
f 4841//382 4842//348 4845//348 4844//349
f 4842//348 4843//347 4846//347 4845//348
f 4844//349 4845//348 4848//348 4847//349
f 4845//348 4846//347 4849//347 4848//348
f 245//2282 1996//2283 4841//382 1995//346
f 1996//2283 1997//2284 4842//348 4841//382
f 1997//2284 1998//2285 4843//347 4842//348
f 1998//2285 246//2286 1999//338 4843//347
f 4843//347 1999//338 2000//338 4846//347
f 4846//347 2000//338 2001//338 4849//347
f 4849//347 2001//338 242//338 1974//347
f 4848//348 4849//347 1974//347 1973//348
f 4847//349 4848//348 1973//348 1972//349
f 1993//346 4847//349 1972//349 241//346
f 1994//346 4844//349 4847//349 1993//346
f 1995//346 4841//382 4844//349 1994//346
f 4850//336 4851//130 4854//130 4853//336
f 4851//130 4852//335 4855//335 4854//130
f 4853//336 4854//130 4857//130 4856//336
f 4854//130 4855//335 4858//335 4857//130
f 246//2286 2002//2287 4850//336 1999//338
f 2002//2287 2003//2288 4851//130 4850//336
f 2003//2288 2004//2289 4852//335 4851//130
f 2004//2289 247//2290 2005//337 4852//335
f 4852//335 2005//337 2006//337 4855//335
f 4855//335 2006//337 2007//337 4858//335
f 4858//335 2007//337 243//337 1980//335
f 4857//130 4858//335 1980//335 1979//130
f 4856//336 4857//130 1979//130 1978//336
f 2001//338 4856//336 1978//336 242//338
f 2000//338 4853//336 4856//336 2001//338
f 1999//338 4850//336 4853//336 2000//338
f 4859//342 4860//340 4863//417 4862//342
f 4860//340 4861//339 4864//339 4863//417
f 4862//342 4863//417 4866//417 4865//342
f 4863//417 4864//339 4867//339 4866//417
f 247//2290 2008//2291 4859//342 2005//337
f 2008//2291 2009//2292 4860//340 4859//342
f 2009//2292 2010//2293 4861//339 4860//340
f 2010//2293 248//2294 2011//343 4861//339
f 4861//339 2011//343 2012//343 4864//339
f 4864//339 2012//343 2013//343 4867//339
f 4867//339 2013//343 244//343 1986//339
f 4866//417 4867//339 1986//339 1985//340
f 4865//342 4866//417 1985//340 1984//342
f 2007//337 4865//342 1984//342 243//337
f 2006//337 4862//342 4865//342 2007//337
f 2005//337 4859//342 4862//342 2006//337
f 4868//345 4869//101 4872//101 4871//345
f 4869//101 4870//344 4873//344 4872//101
f 4871//345 4872//101 4875//101 4874//345
f 4872//101 4873//344 4876//344 4875//101
f 248//2294 2014//2295 4868//345 2011//343
f 2014//2295 2015//2296 4869//101 4868//345
f 2015//2296 2016//2297 4870//344 4869//101
f 2016//2297 245//2282 1995//346 4870//344
f 4870//344 1995//346 1994//346 4873//344
f 4873//344 1994//346 1993//346 4876//344
f 4876//344 1993//346 241//346 1992//344
f 4875//101 4876//344 1992//344 1991//101
f 4874//345 4875//101 1991//101 1990//345
f 2013//343 4874//345 1990//345 244//343
f 2012//343 4871//345 4874//345 2013//343
f 2011//343 4868//345 4871//345 2012//343
f 4877//2298 4878//2299 4881//2300 4880//2301
f 4878//2299 4879//2302 4882//2303 4881//2300
f 4880//2301 4881//2300 4884//2304 4883//2305
f 4881//2300 4882//2303 4885//2306 4884//2304
f 249//1141 745//1407 4877//2298 2019//2307
f 745//1407 746//1406 4878//2299 4877//2298
f 746//1406 747//1405 4879//2302 4878//2299
f 747//1405 250//802 2020//2308 4879//2302
f 4879//2302 2020//2308 2021//2309 4882//2303
f 4882//2303 2021//2309 2022//2310 4885//2306
f 4885//2306 2022//2310 246//2286 1998//2285
f 4884//2304 4885//2306 1998//2285 1997//2284
f 4883//2305 4884//2304 1997//2284 1996//2283
f 2017//2311 4883//2305 1996//2283 245//2282
f 2018//2312 4880//2301 4883//2305 2017//2311
f 2019//2307 4877//2298 4880//2301 2018//2312
f 4886//2313 4887//2314 4890//2315 4889//2316
f 4887//2314 4888//2317 4891//2318 4890//2315
f 4889//2316 4890//2315 4893//2319 4892//2320
f 4890//2315 4891//2318 4894//2321 4893//2319
f 250//802 730//1456 4886//2313 2020//2308
f 730//1456 731//1461 4887//2314 4886//2313
f 731//1461 732//1460 4888//2317 4887//2314
f 732//1460 251//1226 2023//2322 4888//2317
f 4888//2317 2023//2322 2024//2323 4891//2318
f 4891//2318 2024//2323 2025//2324 4894//2321
f 4894//2321 2025//2324 247//2290 2004//2289
f 4893//2319 4894//2321 2004//2289 2003//2288
f 4892//2320 4893//2319 2003//2288 2002//2287
f 2022//2310 4892//2320 2002//2287 246//2286
f 2021//2309 4889//2316 4892//2320 2022//2310
f 2020//2308 4886//2313 4889//2316 2021//2309
f 4895//2325 4896//2326 4899//2327 4898//2328
f 4896//2326 4897//2329 4900//2330 4899//2327
f 4898//2328 4899//2327 4902//2331 4901//2332
f 4899//2327 4900//2330 4903//2333 4902//2331
f 251//1226 751//1228 4895//2325 2023//2322
f 751//1228 752//1236 4896//2326 4895//2325
f 752//1236 753//1235 4897//2329 4896//2326
f 753//1235 252//923 2026//2334 4897//2329
f 4897//2329 2026//2334 2027//2335 4900//2330
f 4900//2330 2027//2335 2028//2336 4903//2333
f 4903//2333 2028//2336 248//2294 2010//2293
f 4902//2331 4903//2333 2010//2293 2009//2292
f 4901//2332 4902//2331 2009//2292 2008//2291
f 2025//2324 4901//2332 2008//2291 247//2290
f 2024//2323 4898//2328 4901//2332 2025//2324
f 2023//2322 4895//2325 4898//2328 2024//2323
f 4904//2337 4905//2338 4908//2339 4907//2340
f 4905//2338 4906//2341 4909//2342 4908//2339
f 4907//2340 4908//2339 4911//2343 4910//2344
f 4908//2339 4909//2342 4912//2345 4911//2343
f 252//923 754//1144 4904//2337 2026//2334
f 754//1144 755//1143 4905//2338 4904//2337
f 755//1143 756//1142 4906//2341 4905//2338
f 756//1142 249//1141 2019//2307 4906//2341
f 4906//2341 2019//2307 2018//2312 4909//2342
f 4909//2342 2018//2312 2017//2311 4912//2345
f 4912//2345 2017//2311 245//2282 2016//2297
f 4911//2343 4912//2345 2016//2297 2015//2296
f 4910//2344 4911//2343 2015//2296 2014//2295
f 2028//2336 4910//2344 2014//2295 248//2294
f 2027//2335 4907//2340 4910//2344 2028//2336
f 2026//2334 4904//2337 4907//2340 2027//2335
f 4913//2346 4914//2347 4917//2348 4916//2349
f 4914//2347 4915//2350 4918//2351 4917//2348
f 4916//2349 4917//2348 4920//2352 4919//2353
f 4917//2348 4918//2351 4921//2354 4920//2352
f 253//725 816//727 4913//2346 2031//2355
f 816//727 815//724 4914//2347 4913//2346
f 815//724 814//722 4915//2350 4914//2347
f 814//722 254//721 2032//2356 4915//2350
f 4915//2350 2032//2356 2033//2357 4918//2351
f 4918//2351 2033//2357 2034//2358 4921//2354
f 4921//2354 2034//2358 258//2359 2035//2360
f 4920//2352 4921//2354 2035//2360 2036//2361
f 4919//2353 4920//2352 2036//2361 2037//2362
f 2029//2363 4919//2353 2037//2362 257//2364
f 2030//2365 4916//2349 4919//2353 2029//2363
f 2031//2355 4913//2346 4916//2349 2030//2365
f 4922//2366 4923//2367 4926//2368 4925//2369
f 4923//2367 4924//2370 4927//2371 4926//2368
f 4925//2369 4926//2368 4929//2372 4928//2373
f 4926//2368 4927//2371 4930//2374 4929//2372
f 254//721 820//1429 4922//2366 2032//2356
f 820//1429 821//1428 4923//2367 4922//2366
f 821//1428 822//1427 4924//2370 4923//2367
f 822//1427 255//793 2038//2375 4924//2370
f 4924//2370 2038//2375 2039//2376 4927//2371
f 4927//2371 2039//2376 2040//2377 4930//2374
f 4930//2374 2040//2377 259//2378 2041//2379
f 4929//2372 4930//2374 2041//2379 2042//2380
f 4928//2373 4929//2372 2042//2380 2043//2381
f 2034//2358 4928//2373 2043//2381 258//2359
f 2033//2357 4925//2369 4928//2373 2034//2358
f 2032//2356 4922//2366 4925//2369 2033//2357
f 4931//2382 4932//2383 4935//2384 4934//2385
f 4932//2383 4933//2386 4936//2387 4935//2384
f 4934//2385 4935//2384 4938//2388 4937//2389
f 4935//2384 4936//2387 4939//2390 4938//2388
f 255//793 786//1404 4931//2382 2038//2375
f 786//1404 785//1403 4932//2383 4931//2382
f 785//1403 784//1402 4933//2386 4932//2383
f 784//1402 256//1137 2044//2391 4933//2386
f 4933//2386 2044//2391 2045//2392 4936//2387
f 4936//2387 2045//2392 2046//2393 4939//2390
f 4939//2390 2046//2393 260//2394 2047//2395
f 4938//2388 4939//2390 2047//2395 2048//2396
f 4937//2389 4938//2388 2048//2396 2049//2397
f 2040//2377 4937//2389 2049//2397 259//2378
f 2039//2376 4934//2385 4937//2389 2040//2377
f 2038//2375 4931//2382 4934//2385 2039//2376
f 4940//2398 4941//2399 4944//2400 4943//2401
f 4941//2399 4942//2402 4945//2403 4944//2400
f 4943//2401 4944//2400 4947//2404 4946//2405
f 4944//2400 4945//2403 4948//2406 4947//2404
f 256//1137 777//1136 4940//2398 2044//2391
f 777//1136 776//1135 4941//2399 4940//2398
f 776//1135 775//1134 4942//2402 4941//2399
f 775//1134 253//725 2031//2355 4942//2402
f 4942//2402 2031//2355 2030//2365 4945//2403
f 4945//2403 2030//2365 2029//2363 4948//2406
f 4948//2406 2029//2363 257//2364 2050//2407
f 4947//2404 4948//2406 2050//2407 2051//2408
f 4946//2405 4947//2404 2051//2408 2052//2409
f 2046//2393 4946//2405 2052//2409 260//2394
f 2045//2392 4943//2401 4946//2405 2046//2393
f 2044//2391 4940//2398 4943//2401 2045//2392
f 4949//134 4950//135 4953//135 4952//134
f 4950//135 4951//136 4954//136 4953//135
f 4952//134 4953//135 4956//135 4955//134
f 4953//135 4954//136 4957//136 4956//135
f 257//2364 2037//2362 4949//134 2055//105
f 2037//2362 2036//2361 4950//135 4949//134
f 2036//2361 2035//2360 4951//136 4950//135
f 2035//2360 258//2359 2056//132 4951//136
f 4951//136 2056//132 2057//133 4954//136
f 4954//136 2057//133 2058//133 4957//136
f 4957//136 2058//133 262//132 2059//136
f 4956//135 4957//136 2059//136 2060//135
f 4955//134 4956//135 2060//135 2061//134
f 2053//105 4955//134 2061//134 261//105
f 2054//105 4952//134 4955//134 2053//105
f 2055//105 4949//134 4952//134 2054//105
f 4958//129 4959//130 4962//130 4961//129
f 4959//130 4960//131 4963//131 4962//130
f 4961//129 4962//130 4965//130 4964//129
f 4962//130 4963//131 4966//131 4965//130
f 258//2359 2043//2381 4958//129 2056//132
f 2043//2381 2042//2380 4959//130 4958//129
f 2042//2380 2041//2379 4960//131 4959//130
f 2041//2379 259//2378 2062//128 4960//131
f 4960//131 2062//128 2063//128 4963//131
f 4963//131 2063//128 2064//128 4966//131
f 4966//131 2064//128 263//128 2065//131
f 4965//130 4966//131 2065//131 2066//130
f 4964//129 4965//130 2066//130 2067//129
f 2058//133 4964//129 2067//129 262//132
f 2057//133 4961//129 4964//129 2058//133
f 2056//132 4958//129 4961//129 2057//133
f 4967//125 4968//126 4971//126 4970//125
f 4968//126 4969//127 4972//127 4971//126
f 4970//125 4971//126 4974//126 4973//125
f 4971//126 4972//127 4975//127 4974//126
f 259//2378 2049//2397 4967//125 2062//128
f 2049//2397 2048//2396 4968//126 4967//125
f 2048//2396 2047//2395 4969//127 4968//126
f 2047//2395 260//2394 2068//103 4969//127
f 4969//127 2068//103 2069//103 4972//127
f 4972//127 2069//103 2070//103 4975//127
f 4975//127 2070//103 264//103 2071//127
f 4974//126 4975//127 2071//127 2072//126
f 4973//125 4974//126 2072//126 2073//125
f 2064//128 4973//125 2073//125 263//128
f 2063//128 4970//125 4973//125 2064//128
f 2062//128 4967//125 4970//125 2063//128
f 4976//100 4977//101 4980//101 4979//100
f 4977//101 4978//102 4981//102 4980//101
f 4979//100 4980//101 4983//101 4982//100
f 4980//101 4981//102 4984//102 4983//101
f 260//2394 2052//2409 4976//100 2068//103
f 2052//2409 2051//2408 4977//101 4976//100
f 2051//2408 2050//2407 4978//102 4977//101
f 2050//2407 257//2364 2055//105 4978//102
f 4978//102 2055//105 2054//105 4981//102
f 4981//102 2054//105 2053//105 4984//102
f 4984//102 2053//105 261//105 2074//102
f 4983//101 4984//102 2074//102 2075//101
f 4982//100 4983//101 2075//101 2076//100
f 2070//103 4982//100 2076//100 264//103
f 2069//103 4979//100 4982//100 2070//103
f 2068//103 4976//100 4979//100 2069//103
f 4985//134 4986//135 4989//135 4988//134
f 4986//135 4987//136 4990//136 4989//135
f 4988//134 4989//135 4992//135 4991//134
f 4989//135 4990//136 4993//136 4992//135
f 261//105 2061//134 4985//134 2079//105
f 2061//134 2060//135 4986//135 4985//134
f 2060//135 2059//136 4987//136 4986//135
f 2059//136 262//132 2080//132 4987//136
f 4987//136 2080//132 2081//132 4990//136
f 4990//136 2081//132 2082//133 4993//136
f 4993//136 2082//133 266//132 2083//136
f 4992//135 4993//136 2083//136 2084//135
f 4991//134 4992//135 2084//135 2085//134
f 2077//105 4991//134 2085//134 265//105
f 2078//105 4988//134 4991//134 2077//105
f 2079//105 4985//134 4988//134 2078//105
f 4994//129 4995//130 4998//130 4997//129
f 4995//130 4996//131 4999//131 4998//130
f 4997//129 4998//130 5001//130 5000//129
f 4998//130 4999//131 5002//131 5001//130
f 262//132 2067//129 4994//129 2080//132
f 2067//129 2066//130 4995//130 4994//129
f 2066//130 2065//131 4996//131 4995//130
f 2065//131 263//128 2086//128 4996//131
f 4996//131 2086//128 2087//128 4999//131
f 4999//131 2087//128 2088//128 5002//131
f 5002//131 2088//128 267//128 2089//131
f 5001//130 5002//131 2089//131 2090//130
f 5000//129 5001//130 2090//130 2091//129
f 2082//133 5000//129 2091//129 266//132
f 2081//132 4997//129 5000//129 2082//133
f 2080//132 4994//129 4997//129 2081//132
f 5003//125 5004//1897 5007//126 5006//125
f 5004//1897 5005//127 5008//127 5007//126
f 5006//125 5007//126 5010//126 5009//125
f 5007//126 5008//127 5011//127 5010//126
f 263//128 2073//125 5003//125 2086//128
f 2073//125 2072//126 5004//1897 5003//125
f 2072//126 2071//127 5005//127 5004//1897
f 2071//127 264//103 2092//103 5005//127
f 5005//127 2092//103 2093//103 5008//127
f 5008//127 2093//103 2094//103 5011//127
f 5011//127 2094//103 268//104 2095//127
f 5010//126 5011//127 2095//127 2096//126
f 5009//125 5010//126 2096//126 2097//125
f 2088//128 5009//125 2097//125 267//128
f 2087//128 5006//125 5009//125 2088//128
f 2086//128 5003//125 5006//125 2087//128
f 5012//100 5013//101 5016//101 5015//100
f 5013//101 5014//102 5017//102 5016//101
f 5015//100 5016//101 5019//101 5018//100
f 5016//101 5017//102 5020//102 5019//101
f 264//103 2076//100 5012//100 2092//103
f 2076//100 2075//101 5013//101 5012//100
f 2075//101 2074//102 5014//102 5013//101
f 2074//102 261//105 2079//105 5014//102
f 5014//102 2079//105 2078//105 5017//102
f 5017//102 2078//105 2077//105 5020//102
f 5020//102 2077//105 265//105 2098//102
f 5019//101 5020//102 2098//102 2099//101
f 5018//100 5019//101 2099//101 2100//100
f 2094//103 5018//100 2100//100 268//104
f 2093//103 5015//100 5018//100 2094//103
f 2092//103 5012//100 5015//100 2093//103
f 5021//134 5022//135 5025//135 5024//134
f 5022//135 5023//136 5026//136 5025//135
f 5024//134 5025//135 5028//135 5027//134
f 5025//135 5026//136 5029//136 5028//135
f 265//105 2085//134 5021//134 2103//105
f 2085//134 2084//135 5022//135 5021//134
f 2084//135 2083//136 5023//136 5022//135
f 2083//136 266//132 2104//132 5023//136
f 5023//136 2104//132 2105//133 5026//136
f 5026//136 2105//133 2106//133 5029//136
f 5029//136 2106//133 270//132 2107//136
f 5028//135 5029//136 2107//136 2108//135
f 5027//134 5028//135 2108//135 2109//134
f 2101//105 5027//134 2109//134 269//105
f 2102//105 5024//134 5027//134 2101//105
f 2103//105 5021//134 5024//134 2102//105
f 5030//129 5031//130 5034//130 5033//129
f 5031//130 5032//131 5035//131 5034//130
f 5033//129 5034//130 5037//130 5036//129
f 5034//130 5035//131 5038//131 5037//130
f 266//132 2091//129 5030//129 2104//132
f 2091//129 2090//130 5031//130 5030//129
f 2090//130 2089//131 5032//131 5031//130
f 2089//131 267//128 2110//128 5032//131
f 5032//131 2110//128 2111//128 5035//131
f 5035//131 2111//128 2112//128 5038//131
f 5038//131 2112//128 271//128 2113//131
f 5037//130 5038//131 2113//131 2114//130
f 5036//129 5037//130 2114//130 2115//129
f 2106//133 5036//129 2115//129 270//132
f 2105//133 5033//129 5036//129 2106//133
f 2104//132 5030//129 5033//129 2105//133
f 5039//125 5040//126 5043//126 5042//125
f 5040//126 5041//127 5044//127 5043//126
f 5042//125 5043//126 5046//126 5045//125
f 5043//126 5044//127 5047//127 5046//126
f 267//128 2097//125 5039//125 2110//128
f 2097//125 2096//126 5040//126 5039//125
f 2096//126 2095//127 5041//127 5040//126
f 2095//127 268//104 2116//103 5041//127
f 5041//127 2116//103 2117//104 5044//127
f 5044//127 2117//104 2118//104 5047//127
f 5047//127 2118//104 272//104 2119//127
f 5046//126 5047//127 2119//127 2120//126
f 5045//125 5046//126 2120//126 2121//125
f 2112//128 5045//125 2121//125 271//128
f 2111//128 5042//125 5045//125 2112//128
f 2110//128 5039//125 5042//125 2111//128
f 5048//100 5049//101 5052//101 5051//100
f 5049//101 5050//102 5053//102 5052//101
f 5051//100 5052//101 5055//101 5054//100
f 5052//101 5053//102 5056//102 5055//101
f 268//104 2100//100 5048//100 2116//103
f 2100//100 2099//101 5049//101 5048//100
f 2099//101 2098//102 5050//102 5049//101
f 2098//102 265//105 2103//105 5050//102
f 5050//102 2103//105 2102//105 5053//102
f 5053//102 2102//105 2101//105 5056//102
f 5056//102 2101//105 269//105 2122//102
f 5055//101 5056//102 2122//102 2123//101
f 5054//100 5055//101 2123//101 2124//100
f 2118//104 5054//100 2124//100 272//104
f 2117//104 5051//100 5054//100 2118//104
f 2116//103 5048//100 5051//100 2117//104
f 5057//134 5058//135 5061//135 5060//134
f 5058//135 5059//136 5062//136 5061//135
f 5060//134 5061//135 5064//135 5063//134
f 5061//135 5062//136 5065//136 5064//135
f 269//105 2109//134 5057//134 2127//105
f 2109//134 2108//135 5058//135 5057//134
f 2108//135 2107//136 5059//136 5058//135
f 2107//136 270//132 2128//132 5059//136
f 5059//136 2128//132 2129//133 5062//136
f 5062//136 2129//133 2130//133 5065//136
f 5065//136 2130//133 274//2410 2131//2411
f 5064//135 5065//136 2131//2411 2132//2412
f 5063//134 5064//135 2132//2412 2133//2413
f 2125//105 5063//134 2133//2413 273//2414
f 2126//105 5060//134 5063//134 2125//105
f 2127//105 5057//134 5060//134 2126//105
f 5066//129 5067//130 5070//130 5069//129
f 5067//130 5068//131 5071//131 5070//130
f 5069//129 5070//130 5073//130 5072//129
f 5070//130 5071//131 5074//131 5073//130
f 270//132 2115//129 5066//129 2128//132
f 2115//129 2114//130 5067//130 5066//129
f 2114//130 2113//131 5068//131 5067//130
f 2113//131 271//128 2134//128 5068//131
f 5068//131 2134//128 2135//128 5071//131
f 5071//131 2135//128 2136//128 5074//131
f 5074//131 2136//128 275//2415 2137//2416
f 5073//130 5074//131 2137//2416 2138//2417
f 5072//129 5073//130 2138//2417 2139//2418
f 2130//133 5072//129 2139//2418 274//2410
f 2129//133 5069//129 5072//129 2130//133
f 2128//132 5066//129 5069//129 2129//133
f 5075//125 5076//126 5079//126 5078//125
f 5076//126 5077//127 5080//127 5079//126
f 5078//125 5079//126 5082//126 5081//125
f 5079//126 5080//127 5083//127 5082//126
f 271//128 2121//125 5075//125 2134//128
f 2121//125 2120//126 5076//126 5075//125
f 2120//126 2119//127 5077//127 5076//126
f 2119//127 272//104 2140//103 5077//127
f 5077//127 2140//103 2141//103 5080//127
f 5080//127 2141//103 2142//103 5083//127
f 5083//127 2142//103 276//2419 2143//2420
f 5082//126 5083//127 2143//2420 2144//2421
f 5081//125 5082//126 2144//2421 2145//2422
f 2136//128 5081//125 2145//2422 275//2415
f 2135//128 5078//125 5081//125 2136//128
f 2134//128 5075//125 5078//125 2135//128
f 5084//100 5085//101 5088//101 5087//100
f 5085//101 5086//102 5089//102 5088//101
f 5087//100 5088//101 5091//101 5090//100
f 5088//101 5089//102 5092//102 5091//101
f 272//104 2124//100 5084//100 2140//103
f 2124//100 2123//101 5085//101 5084//100
f 2123//101 2122//102 5086//102 5085//101
f 2122//102 269//105 2127//105 5086//102
f 5086//102 2127//105 2126//105 5089//102
f 5089//102 2126//105 2125//105 5092//102
f 5092//102 2125//105 273//2414 2146//2423
f 5091//101 5092//102 2146//2423 2147//2424
f 5090//100 5091//101 2147//2424 2148//2425
f 2142//103 5090//100 2148//2425 276//2419
f 2141//103 5087//100 5090//100 2142//103
f 2140//103 5084//100 5087//100 2141//103
f 5093//2426 5094//2427 5097//2428 5096//2429
f 5094//2427 5095//2430 5098//2431 5097//2428
f 5096//2429 5097//2428 5100//2432 5099//2433
f 5097//2428 5098//2431 5101//2434 5100//2432
f 273//2414 2133//2413 5093//2426 2151//2435
f 2133//2413 2132//2412 5094//2427 5093//2426
f 2132//2412 2131//2411 5095//2430 5094//2427
f 2131//2411 274//2410 2152//2436 5095//2430
f 5095//2430 2152//2436 2153//2437 5098//2431
f 5098//2431 2153//2437 2154//2438 5101//2434
f 5101//2434 2154//2438 278//1326 727//1328
f 5100//2432 5101//2434 727//1328 728//1336
f 5099//2433 5100//2432 728//1336 729//1335
f 2149//2439 5099//2433 729//1335 277//1094
f 2150//2440 5096//2429 5099//2433 2149//2439
f 2151//2435 5093//2426 5096//2429 2150//2440
f 5102//2441 5103//2442 5106//2443 5105//2444
f 5103//2442 5104//2445 5107//2446 5106//2443
f 5105//2444 5106//2443 5109//2447 5108//2448
f 5106//2443 5107//2446 5110//2449 5109//2447
f 274//2410 2139//2418 5102//2441 2152//2436
f 2139//2418 2138//2417 5103//2442 5102//2441
f 2138//2417 2137//2416 5104//2445 5103//2442
f 2137//2416 275//2415 2155//2450 5104//2445
f 5104//2445 2155//2450 2156//2451 5107//2446
f 5107//2446 2156//2451 2157//2452 5110//2449
f 5110//2449 2157//2452 279//600 724//1537
f 5109//2447 5110//2449 724//1537 725//1536
f 5108//2448 5109//2447 725//1536 726//1535
f 2154//2438 5108//2448 726//1535 278//1326
f 2153//2437 5105//2444 5108//2448 2154//2438
f 2152//2436 5102//2441 5105//2444 2153//2437
f 5111//2453 5112//2454 5115//2455 5114//2456
f 5112//2454 5113//2457 5116//2458 5115//2455
f 5114//2456 5115//2455 5118//2459 5117//2460
f 5115//2455 5116//2458 5119//2461 5118//2459
f 275//2415 2145//2422 5111//2453 2155//2450
f 2145//2422 2144//2421 5112//2454 5111//2453
f 2144//2421 2143//2420 5113//2457 5112//2454
f 2143//2420 276//2419 2158//2462 5113//2457
f 5113//2457 2158//2462 2159//2463 5116//2458
f 5116//2458 2159//2463 2160//2464 5119//2461
f 5119//2461 2160//2464 280//405 681//1642
f 5118//2459 5119//2461 681//1642 680//1641
f 5117//2460 5118//2459 680//1641 679//1640
f 2157//2452 5117//2460 679//1640 279//600
f 2156//2451 5114//2456 5117//2460 2157//2452
f 2155//2450 5111//2453 5114//2456 2156//2451
f 5120//2465 5121//2466 5124//2467 5123//2468
f 5121//2466 5122//2469 5125//2470 5124//2467
f 5123//2468 5124//2467 5127//2471 5126//2472
f 5124//2467 5125//2470 5128//2473 5127//2471
f 276//2419 2148//2425 5120//2465 2158//2462
f 2148//2425 2147//2424 5121//2466 5120//2465
f 2147//2424 2146//2423 5122//2469 5121//2466
f 2146//2423 273//2414 2151//2435 5122//2469
f 5122//2469 2151//2435 2150//2440 5125//2470
f 5125//2470 2150//2440 2149//2439 5128//2473
f 5128//2473 2149//2439 277//1094 690//1096
f 5127//2471 5128//2473 690//1096 689//1104
f 5126//2472 5127//2471 689//1104 688//1103
f 2160//2464 5126//2472 688//1103 280//405
f 2159//2463 5123//2468 5126//2472 2160//2464
f 2158//2462 5120//2465 5123//2468 2159//2463
f 5129//2474 5130//2475 5133//2476 5132//2477
f 5130//2475 5131//2478 5134//2479 5133//2476
f 5132//2477 5133//2476 5136//2480 5135//2481
f 5133//2476 5134//2479 5137//2482 5136//2480
f 285//2483 2164//2484 5129//2474 2163//2485
f 2164//2484 2165//2486 5130//2475 5129//2474
f 2165//2486 2166//2487 5131//2478 5130//2475
f 2166//2487 286//2488 2167//2489 5131//2478
f 5131//2478 2167//2489 2168//2490 5134//2479
f 5134//2479 2168//2490 2169//2491 5137//2482
f 5137//2482 2169//2491 282//1012 394//1014
f 5136//2480 5137//2482 394//1014 395//1021
f 5135//2481 5136//2480 395//1021 396//1020
f 2161//2492 5135//2481 396//1020 281//144
f 2162//2493 5132//2477 5135//2481 2161//2492
f 2163//2485 5129//2474 5132//2477 2162//2493
f 5138//2494 5139//2495 5142//2496 5141//2497
f 5139//2495 5140//2498 5143//2499 5142//2496
f 5141//2497 5142//2496 5145//2500 5144//2501
f 5142//2496 5143//2499 5146//2502 5145//2500
f 286//2488 2170//2503 5138//2494 2167//2489
f 2170//2503 2171//2504 5139//2495 5138//2494
f 2171//2504 2172//2505 5140//2498 5139//2495
f 2172//2505 287//1865 2173//2506 5140//2498
f 5140//2498 2173//2506 2174//2507 5143//2499
f 5143//2499 2174//2507 2175//2508 5146//2502
f 5146//2502 2175//2508 283//1379 391//1377
f 5145//2500 5146//2502 391//1377 392//1376
f 5144//2501 5145//2500 392//1376 393//1375
f 2169//2491 5144//2501 393//1375 282//1012
f 2168//2490 5141//2497 5144//2501 2169//2491
f 2167//2489 5138//2494 5141//2497 2168//2490
f 5147//2509 5148//2510 5151//2511 5150//2512
f 5148//2510 5149//2513 5152//2514 5151//2511
f 5150//2512 5151//2511 5154//2515 5153//2516
f 5151//2511 5152//2514 5155//2517 5154//2515
f 287//1865 2176//2518 5147//2509 2173//2506
f 2176//2518 2177//2519 5148//2510 5147//2509
f 2177//2519 2178//2520 5149//2513 5148//2510
f 2178//2520 288//2521 2179//2522 5149//2513
f 5149//2513 2179//2522 2180//2523 5152//2514
f 5152//2514 2180//2523 2181//2524 5155//2517
f 5155//2517 2181//2524 284//118 390//1677
f 5154//2515 5155//2517 390//1677 389//1676
f 5153//2516 5154//2515 389//1676 388//1675
f 2175//2508 5153//2516 388//1675 283//1379
f 2174//2507 5150//2512 5153//2516 2175//2508
f 2173//2506 5147//2509 5150//2512 2174//2507
f 5156//2525 5157//2526 5160//2527 5159//2528
f 5157//2526 5158//2529 5161//2530 5160//2527
f 5159//2528 5160//2527 5163//2531 5162//2532
f 5160//2527 5161//2530 5164//2533 5163//2531
f 288//2521 2182//2534 5156//2525 2179//2522
f 2182//2534 2183//2535 5157//2526 5156//2525
f 2183//2535 2184//2536 5158//2529 5157//2526
f 2184//2536 285//2483 2163//2485 5158//2529
f 5158//2529 2163//2485 2162//2493 5161//2530
f 5161//2530 2162//2493 2161//2492 5164//2533
f 5164//2533 2161//2492 281//144 339//1392
f 5163//2531 5164//2533 339//1392 338//1391
f 5162//2532 5163//2531 338//1391 337//1390
f 2181//2524 5162//2532 337//1390 284//118
f 2180//2523 5159//2528 5162//2532 2181//2524
f 2179//2522 5156//2525 5159//2528 2180//2523
f 5165//1758 5166//383 5169//348 5168//1758
f 5166//383 5167//1757 5170//1757 5169//348
f 5168//1758 5169//348 5172//348 5171//1758
f 5169//348 5170//1757 5173//1757 5172//348
f 289//1760 2188//1758 5165//1758 2187//1760
f 2188//1758 2189//348 5166//383 5165//1758
f 2189//348 2190//1757 5167//1757 5166//383
f 2190//1757 290//1759 2191//1759 5167//1757
f 5167//1757 2191//1759 2192//1759 5170//1757
f 5170//1757 2192//1759 2193//1759 5173//1757
f 5173//1757 2193//1759 286//2488 2166//2487
f 5172//348 5173//1757 2166//2487 2165//2486
f 5171//1758 5172//348 2165//2486 2164//2484
f 2185//1760 5171//1758 2164//2484 285//2483
f 2186//1760 5168//1758 5171//1758 2185//1760
f 2187//1760 5165//1758 5168//1758 2186//1760
f 5174//1768 5175//135 5178//135 5177//1768
f 5175//135 5176//1767 5179//1767 5178//135
f 5177//1768 5178//135 5181//135 5180//1768
f 5178//135 5179//1767 5182//1767 5181//135
f 290//1759 2194//1768 5174//1768 2191//1759
f 2194//1768 2195//135 5175//135 5174//1768
f 2195//135 2196//1767 5176//1767 5175//135
f 2196//1767 291//1766 2197//1766 5176//1767
f 5176//1767 2197//1766 2198//1766 5179//1767
f 5179//1767 2198//1766 2199//1766 5182//1767
f 5182//1767 2199//1766 287//1865 2172//2505
f 5181//135 5182//1767 2172//2505 2171//2504
f 5180//1768 5181//135 2171//2504 2170//2503
f 2193//1759 5180//1768 2170//2503 286//2488
f 2192//1759 5177//1768 5180//1768 2193//1759
f 2191//1759 5174//1768 5177//1768 2192//1759
f 5183//1765 5184//340 5187//417 5186//1765
f 5184//340 5185//1764 5188//1764 5187//417
f 5186//1765 5187//417 5190//417 5189//1765
f 5187//417 5188//1764 5191//1764 5190//417
f 291//1766 2200//1765 5183//1765 2197//1766
f 2200//1765 2201//340 5184//340 5183//1765
f 2201//340 2202//1764 5185//1764 5184//340
f 2202//1764 292//1763 2203//1763 5185//1764
f 5185//1764 2203//1763 2204//1763 5188//1764
f 5188//1764 2204//1763 2205//1763 5191//1764
f 5191//1764 2205//1763 288//2521 2178//2520
f 5190//417 5191//1764 2178//2520 2177//2519
f 5189//1765 5190//417 2177//2519 2176//2518
f 2199//1766 5189//1765 2176//2518 287//1865
f 2198//1766 5186//1765 5189//1765 2199//1766
f 2197//1766 5183//1765 5186//1765 2198//1766
f 5192//1762 5193//126 5196//126 5195//1762
f 5193//126 5194//1761 5197//1761 5196//126
f 5195//1762 5196//126 5199//126 5198//1762
f 5196//126 5197//1761 5200//1761 5199//126
f 292//1763 2206//1762 5192//1762 2203//1763
f 2206//1762 2207//126 5193//126 5192//1762
f 2207//126 2208//1761 5194//1761 5193//126
f 2208//1761 289//1760 2187//1760 5194//1761
f 5194//1761 2187//1760 2186//1760 5197//1761
f 5197//1761 2186//1760 2185//1760 5200//1761
f 5200//1761 2185//1760 285//2483 2184//2536
f 5199//126 5200//1761 2184//2536 2183//2535
f 5198//1762 5199//126 2183//2535 2182//2534
f 2205//1763 5198//1762 2182//2534 288//2521
f 2204//1763 5195//1762 5198//1762 2205//1763
f 2203//1763 5192//1762 5195//1762 2204//1763
f 5201//1758 5202//348 5205//348 5204//1758
f 5202//348 5203//1757 5206//1757 5205//348
f 5204//1758 5205//348 5208//348 5207//1758
f 5205//348 5206//1757 5209//1757 5208//348
f 293//1760 2212//1758 5201//1758 2211//1760
f 2212//1758 2213//348 5202//348 5201//1758
f 2213//348 2214//1757 5203//1757 5202//348
f 2214//1757 294//1759 2215//1759 5203//1757
f 5203//1757 2215//1759 2216//1759 5206//1757
f 5206//1757 2216//1759 2217//1759 5209//1757
f 5209//1757 2217//1759 290//1759 2190//1757
f 5208//348 5209//1757 2190//1757 2189//348
f 5207//1758 5208//348 2189//348 2188//1758
f 2209//1760 5207//1758 2188//1758 289//1760
f 2210//1760 5204//1758 5207//1758 2209//1760
f 2211//1760 5201//1758 5204//1758 2210//1760
f 5210//1768 5211//135 5214//135 5213//1768
f 5211//135 5212//1767 5215//1767 5214//135
f 5213//1768 5214//135 5217//135 5216//1768
f 5214//135 5215//1767 5218//1767 5217//135
f 294//1759 2218//1768 5210//1768 2215//1759
f 2218//1768 2219//135 5211//135 5210//1768
f 2219//135 2220//1767 5212//1767 5211//135
f 2220//1767 295//1766 2221//1766 5212//1767
f 5212//1767 2221//1766 2222//1766 5215//1767
f 5215//1767 2222//1766 2223//1766 5218//1767
f 5218//1767 2223//1766 291//1766 2196//1767
f 5217//135 5218//1767 2196//1767 2195//135
f 5216//1768 5217//135 2195//135 2194//1768
f 2217//1759 5216//1768 2194//1768 290//1759
f 2216//1759 5213//1768 5216//1768 2217//1759
f 2215//1759 5210//1768 5213//1768 2216//1759
f 5219//1765 5220//417 5223//340 5222//1765
f 5220//417 5221//1764 5224//1764 5223//340
f 5222//1765 5223//340 5226//340 5225//1765
f 5223//340 5224//1764 5227//1764 5226//340
f 295//1766 2224//1765 5219//1765 2221//1766
f 2224//1765 2225//340 5220//417 5219//1765
f 2225//340 2226//1764 5221//1764 5220//417
f 2226//1764 296//1763 2227//1763 5221//1764
f 5221//1764 2227//1763 2228//1763 5224//1764
f 5224//1764 2228//1763 2229//1763 5227//1764
f 5227//1764 2229//1763 292//1763 2202//1764
f 5226//340 5227//1764 2202//1764 2201//340
f 5225//1765 5226//340 2201//340 2200//1765
f 2223//1766 5225//1765 2200//1765 291//1766
f 2222//1766 5222//1765 5225//1765 2223//1766
f 2221//1766 5219//1765 5222//1765 2222//1766
f 5228//1762 5229//126 5232//126 5231//1762
f 5229//126 5230//1761 5233//1761 5232//126
f 5231//1762 5232//126 5235//126 5234//1762
f 5232//126 5233//1761 5236//1761 5235//126
f 296//1763 2230//1762 5228//1762 2227//1763
f 2230//1762 2231//126 5229//126 5228//1762
f 2231//126 2232//1761 5230//1761 5229//126
f 2232//1761 293//1760 2211//1760 5230//1761
f 5230//1761 2211//1760 2210//1760 5233//1761
f 5233//1761 2210//1760 2209//1760 5236//1761
f 5236//1761 2209//1760 289//1760 2208//1761
f 5235//126 5236//1761 2208//1761 2207//126
f 5234//1762 5235//126 2207//126 2206//1762
f 2229//1763 5234//1762 2206//1762 292//1763
f 2228//1763 5231//1762 5234//1762 2229//1763
f 2227//1763 5228//1762 5231//1762 2228//1763
f 5237//1758 5238//383 5241//383 5240//1758
f 5238//383 5239//1757 5242//1757 5241//383
f 5240//1758 5241//383 5244//348 5243//1758
f 5241//383 5242//1757 5245//1757 5244//348
f 297//1760 2236//1758 5237//1758 2235//1760
f 2236//1758 2237//348 5238//383 5237//1758
f 2237//348 2238//1757 5239//1757 5238//383
f 2238//1757 298//1759 2239//1759 5239//1757
f 5239//1757 2239//1759 2240//1759 5242//1757
f 5242//1757 2240//1759 2241//1759 5245//1757
f 5245//1757 2241//1759 294//1759 2214//1757
f 5244//348 5245//1757 2214//1757 2213//348
f 5243//1758 5244//348 2213//348 2212//1758
f 2233//1760 5243//1758 2212//1758 293//1760
f 2234//1760 5240//1758 5243//1758 2233//1760
f 2235//1760 5237//1758 5240//1758 2234//1760
f 5246//1768 5247//135 5250//135 5249//1768
f 5247//135 5248//1767 5251//1767 5250//135
f 5249//1768 5250//135 5253//135 5252//1768
f 5250//135 5251//1767 5254//1767 5253//135
f 298//1759 2242//1768 5246//1768 2239//1759
f 2242//1768 2243//135 5247//135 5246//1768
f 2243//135 2244//1767 5248//1767 5247//135
f 2244//1767 299//1766 2245//1766 5248//1767
f 5248//1767 2245//1766 2246//1766 5251//1767
f 5251//1767 2246//1766 2247//1766 5254//1767
f 5254//1767 2247//1766 295//1766 2220//1767
f 5253//135 5254//1767 2220//1767 2219//135
f 5252//1768 5253//135 2219//135 2218//1768
f 2241//1759 5252//1768 2218//1768 294//1759
f 2240//1759 5249//1768 5252//1768 2241//1759
f 2239//1759 5246//1768 5249//1768 2240//1759
f 5255//1765 5256//340 5259//417 5258//1765
f 5256//340 5257//1764 5260//1764 5259//417
f 5258//1765 5259//417 5262//340 5261//1765
f 5259//417 5260//1764 5263//1764 5262//340
f 299//1766 2248//1765 5255//1765 2245//1766
f 2248//1765 2249//340 5256//340 5255//1765
f 2249//340 2250//1764 5257//1764 5256//340
f 2250//1764 300//1763 2251//1763 5257//1764
f 5257//1764 2251//1763 2252//1763 5260//1764
f 5260//1764 2252//1763 2253//1763 5263//1764
f 5263//1764 2253//1763 296//1763 2226//1764
f 5262//340 5263//1764 2226//1764 2225//340
f 5261//1765 5262//340 2225//340 2224//1765
f 2247//1766 5261//1765 2224//1765 295//1766
f 2246//1766 5258//1765 5261//1765 2247//1766
f 2245//1766 5255//1765 5258//1765 2246//1766
f 5264//1762 5265//126 5268//126 5267//1762
f 5265//126 5266//1761 5269//1761 5268//126
f 5267//1762 5268//126 5271//126 5270//1762
f 5268//126 5269//1761 5272//1761 5271//126
f 300//1763 2254//1762 5264//1762 2251//1763
f 2254//1762 2255//126 5265//126 5264//1762
f 2255//126 2256//1761 5266//1761 5265//126
f 2256//1761 297//1760 2235//1760 5266//1761
f 5266//1761 2235//1760 2234//1760 5269//1761
f 5269//1761 2234//1760 2233//1760 5272//1761
f 5272//1761 2233//1760 293//1760 2232//1761
f 5271//126 5272//1761 2232//1761 2231//126
f 5270//1762 5271//126 2231//126 2230//1762
f 2253//1763 5270//1762 2230//1762 296//1763
f 2252//1763 5267//1762 5270//1762 2253//1763
f 2251//1763 5264//1762 5267//1762 2252//1763
f 5273//1758 5274//348 5277//383 5276//1758
f 5274//348 5275//1757 5278//1757 5277//383
f 5276//1758 5277//383 5280//383 5279//1758
f 5277//383 5278//1757 5281//1757 5280//383
f 301//2537 2260//2538 5273//1758 2259//1760
f 2260//2538 2261//2539 5274//348 5273//1758
f 2261//2539 2262//2540 5275//1757 5274//348
f 2262//2540 302//2541 2263//1759 5275//1757
f 5275//1757 2263//1759 2264//1759 5278//1757
f 5278//1757 2264//1759 2265//1759 5281//1757
f 5281//1757 2265//1759 298//1759 2238//1757
f 5280//383 5281//1757 2238//1757 2237//348
f 5279//1758 5280//383 2237//348 2236//1758
f 2257//1760 5279//1758 2236//1758 297//1760
f 2258//1760 5276//1758 5279//1758 2257//1760
f 2259//1760 5273//1758 5276//1758 2258//1760
f 5282//1768 5283//135 5286//135 5285//1768
f 5283//135 5284//1767 5287//1767 5286//135
f 5285//1768 5286//135 5289//135 5288//1768
f 5286//135 5287//1767 5290//1767 5289//135
f 302//2541 2266//2542 5282//1768 2263//1759
f 2266//2542 2267//2543 5283//135 5282//1768
f 2267//2543 2268//2544 5284//1767 5283//135
f 2268//2544 303//2545 2269//1766 5284//1767
f 5284//1767 2269//1766 2270//1766 5287//1767
f 5287//1767 2270//1766 2271//1766 5290//1767
f 5290//1767 2271//1766 299//1766 2244//1767
f 5289//135 5290//1767 2244//1767 2243//135
f 5288//1768 5289//135 2243//135 2242//1768
f 2265//1759 5288//1768 2242//1768 298//1759
f 2264//1759 5285//1768 5288//1768 2265//1759
f 2263//1759 5282//1768 5285//1768 2264//1759
f 5291//1765 5292//340 5295//340 5294//1765
f 5292//340 5293//1764 5296//1764 5295//340
f 5294//1765 5295//340 5298//340 5297//1765
f 5295//340 5296//1764 5299//1764 5298//340
f 303//2545 2272//2546 5291//1765 2269//1766
f 2272//2546 2273//2547 5292//340 5291//1765
f 2273//2547 2274//2548 5293//1764 5292//340
f 2274//2548 304//2549 2275//1763 5293//1764
f 5293//1764 2275//1763 2276//1763 5296//1764
f 5296//1764 2276//1763 2277//1763 5299//1764
f 5299//1764 2277//1763 300//1763 2250//1764
f 5298//340 5299//1764 2250//1764 2249//340
f 5297//1765 5298//340 2249//340 2248//1765
f 2271//1766 5297//1765 2248//1765 299//1766
f 2270//1766 5294//1765 5297//1765 2271//1766
f 2269//1766 5291//1765 5294//1765 2270//1766
f 5300//1762 5301//126 5304//126 5303//1762
f 5301//126 5302//1761 5305//1761 5304//126
f 5303//1762 5304//126 5307//126 5306//1762
f 5304//126 5305//1761 5308//1761 5307//126
f 304//2549 2278//2550 5300//1762 2275//1763
f 2278//2550 2279//2551 5301//126 5300//1762
f 2279//2551 2280//2552 5302//1761 5301//126
f 2280//2552 301//2537 2259//1760 5302//1761
f 5302//1761 2259//1760 2258//1760 5305//1761
f 5305//1761 2258//1760 2257//1760 5308//1761
f 5308//1761 2257//1760 297//1760 2256//1761
f 5307//126 5308//1761 2256//1761 2255//126
f 5306//1762 5307//126 2255//126 2254//1762
f 2277//1763 5306//1762 2254//1762 300//1763
f 2276//1763 5303//1762 5306//1762 2277//1763
f 2275//1763 5300//1762 5303//1762 2276//1763
f 5309//2553 5310//2554 5313//2555 5312//2556
f 5310//2554 5311//2557 5314//2558 5313//2555
f 5312//2556 5313//2555 5316//2559 5315//2560
f 5313//2555 5314//2558 5317//2561 5316//2559
f 305//1309 705//1308 5309//2553 2283//2562
f 705//1308 704//1307 5310//2554 5309//2553
f 704//1307 703//1306 5311//2557 5310//2554
f 703//1306 306//1099 2284//2563 5311//2557
f 5311//2557 2284//2563 2285//2564 5314//2558
f 5314//2558 2285//2564 2286//2565 5317//2561
f 5317//2561 2286//2565 302//2541 2262//2540
f 5316//2559 5317//2561 2262//2540 2261//2539
f 5315//2560 5316//2559 2261//2539 2260//2538
f 2281//2566 5315//2560 2260//2538 301//2537
f 2282//2567 5312//2556 5315//2560 2281//2566
f 2283//2562 5309//2553 5312//2556 2282//2567
f 5318//2568 5319//2569 5322//2570 5321//2571
f 5319//2569 5320//2572 5323//2573 5322//2570
f 5321//2571 5322//2570 5325//2574 5324//2575
f 5322//2570 5323//2573 5326//2576 5325//2574
f 306//1099 738//1334 5318//2568 2284//2563
f 738//1334 737//1333 5319//2569 5318//2568
f 737//1333 736//1332 5320//2572 5319//2569
f 736//1332 307//1331 2287//2577 5320//2572
f 5320//2572 2287//2577 2288//2578 5323//2573
f 5323//2573 2288//2578 2289//2579 5326//2576
f 5326//2576 2289//2579 303//2545 2268//2544
f 5325//2574 5326//2576 2268//2544 2267//2543
f 5324//2575 5325//2574 2267//2543 2266//2542
f 2286//2565 5324//2575 2266//2542 302//2541
f 2285//2564 5321//2571 5324//2575 2286//2565
f 2284//2563 5318//2568 5321//2571 2285//2564
f 5327//2580 5328//2581 5331//2582 5330//2583
f 5328//2581 5329//2584 5332//2585 5331//2582
f 5330//2583 5331//2582 5334//2586 5333//2587
f 5331//2582 5332//2585 5335//2588 5334//2586
f 307//1331 742//1534 5327//2580 2287//2577
f 742//1534 743//1539 5328//2581 5327//2580
f 743//1539 744//1538 5329//2584 5328//2581
f 744//1538 308//595 2290//2589 5329//2584
f 5329//2584 2290//2589 2291//2590 5332//2585
f 5332//2585 2291//2590 2292//2591 5335//2588
f 5335//2588 2292//2591 304//2549 2274//2548
f 5334//2586 5335//2588 2274//2548 2273//2547
f 5333//2587 5334//2586 2273//2547 2272//2546
f 2289//2579 5333//2587 2272//2546 303//2545
f 2288//2578 5330//2583 5333//2587 2289//2579
f 2287//2577 5327//2580 5330//2583 2288//2578
f 5336//2592 5337//2593 5340//2594 5339//2595
f 5337//2593 5338//2596 5341//2597 5340//2594
f 5339//2595 5340//2594 5343//2598 5342//2599
f 5340//2594 5341//2597 5344//2600 5343//2598
f 308//595 714//1690 5336//2592 2290//2589
f 714//1690 713//1689 5337//2593 5336//2592
f 713//1689 712//1688 5338//2596 5337//2593
f 712//1688 305//1309 2283//2562 5338//2596
f 5338//2596 2283//2562 2282//2567 5341//2597
f 5341//2597 2282//2567 2281//2566 5344//2600
f 5344//2600 2281//2566 301//2537 2280//2552
f 5343//2598 5344//2600 2280//2552 2279//2551
f 5342//2599 5343//2598 2279//2551 2278//2550
f 2292//2591 5342//2599 2278//2550 304//2549
f 2291//2590 5339//2595 5342//2599 2292//2591
f 2290//2589 5336//2592 5339//2595 2291//2590
f 5345//2601 5346//2602 5349//2603 5348//2604
f 5346//2602 5347//2605 5350//2606 5349//2603
f 5348//2604 5349//2603 5352//2607 5351//2608
f 5349//2603 5350//2606 5353//2609 5352//2607
f 313//2610 2296//2611 5345//2601 2295//2612
f 2296//2611 2297//2613 5346//2602 5345//2601
f 2297//2613 2298//2614 5347//2605 5346//2602
f 2298//2614 314//2615 2299//2616 5347//2605
f 5347//2605 2299//2616 2300//2617 5350//2606
f 5350//2606 2300//2617 2301//2618 5353//2609
f 5353//2609 2301//2618 310//798 802//1426
f 5352//2607 5353//2609 802//1426 803//1431
f 5351//2608 5352//2607 803//1431 804//1430
f 2293//2619 5351//2608 804//1430 309//716
f 2294//2620 5348//2604 5351//2608 2293//2619
f 2295//2612 5345//2601 5348//2604 2294//2620
f 5354//2621 5355//2622 5358//2623 5357//2624
f 5355//2622 5356//2625 5359//2626 5358//2623
f 5357//2624 5358//2623 5361//2627 5360//2628
f 5358//2623 5359//2626 5362//2629 5361//2627
f 314//2615 2302//2630 5354//2621 2299//2616
f 2302//2630 2303//2631 5355//2622 5354//2621
f 2303//2631 2304//2632 5356//2625 5355//2622
f 2304//2632 315//2633 2305//2634 5356//2625
f 5356//2625 2305//2634 2306//2635 5359//2626
f 5359//2626 2306//2635 2307//2636 5362//2629
f 5362//2629 2307//2636 311//1231 798//1459
f 5361//2627 5362//2629 798//1459 797//1458
f 5360//2628 5361//2627 797//1458 796//1457
f 2301//2618 5360//2628 796//1457 310//798
f 2300//2617 5357//2624 5360//2628 2301//2618
f 2299//2616 5354//2621 5357//2624 2300//2617
f 5363//2637 5364//2638 5367//2639 5366//2640
f 5364//2638 5365//2641 5368//2642 5367//2639
f 5366//2640 5367//2639 5370//2643 5369//2644
f 5367//2639 5368//2642 5371//2645 5370//2643
f 315//2633 2308//2646 5363//2637 2305//2634
f 2308//2646 2309//2647 5364//2638 5363//2637
f 2309//2647 2310//2648 5365//2641 5364//2638
f 2310//2648 316//2649 2311//2650 5365//2641
f 5365//2641 2311//2650 2312//2651 5368//2642
f 5368//2642 2312//2651 2313//2652 5371//2645
f 5371//2645 2313//2652 312//928 762//1234
f 5370//2643 5371//2645 762//1234 761//1233
f 5369//2644 5370//2643 761//1233 760//1232
f 2307//2636 5369//2644 760//1232 311//1231
f 2306//2635 5366//2640 5369//2644 2307//2636
f 2305//2634 5363//2637 5366//2640 2306//2635
f 5372//2653 5373//2654 5376//2655 5375//2656
f 5373//2654 5374//2657 5377//2658 5376//2655
f 5375//2656 5376//2655 5379//2659 5378//2660
f 5376//2655 5377//2658 5380//2661 5379//2659
f 316//2649 2314//2662 5372//2653 2311//2650
f 2314//2662 2315//2663 5373//2654 5372//2653
f 2315//2663 2316//2664 5374//2657 5373//2654
f 2316//2664 313//2610 2295//2612 5374//2657
f 5374//2657 2295//2612 2294//2620 5377//2658
f 5377//2658 2294//2620 2293//2619 5380//2661
f 5380//2661 2293//2619 309//716 808//919
f 5379//2659 5380//2661 808//919 809//929
f 5378//2660 5379//2659 809//929 810//927
f 2313//2652 5378//2660 810//927 312//928
f 2312//2651 5375//2656 5378//2660 2313//2652
f 2311//2650 5372//2653 5375//2656 2312//2651
f 5381//1757 5382//348 5385//348 5384//1757
f 5382//348 5383//1758 5386//1758 5385//348
f 5384//1757 5385//348 5388//348 5387//1757
f 5385//348 5386//1758 5389//1758 5388//348
f 317//1759 2320//1757 5381//1757 2319//1759
f 2320//1757 2321//383 5382//348 5381//1757
f 2321//383 2322//1758 5383//1758 5382//348
f 2322//1758 318//1760 2323//1760 5383//1758
f 5383//1758 2323//1760 2324//1760 5386//1758
f 5386//1758 2324//1760 2325//1760 5389//1758
f 5389//1758 2325//1760 314//2615 2298//2614
f 5388//348 5389//1758 2298//2614 2297//2613
f 5387//1757 5388//348 2297//2613 2296//2611
f 2317//1759 5387//1757 2296//2611 313//2610
f 2318//1759 5384//1757 5387//1757 2317//1759
f 2319//1759 5381//1757 5384//1757 2318//1759
f 5390//1761 5391//126 5394//126 5393//1761
f 5391//126 5392//1762 5395//1762 5394//126
f 5393//1761 5394//126 5397//126 5396//1761
f 5394//126 5395//1762 5398//1762 5397//126
f 318//1760 2326//1761 5390//1761 2323//1760
f 2326//1761 2327//126 5391//126 5390//1761
f 2327//126 2328//1762 5392//1762 5391//126
f 2328//1762 319//1763 2329//1763 5392//1762
f 5392//1762 2329//1763 2330//1763 5395//1762
f 5395//1762 2330//1763 2331//1763 5398//1762
f 5398//1762 2331//1763 315//2633 2304//2632
f 5397//126 5398//1762 2304//2632 2303//2631
f 5396//1761 5397//126 2303//2631 2302//2630
f 2325//1760 5396//1761 2302//2630 314//2615
f 2324//1760 5393//1761 5396//1761 2325//1760
f 2323//1760 5390//1761 5393//1761 2324//1760
f 5399//1764 5400//417 5403//340 5402//1764
f 5400//417 5401//1765 5404//1765 5403//340
f 5402//1764 5403//340 5406//417 5405//1764
f 5403//340 5404//1765 5407//1765 5406//417
f 319//1763 2332//1764 5399//1764 2329//1763
f 2332//1764 2333//417 5400//417 5399//1764
f 2333//417 2334//1765 5401//1765 5400//417
f 2334//1765 320//1766 2335//1766 5401//1765
f 5401//1765 2335//1766 2336//1766 5404//1765
f 5404//1765 2336//1766 2337//1766 5407//1765
f 5407//1765 2337//1766 316//2649 2310//2648
f 5406//417 5407//1765 2310//2648 2309//2647
f 5405//1764 5406//417 2309//2647 2308//2646
f 2331//1763 5405//1764 2308//2646 315//2633
f 2330//1763 5402//1764 5405//1764 2331//1763
f 2329//1763 5399//1764 5402//1764 2330//1763
f 5408//1767 5409//135 5412//135 5411//1767
f 5409//135 5410//1768 5413//1768 5412//135
f 5411//1767 5412//135 5415//135 5414//1767
f 5412//135 5413//1768 5416//1768 5415//135
f 320//1766 2338//1767 5408//1767 2335//1766
f 2338//1767 2339//135 5409//135 5408//1767
f 2339//135 2340//1768 5410//1768 5409//135
f 2340//1768 317//1759 2319//1759 5410//1768
f 5410//1768 2319//1759 2318//1759 5413//1768
f 5413//1768 2318//1759 2317//1759 5416//1768
f 5416//1768 2317//1759 313//2610 2316//2664
f 5415//135 5416//1768 2316//2664 2315//2663
f 5414//1767 5415//135 2315//2663 2314//2662
f 2337//1766 5414//1767 2314//2662 316//2649
f 2336//1766 5411//1767 5414//1767 2337//1766
f 2335//1766 5408//1767 5411//1767 2336//1766
f 5417//1757 5418//348 5421//348 5420//1757
f 5418//348 5419//1758 5422//1758 5421//348
f 5420//1757 5421//348 5424//348 5423//1757
f 5421//348 5422//1758 5425//1758 5424//348
f 321//1759 2344//1757 5417//1757 2343//1759
f 2344//1757 2345//348 5418//348 5417//1757
f 2345//348 2346//1758 5419//1758 5418//348
f 2346//1758 322//1760 2347//1760 5419//1758
f 5419//1758 2347//1760 2348//1760 5422//1758
f 5422//1758 2348//1760 2349//1760 5425//1758
f 5425//1758 2349//1760 318//1760 2322//1758
f 5424//348 5425//1758 2322//1758 2321//383
f 5423//1757 5424//348 2321//383 2320//1757
f 2341//1759 5423//1757 2320//1757 317//1759
f 2342//1759 5420//1757 5423//1757 2341//1759
f 2343//1759 5417//1757 5420//1757 2342//1759
f 5426//1761 5427//126 5430//126 5429//1761
f 5427//126 5428//1762 5431//1762 5430//126
f 5429//1761 5430//126 5433//126 5432//1761
f 5430//126 5431//1762 5434//1762 5433//126
f 322//1760 2350//1761 5426//1761 2347//1760
f 2350//1761 2351//126 5427//126 5426//1761
f 2351//126 2352//1762 5428//1762 5427//126
f 2352//1762 323//1763 2353//1763 5428//1762
f 5428//1762 2353//1763 2354//1763 5431//1762
f 5431//1762 2354//1763 2355//1763 5434//1762
f 5434//1762 2355//1763 319//1763 2328//1762
f 5433//126 5434//1762 2328//1762 2327//126
f 5432//1761 5433//126 2327//126 2326//1761
f 2349//1760 5432//1761 2326//1761 318//1760
f 2348//1760 5429//1761 5432//1761 2349//1760
f 2347//1760 5426//1761 5429//1761 2348//1760
f 5435//1764 5436//340 5439//417 5438//1764
f 5436//340 5437//1765 5440//1765 5439//417
f 5438//1764 5439//417 5442//340 5441//1764
f 5439//417 5440//1765 5443//1765 5442//340
f 323//1763 2356//1764 5435//1764 2353//1763
f 2356//1764 2357//340 5436//340 5435//1764
f 2357//340 2358//1765 5437//1765 5436//340
f 2358//1765 324//1766 2359//1766 5437//1765
f 5437//1765 2359//1766 2360//1766 5440//1765
f 5440//1765 2360//1766 2361//1766 5443//1765
f 5443//1765 2361//1766 320//1766 2334//1765
f 5442//340 5443//1765 2334//1765 2333//417
f 5441//1764 5442//340 2333//417 2332//1764
f 2355//1763 5441//1764 2332//1764 319//1763
f 2354//1763 5438//1764 5441//1764 2355//1763
f 2353//1763 5435//1764 5438//1764 2354//1763
f 5444//1767 5445//135 5448//135 5447//1767
f 5445//135 5446//1768 5449//1768 5448//135
f 5447//1767 5448//135 5451//135 5450//1767
f 5448//135 5449//1768 5452//1768 5451//135
f 324//1766 2362//1767 5444//1767 2359//1766
f 2362//1767 2363//135 5445//135 5444//1767
f 2363//135 2364//1768 5446//1768 5445//135
f 2364//1768 321//1759 2343//1759 5446//1768
f 5446//1768 2343//1759 2342//1759 5449//1768
f 5449//1768 2342//1759 2341//1759 5452//1768
f 5452//1768 2341//1759 317//1759 2340//1768
f 5451//135 5452//1768 2340//1768 2339//135
f 5450//1767 5451//135 2339//135 2338//1767
f 2361//1766 5450//1767 2338//1767 320//1766
f 2360//1766 5447//1767 5450//1767 2361//1766
f 2359//1766 5444//1767 5447//1767 2360//1766
f 5453//1757 5454//348 5457//348 5456//1757
f 5454//348 5455//1758 5458//1758 5457//348
f 5456//1757 5457//348 5460//348 5459//1757
f 5457//348 5458//1758 5461//1758 5460//348
f 325//1759 2368//1757 5453//1757 2367//1759
f 2368//1757 2369//348 5454//348 5453//1757
f 2369//348 2370//1758 5455//1758 5454//348
f 2370//1758 326//1760 2371//1760 5455//1758
f 5455//1758 2371//1760 2372//1760 5458//1758
f 5458//1758 2372//1760 2373//1760 5461//1758
f 5461//1758 2373//1760 322//1760 2346//1758
f 5460//348 5461//1758 2346//1758 2345//348
f 5459//1757 5460//348 2345//348 2344//1757
f 2365//1759 5459//1757 2344//1757 321//1759
f 2366//1759 5456//1757 5459//1757 2365//1759
f 2367//1759 5453//1757 5456//1757 2366//1759
f 5462//1761 5463//126 5466//126 5465//1761
f 5463//126 5464//1762 5467//1762 5466//126
f 5465//1761 5466//126 5469//126 5468//1761
f 5466//126 5467//1762 5470//1762 5469//126
f 326//1760 2374//1761 5462//1761 2371//1760
f 2374//1761 2375//126 5463//126 5462//1761
f 2375//126 2376//1762 5464//1762 5463//126
f 2376//1762 327//1763 2377//1763 5464//1762
f 5464//1762 2377//1763 2378//1763 5467//1762
f 5467//1762 2378//1763 2379//1763 5470//1762
f 5470//1762 2379//1763 323//1763 2352//1762
f 5469//126 5470//1762 2352//1762 2351//126
f 5468//1761 5469//126 2351//126 2350//1761
f 2373//1760 5468//1761 2350//1761 322//1760
f 2372//1760 5465//1761 5468//1761 2373//1760
f 2371//1760 5462//1761 5465//1761 2372//1760
f 5471//1764 5472//340 5475//340 5474//1764
f 5472//340 5473//1765 5476//1765 5475//340
f 5474//1764 5475//340 5478//417 5477//1764
f 5475//340 5476//1765 5479//1765 5478//417
f 327//1763 2380//1764 5471//1764 2377//1763
f 2380//1764 2381//340 5472//340 5471//1764
f 2381//340 2382//1765 5473//1765 5472//340
f 2382//1765 328//1766 2383//1766 5473//1765
f 5473//1765 2383//1766 2384//1766 5476//1765
f 5476//1765 2384//1766 2385//1766 5479//1765
f 5479//1765 2385//1766 324//1766 2358//1765
f 5478//417 5479//1765 2358//1765 2357//340
f 5477//1764 5478//417 2357//340 2356//1764
f 2379//1763 5477//1764 2356//1764 323//1763
f 2378//1763 5474//1764 5477//1764 2379//1763
f 2377//1763 5471//1764 5474//1764 2378//1763
f 5480//1767 5481//135 5484//135 5483//1767
f 5481//135 5482//1768 5485//1768 5484//135
f 5483//1767 5484//135 5487//135 5486//1767
f 5484//135 5485//1768 5488//1768 5487//135
f 328//1766 2386//1767 5480//1767 2383//1766
f 2386//1767 2387//135 5481//135 5480//1767
f 2387//135 2388//1768 5482//1768 5481//135
f 2388//1768 325//1759 2367//1759 5482//1768
f 5482//1768 2367//1759 2366//1759 5485//1768
f 5485//1768 2366//1759 2365//1759 5488//1768
f 5488//1768 2365//1759 321//1759 2364//1768
f 5487//135 5488//1768 2364//1768 2363//135
f 5486//1767 5487//135 2363//135 2362//1767
f 2385//1766 5486//1767 2362//1767 324//1766
f 2384//1766 5483//1767 5486//1767 2385//1766
f 2383//1766 5480//1767 5483//1767 2384//1766
f 5489//1757 5490//348 5493//383 5492//1757
f 5490//348 5491//1758 5494//1758 5493//383
f 5492//1757 5493//383 5496//348 5495//1757
f 5493//383 5494//1758 5497//1758 5496//348
f 329//2665 2392//2666 5489//1757 2391//1759
f 2392//2666 2393//2667 5490//348 5489//1757
f 2393//2667 2394//2668 5491//1758 5490//348
f 2394//2668 330//2669 2395//1760 5491//1758
f 5491//1758 2395//1760 2396//1760 5494//1758
f 5494//1758 2396//1760 2397//1760 5497//1758
f 5497//1758 2397//1760 326//1760 2370//1758
f 5496//348 5497//1758 2370//1758 2369//348
f 5495//1757 5496//348 2369//348 2368//1757
f 2389//1759 5495//1757 2368//1757 325//1759
f 2390//1759 5492//1757 5495//1757 2389//1759
f 2391//1759 5489//1757 5492//1757 2390//1759
f 5498//1761 5499//126 5502//126 5501//1761
f 5499//126 5500//1762 5503//1762 5502//126
f 5501//1761 5502//126 5505//126 5504//1761
f 5502//126 5503//1762 5506//1762 5505//126
f 330//2669 2398//2670 5498//1761 2395//1760
f 2398//2670 2399//2671 5499//126 5498//1761
f 2399//2671 2400//2672 5500//1762 5499//126
f 2400//2672 331//2673 2401//1763 5500//1762
f 5500//1762 2401//1763 2402//1763 5503//1762
f 5503//1762 2402//1763 2403//1763 5506//1762
f 5506//1762 2403//1763 327//1763 2376//1762
f 5505//126 5506//1762 2376//1762 2375//126
f 5504//1761 5505//126 2375//126 2374//1761
f 2397//1760 5504//1761 2374//1761 326//1760
f 2396//1760 5501//1761 5504//1761 2397//1760
f 2395//1760 5498//1761 5501//1761 2396//1760
f 5507//1764 5508//340 5511//340 5510//1764
f 5508//340 5509//1765 5512//1765 5511//340
f 5510//1764 5511//340 5514//340 5513//1764
f 5511//340 5512//1765 5515//1765 5514//340
f 331//2673 2404//2674 5507//1764 2401//1763
f 2404//2674 2405//2675 5508//340 5507//1764
f 2405//2675 2406//2676 5509//1765 5508//340
f 2406//2676 332//2677 2407//1766 5509//1765
f 5509//1765 2407//1766 2408//1766 5512//1765
f 5512//1765 2408//1766 2409//1766 5515//1765
f 5515//1765 2409//1766 328//1766 2382//1765
f 5514//340 5515//1765 2382//1765 2381//340
f 5513//1764 5514//340 2381//340 2380//1764
f 2403//1763 5513//1764 2380//1764 327//1763
f 2402//1763 5510//1764 5513//1764 2403//1763
f 2401//1763 5507//1764 5510//1764 2402//1763
f 5516//1767 5517//135 5520//135 5519//1767
f 5517//135 5518//1768 5521//1768 5520//135
f 5519//1767 5520//135 5523//135 5522//1767
f 5520//135 5521//1768 5524//1768 5523//135
f 332//2677 2410//2678 5516//1767 2407//1766
f 2410//2678 2411//2679 5517//135 5516//1767
f 2411//2679 2412//2680 5518//1768 5517//135
f 2412//2680 329//2665 2391//1759 5518//1768
f 5518//1768 2391//1759 2390//1759 5521//1768
f 5521//1768 2390//1759 2389//1759 5524//1768
f 5524//1768 2389//1759 325//1759 2388//1768
f 5523//135 5524//1768 2388//1768 2387//135
f 5522//1767 5523//135 2387//135 2386//1767
f 2409//1766 5522//1767 2386//1767 328//1766
f 2408//1766 5519//1767 5522//1767 2409//1766
f 2407//1766 5516//1767 5519//1767 2408//1766
f 5525//2681 5526//2682 5529//2683 5528//2684
f 5526//2682 5527//2685 5530//2686 5529//2683
f 5528//2684 5529//2683 5532//2687 5531//2688
f 5529//2683 5530//2686 5533//2689 5532//2687
f 333//1293 457//1600 5525//2681 2415//2690
f 457//1600 458//1602 5526//2682 5525//2681
f 458//1602 459//1601 5527//2685 5526//2682
f 459//1601 334//176 2416//2691 5527//2685
f 5527//2685 2416//2691 2417//2692 5530//2686
f 5530//2686 2417//2692 2418//2693 5533//2689
f 5533//2689 2418//2693 330//2669 2394//2668
f 5532//2687 5533//2689 2394//2668 2393//2667
f 5531//2688 5532//2687 2393//2667 2392//2666
f 2413//2694 5531//2688 2392//2666 329//2665
f 2414//2695 5528//2684 5531//2688 2413//2694
f 2415//2690 5525//2681 5528//2684 2414//2695
f 5534//2696 5535//2697 5538//2698 5537//2699
f 5535//2697 5536//2700 5539//2701 5538//2698
f 5537//2699 5538//2698 5541//2702 5540//2703
f 5538//2698 5539//2701 5542//2704 5541//2702
f 334//176 420//1614 5534//2696 2416//2691
f 420//1614 419//1613 5535//2697 5534//2696
f 419//1613 418//1612 5536//2700 5535//2697
f 418//1612 335//58 2419//2705 5536//2700
f 5536//2700 2419//2705 2420//2706 5539//2701
f 5539//2701 2420//2706 2421//2707 5542//2704
f 5542//2704 2421//2707 331//2673 2400//2672
f 5541//2702 5542//2704 2400//2672 2399//2671
f 5540//2703 5541//2702 2399//2671 2398//2670
f 2418//2693 5540//2703 2398//2670 330//2669
f 2417//2692 5537//2699 5540//2703 2418//2693
f 2416//2691 5534//2696 5537//2699 2417//2692
f 5543//2708 5544//2709 5547//2710 5546//2711
f 5544//2709 5545//2712 5548//2713 5547//2710
f 5546//2711 5547//2710 5550//2714 5549//2715
f 5547//2710 5548//2713 5551//2716 5550//2714
f 335//58 450//1000 5543//2708 2419//2705
f 450//1000 449//999 5544//2709 5543//2708
f 449//999 448//998 5545//2712 5544//2709
f 448//998 336//997 2422//2717 5545//2712
f 5545//2712 2422//2717 2423//2718 5548//2713
f 5548//2713 2423//2718 2424//2719 5551//2716
f 5551//2716 2424//2719 332//2677 2406//2676
f 5550//2714 5551//2716 2406//2676 2405//2675
f 5549//2715 5550//2714 2405//2675 2404//2674
f 2421//2707 5549//2715 2404//2674 331//2673
f 2420//2706 5546//2711 5549//2715 2421//2707
f 2419//2705 5543//2708 5546//2711 2420//2706
f 5552//2720 5553//2721 5556//2722 5555//2723
f 5553//2721 5554//2724 5557//2725 5556//2722
f 5555//2723 5556//2722 5559//2726 5558//2727
f 5556//2722 5557//2725 5560//2728 5559//2726
f 336//997 454//1296 5552//2720 2422//2717
f 454//1296 455//1295 5553//2721 5552//2720
f 455//1295 456//1294 5554//2724 5553//2721
f 456//1294 333//1293 2415//2690 5554//2724
f 5554//2724 2415//2690 2414//2695 5557//2725
f 5557//2725 2414//2695 2413//2694 5560//2728
f 5560//2728 2413//2694 329//2665 2412//2680
f 5559//2726 5560//2728 2412//2680 2411//2679
f 5558//2727 5559//2726 2411//2679 2410//2678
f 2424//2719 5558//2727 2410//2678 332//2677
f 2423//2718 5555//2723 5558//2727 2424//2719
f 2422//2717 5552//2720 5555//2723 2423//2718
